qid;titre_fr;titre_en;univers;potentiel;accord;verdict;motif
"Q1356041";"";"Ern Malley";"arts";"10";"1";"grave";"article trop maigre ou disparu dans les deux langues"
"Q188433";"Apollo 12";"Apollo 12";"cosmos";"8";"1";"grave";"article introuvable sur Wikidata (supprimé ou fusionné)"
"Q182252";"Apollo 13";"Apollo 13";"cosmos";"8";"1";"grave";"article introuvable sur Wikidata (supprimé ou fusionné)"
"Q6950605";"";"Ariane flight V88";"sciences";"8";"5";"grave";"article introuvable sur Wikidata (supprimé ou fusionné)"
"Q140188";"Aristarque de Samos";"Aristarchus of Samos";"cosmos";"8";"0";"grave";"article introuvable sur Wikidata (supprimé ou fusionné)"
"Q47672";"Armée de terre cuite";"Terracotta Army";"arts";"8";"2";"grave";"article introuvable sur Wikidata (supprimé ou fusionné)"
"Q182040";"Aspartame";"Aspartame";"esprit";"8";"2";"grave";"article introuvable sur Wikidata (supprimé ou fusionné)"
"Q431214";"Atlantropa";"Atlantropa";"histoire";"8";"2";"grave";"article introuvable sur Wikidata (supprimé ou fusionné)"
"Q244959";"Baerle-Duc";"Baarle-Hertog";"histoire";"8";"1";"grave";"article introuvable sur Wikidata (supprimé ou fusionné)"
"Q181857";"Baie de Fundy";"Bay of Fundy";"terre";"8";"0";"grave";"article introuvable sur Wikidata (supprimé ou fusionné)"
"Q174652";"Balaena mysticetus";"Bowhead whale";"vivant";"8";"0";"grave";"article introuvable sur Wikidata (supprimé ou fusionné)"
"Q174651";"";"Bálint's syndrome";"esprit";"8";"0";"grave";"article introuvable sur Wikidata (supprimé ou fusionné)"
"Q808809";"Barrage de Malpasset";"Malpasset Dam";"sciences";"8";"3";"grave";"article introuvable sur Wikidata (supprimé ou fusionné)"
"Q202136";"Barry Marshall";"Barry Marshall";"esprit";"8";"1";"grave";"article introuvable sur Wikidata (supprimé ou fusionné)"
"Q134884";"Basilosaurus";"Basilosaurus";"vivant";"8";"1";"grave";"article introuvable sur Wikidata (supprimé ou fusionné)"
"Q1366514";"";"Bathynomus giganteus";"vivant";"8";"0";"grave";"article introuvable sur Wikidata (supprimé ou fusionné)"
"Q1543914";"Batrachochytrium dendrobatidis";"Batrachochytrium dendrobatidis";"vivant";"8";"2";"grave";"article introuvable sur Wikidata (supprimé ou fusionné)"
"Q661950";"Bazar de la Charité";"Bazar de la Charité";"histoire";"8";"2";"grave";"article introuvable sur Wikidata (supprimé ou fusionné)"
"Q559463";"Beagle 2";"Beagle 2";"cosmos";"8";"1";"grave";"article introuvable sur Wikidata (supprimé ou fusionné)"
"Q2895962";"Benjaman Kyle";"Benjaman Kyle";"mysteres";"8";"2";"grave";"article introuvable sur Wikidata (supprimé ou fusionné)"
"Q3270204";"Bibliopégie anthropodermique";"Anthropodermic bibliopegy";"arts";"8";"2";"grave";"article introuvable sur Wikidata (supprimé ou fusionné)"
"Q219660";"Bleu outremer";"Ultramarine";"arts";"8";"2";"grave";"article introuvable sur Wikidata (supprimé ou fusionné)"
"Q891027";"";"Boiling Lake";"terre";"8";"1";"grave";"article introuvable sur Wikidata (supprimé ou fusionné)"
"Q402";"Boson de Higgs";"Higgs boson";"sciences";"8";"1";"grave";"article introuvable sur Wikidata (supprimé ou fusionné)"
"Q4531796";"Bouran";"";"cosmos";"8";"0";"grave";"article introuvable sur Wikidata (supprimé ou fusionné)"
"Q181974";"Calendrier républicain";"French Republican calendar";"histoire";"8";"0";"grave";"article introuvable sur Wikidata (supprimé ou fusionné)"
"Q1031478";"Campo del Cielo";"Campo del Cielo";"cosmos";"8";"1";"grave";"article introuvable sur Wikidata (supprimé ou fusionné)"
"Q461457";"Canal de la mer Blanche";"White Sea–Baltic Canal";"histoire";"8";"1";"grave";"article introuvable sur Wikidata (supprimé ou fusionné)"
"Q2936154";"Canard de Vaucanson";"Digesting Duck";"arts";"8";"3";"grave";"article introuvable sur Wikidata (supprimé ou fusionné)"
"Q4894124";"Canular de Berners Street";"Berners Street hoax";"histoire";"8";"1";"grave";"article introuvable sur Wikidata (supprimé ou fusionné)"
"Q70538";"Carl Wilhelm Scheele";"Carl Wilhelm Scheele";"sciences";"8";"3";"grave";"article introuvable sur Wikidata (supprimé ou fusionné)"
"Q277670";"Carnyx";"Carnyx";"arts";"8";"0";"grave";"article introuvable sur Wikidata (supprimé ou fusionné)"
"Q41898";"Carré Sator";"Sator Square";"arts";"8";"1";"grave";"article introuvable sur Wikidata (supprimé ou fusionné)"
"Q1128599";"Carte de Piri Reis";"Piri Reis map";"arts";"8";"2";"grave";"article introuvable sur Wikidata (supprimé ou fusionné)"
"Q255819";"Casu martzu";"Casu martzu";"arts";"8";"4";"grave";"article introuvable sur Wikidata (supprimé ou fusionné)"
"Q486";"Catastrophe nucléaire de Tchernobyl";"Chernobyl disaster";"histoire";"8";"0";"grave";"article introuvable sur Wikidata (supprimé ou fusionné)"
"Q4176";"Cathédrale de Cologne";"Cologne Cathedral";"arts";"8";"0";"grave";"article introuvable sur Wikidata (supprimé ou fusionné)"
"Q418404";"CCR5";"CCR5";"esprit";"8";"0";"grave";"article introuvable sur Wikidata (supprimé ou fusionné)"
"Q1069110";"Syndrome de Cotard";"Cotard's syndrome";"esprit";"8";"1";"grave";"phrase trop courte (6 mots)"
"Q1082769";"Météorite de Nakhla";"";"cosmos";"7";"4";"grave";"article trop maigre ou disparu dans les deux langues"
"Q16678435";"Syncytine";"";"vivant";"7";"2";"grave";"article trop maigre ou disparu dans les deux langues"
"Q3180958";"Système de Law";"";"histoire";"7";"3";"grave";"article trop maigre ou disparu dans les deux langues"
"Q60027";"Milton Humason";"";"cosmos";"6";"2";"grave";"article trop maigre ou disparu dans les deux langues"
"Q3040";"Baie d'Hudson";"Hudson Bay";"terre";"10";"0";"doute";"la phrase ne partage aucun mot avec l'article"
"Q152872";"";"Ball's Pyramid";"terre";"10";"2";"doute";"renommé depuis la moisson → « Pyramide de Ball »"
"Q133600";"Banksy";"Banksy";"mysteres";"10";"0";"doute";"la phrase ne partage aucun mot avec l'article"
"Q7514916";"";"Bridgmanite";"terre";"10";"2";"doute";"renommé depuis la moisson → « Bridgmanite »"
"Q223085";"";"Football War";"histoire";"10";"5";"doute";"renommé depuis la moisson → « Guerre de Cent Heures »"
"Q433609";"Frédéric Bourdin";"";"mysteres";"10";"2";"doute";"renommé depuis la moisson → « Frédéric Bourdin »"
"Q18207282";"";"Future Library project";"arts";"10";"1";"doute";"renommé depuis la moisson → « Bibliothèque du futur »"
"Q43284";"Ginkgo biloba";"Ginkgo biloba";"vivant";"10";"0";"doute";"la phrase ne partage aucun mot avec l'article"
"Q748231";"Graneledone boreopacifica";"";"vivant";"10";"1";"doute";"renommé depuis la moisson → « Graneledone boreopacifica »"
"Q380146";"";"Graun im Vinschgau";"arts";"10";"2";"doute";"renommé depuis la moisson → « Curon Venosta »"
"Q730222";"";"Ham sandwich theorem";"sciences";"10";"3";"doute";"renommé depuis la moisson → « Théorème du sandwich au jambon »"
"Q44822";"Henry Gunther";"";"histoire";"10";"4";"doute";"renommé depuis la moisson → « Henry Gunther »"
"Q216876";"";"Hoba meteorite";"terre";"10";"5";"doute";"renommé depuis la moisson → « Météorite d'Hoba »"
"Q3143318";"";"Hunga Tonga–Hunga Haʻapai";"terre";"10";"2";"doute";"renommé depuis la moisson → « Hunga Tonga »"
"Q738556";"";"Iceberg B-15";"terre";"10";"4";"doute";"renommé depuis la moisson → « Iceberg B-15 »"
"Q497072";"Joseph Meister";"";"esprit";"10";"5";"doute";"renommé depuis la moisson → « Joseph Meister »"
"Q595140";"La Disparition (roman)";"";"arts";"10";"6";"doute";"renommé depuis la moisson → « La Disparition (roman) »"
"Q1544731";"";"Lake Peigneur";"terre";"10";"1";"doute";"renommé depuis la moisson → « Lac Peigneur »"
"Q7604";"Leonhard Euler";"Leonhard Euler";"sciences";"10";"0";"doute";"la phrase ne partage aucun mot avec l'article"
"Q16570";"";"Lonesome George";"vivant";"10";"2";"doute";"renommé depuis la moisson → « Georges le solitaire »"
"Q2564923";"Météorite de Sylacauga";"";"mysteres";"10";"2";"doute";"renommé depuis la moisson → « Météorite de Sylacauga »"
"Q649549";"";"Nine-banded armadillo";"vivant";"10";"0";"doute";"renommé depuis la moisson → « Dasypus novemcinctus »"
"Q746787";"Ol Doinyo Lengaï";"Ol Doinyo Lengai";"terre";"10";"0";"doute";"la phrase ne partage aucun mot avec l'article"
"Q434846";"";"Roy Sullivan";"histoire";"10";"0";"doute";"la phrase ne partage aucun mot avec l'article"
"Q350420";"";"Salomon August Andrée";"histoire";"10";"3";"doute";"renommé depuis la moisson → « Salomon August Andrée »"
"Q1049";"Soudan";"Sudan";"vivant";"10";"0";"doute";"la phrase ne partage aucun mot avec l'article"
"Q36931";"";"Ubykh language";"arts";"10";"1";"doute";"renommé depuis la moisson → « Oubykh »"
"Q1192659";"";"Vela incident";"histoire";"10";"8";"doute";"renommé depuis la moisson → « Incident Vela »"
"Q2060108";"";"Vexations";"arts";"10";"3";"doute";"renommé depuis la moisson → « Vexations »"
"Q1421821";"";"A Hundred Thousand Billion Poems";"arts";"9";"4";"doute";"renommé depuis la moisson → « Cent mille milliards de poèmes »"
"Q2745712";"Aïn Sefra";"Aïn Séfra";"terre";"9";"0";"doute";"la phrase ne partage aucun mot avec l'article"
"Q504969";"Alessandro Moreschi";"";"arts";"9";"1";"doute";"renommé depuis la moisson → « Alessandro Moreschi »"
"Q133818";"";"Angraecum sesquipedale";"vivant";"9";"1";"doute";"renommé depuis la moisson → « Angraecum sesquipedale »"
"Q273314";"Antonio Meucci";"Antonio Meucci";"sciences";"9";"0";"doute";"la phrase ne partage aucun mot avec l'article"
"Q674275";"";"Arctic ground squirrel";"vivant";"9";"0";"doute";"renommé depuis la moisson → « Urocitellus parryii »"
"Q662865";"";"Baalbek Stones";"arts";"9";"3";"doute";"renommé depuis la moisson → « Pierre de la femme enceinte »"
"Q641998";"Beurre de tourbière";"";"arts";"9";"3";"doute";"renommé depuis la moisson → « Beurre de tourbière »"
"Q863253";"";"Billy Tipton";"mysteres";"9";"2";"doute";"renommé depuis la moisson → « Billy Tipton »"
"Q25112525";"Bleu YInMn";"";"arts";"9";"1";"doute";"renommé depuis la moisson → « Bleu YInMn »"
"Q885118";"";"Blood Falls";"terre";"9";"2";"doute";"renommé depuis la moisson → « Blood Falls »"
"Q762850";"";"Bogosort";"sciences";"9";"1";"doute";"renommé depuis la moisson → « Tri stupide »"
"Q860979";"";"Boomerang Nebula";"cosmos";"9";"0";"doute";"renommé depuis la moisson → « Nébuleuse du Boomerang »"
"Q3274052";"";"Bouba/kiki effect";"esprit";"9";"2";"doute";"renommé depuis la moisson → « Effet bouba-kiki »"
"Q2026998";"";"Burning Mountain";"terre";"9";"2";"doute";"renommé depuis la moisson → « Burning Mountain »"
"Q2963649";"Chimane (ethnie)";"Tsimané";"esprit";"9";"0";"doute";"la phrase ne partage aucun mot avec l'article"
"Q188803";"";"Christiaan Barnard";"esprit";"9";"1";"doute";"renommé depuis la moisson → « Christiaan Barnard »"
"Q5119329";"Cicada 3301";"Cicada 3301";"mysteres";"9";"0";"doute";"la phrase ne partage aucun mot avec l'article"
"Q129809";"";"Coral Castle";"arts";"9";"0";"doute";"renommé depuis la moisson → « Château de Corail »"
"Q267735";"Corneille d'Amérique";"American crow";"vivant";"9";"0";"doute";"la phrase ne partage aucun mot avec l'article"
"Q18873";"";"Cymothoa exigua";"vivant";"9";"2";"doute";"renommé depuis la moisson → « Cymothoa exigua »"
"Q133548";"Desulforudis audaxviator";"";"vivant";"9";"5";"doute";"renommé depuis la moisson → « Desulforudis audaxviator »"
"Q20117";"";"Dihydrogen monoxide parody";"sciences";"9";"0";"doute";"renommé depuis la moisson → « Mystification du monoxyde de dihydrogène »"
"Q284340";"";"Dobšiná Ice Cave";"terre";"9";"2";"doute";"renommé depuis la moisson → « Grotte de glace de Dobšiná »"
"Q1243683";"";"Dorabella Cipher";"mysteres";"9";"2";"doute";"renommé depuis la moisson → « Chiffre de Dorabella »"
"Q519756";"";"El Tatio";"terre";"9";"3";"doute";"renommé depuis la moisson → « El Tatio »"
"Q1989057";"";"Encephalartos woodii";"vivant";"9";"1";"doute";"renommé depuis la moisson → « Encephalartos woodii »"
"Q2305641";"";"Eunice aphroditois";"vivant";"9";"0";"doute";"renommé depuis la moisson → « Eunice aphroditois »"
"Q5417058";"";"Everett Ruess";"mysteres";"9";"2";"doute";"renommé depuis la moisson → « Everett Ruess »"
"Q327968";"Expression faciale";"Facial expression";"esprit";"9";"0";"doute";"la phrase ne partage aucun mot avec l'article"
"Q1136743";"Fées de Cottingley";"Cottingley Fairies";"histoire";"9";"0";"doute";"la phrase ne partage aucun mot avec l'article"
"Q1472649";"";"Fox tossing";"histoire";"9";"2";"doute";"renommé depuis la moisson → « Lancer de renard »"
"Q842110";"Gliese 436 b";"Gliese 436 b";"cosmos";"9";"0";"doute";"la phrase ne partage aucun mot avec l'article"
"Q670143";"";"Golden lancehead";"vivant";"9";"1";"doute";"renommé depuis la moisson → « Jararaca-ilhoa »"
"Q15903";"Grotte de Postojna";"Postojna Cave";"terre";"9";"0";"doute";"la phrase ne partage aucun mot avec l'article"
"Q116197048";"Hallucination (intelligence artificielle)";"Hallucination (artificial intelligence)";"esprit";"9";"0";"doute";"la phrase ne partage aucun mot avec l'article"
"Q16864704";"";"Henri-Georges Clouzot's Inferno";"arts";"9";"0";"doute";"renommé depuis la moisson → « L'Enfer d'Henri-Georges Clouzot »"
"Q428895";"Hydrogène métallique";"Metallic hydrogen";"sciences";"9";"0";"doute";"la phrase ne partage aucun mot avec l'article"
"Q754936";"";"IC 1101";"cosmos";"9";"1";"doute";"renommé depuis la moisson → « IC 1101 »"
"Q23408";"Île Bouvet";"Bouvet Island";"terre";"9";"0";"doute";"la phrase ne partage aucun mot avec l'article"
"Q28124603";"";"Indiana Bell Building";"arts";"9";"0";"doute";"la phrase ne partage aucun mot avec l'article"
"Q427676";"";"Interrobang";"arts";"9";"5";"doute";"renommé depuis la moisson → « Point exclarrogatif »"
"Q186447";"James Webb (télescope spatial)";"James Webb Space Telescope";"cosmos";"9";"0";"doute";"la phrase ne partage aucun mot avec l'article"
"Q17754";"";"Janus (moon)";"cosmos";"9";"2";"doute";"renommé depuis la moisson → « Janus (lune) »"
"Q711954";"";"John Stapp";"sciences";"9";"0";"doute";"renommé depuis la moisson → « John Paul Stapp »"
"Q1147168";"";"La Brea Tar Pits";"terre";"9";"1";"doute";"renommé depuis la moisson → « La Brea Tar Pits »"
"Q1768570";"";"Labord's chameleon";"vivant";"9";"0";"doute";"renommé depuis la moisson → « Furcifer labordi »"
"Q1891077";"";"Lake Monoun";"terre";"9";"1";"doute";"renommé depuis la moisson → « Lac Monoun »"
"Q1868889";"";"London Bridge (Lake Havasu City)";"arts";"9";"3";"doute";"renommé depuis la moisson → « London Bridge (Lake Havasu City) »"
"Q1648468";"";"Longplayer";"arts";"9";"1";"doute";"renommé depuis la moisson → « Longplayer »"
"Q739692";"";"Michel Lotito";"mysteres";"9";"0";"doute";"renommé depuis la moisson → « Monsieur Mangetout »"
"Q1418152";"";"Moebius syndrome";"esprit";"9";"1";"doute";"renommé depuis la moisson → « Syndrome de Möbius »"
"Q3346128";"";"Monorhaphis chuni";"vivant";"9";"0";"doute";"renommé depuis la moisson → « Monorhaphis chuni »"
"Q139931";"Mort thermique de l'Univers";"Heat death of the universe";"cosmos";"9";"0";"doute";"la phrase ne partage aucun mot avec l'article"
"Q1139062";"Mur de la peste";"";"histoire";"9";"4";"doute";"renommé depuis la moisson → « Mur de la peste »"
"Q29630";"";"Myostatin";"esprit";"9";"1";"doute";"renommé depuis la moisson → « Myostatine »"
"Q124115";"Niels Henrik Abel";"Niels Henrik Abel";"sciences";"9";"0";"doute";"la phrase ne partage aucun mot avec l'article"
"Q2404303";"";"Nobuo Fujita";"histoire";"9";"1";"doute";"renommé depuis la moisson → « Nobuo Fujita »"
"Q56436";"";"Nüshu";"arts";"9";"2";"doute";"renommé depuis la moisson → « Nüshu »"
"Q672854";"";"Palmaris longus muscle";"esprit";"9";"1";"doute";"renommé depuis la moisson → « Muscle long palmaire »"
"Q921090";"";"Pando (tree)";"vivant";"9";"0";"doute";"renommé depuis la moisson → « Pando (arbre) »"
"Q1116374";"";"Pinus longaeva";"vivant";"9";"1";"doute";"renommé depuis la moisson → « Pin Bristlecone »"
"Q22133699";"";"Planet Nine";"cosmos";"9";"0";"doute";"renommé depuis la moisson → « Planète Neuf »"
"Q1427489";"Pont de Québec";"Quebec Bridge";"sciences";"9";"0";"doute";"la phrase ne partage aucun mot avec l'article"
"Q5180360";"Pourpre de Tyr";"Tyrian purple";"arts";"9";"0";"doute";"la phrase ne partage aucun mot avec l'article"
"Q13706";"Principauté de Sealand";"Principality of Sealand";"histoire";"9";"0";"doute";"la phrase ne partage aucun mot avec l'article"
"Q213098";"Progéria";"Progeria";"esprit";"9";"0";"doute";"la phrase ne partage aucun mot avec l'article"
"Q7263664";"";"Pyrolobus fumarii";"vivant";"9";"2";"doute";"renommé depuis la moisson → « Pyrolobus fumarii »"
"Q475179";"Randy Gardner";"";"esprit";"9";"0";"doute";"renommé depuis la moisson → « Randy Gardner »"
"Q535297";"";"Rationing in the United Kingdom";"histoire";"9";"3";"doute";"renommé depuis la moisson → « Rationnement au Royaume-Uni »"
"Q1268029";"Rayon N";"";"sciences";"9";"2";"doute";"renommé depuis la moisson → « Rayon N »"
"Q436648";"";"Richey Edwards";"mysteres";"9";"5";"doute";"renommé depuis la moisson → « Richey Edwards »"
"Q13203";"Rotokas";"";"arts";"9";"6";"doute";"renommé depuis la moisson → « Rotokas »"
"Q4118844";"";"Sack of Baltimore";"histoire";"9";"4";"doute";"renommé depuis la moisson → « Sac de Baltimore »"
"Q48435";"Sagrada Família";"Sagrada Família";"arts";"9";"0";"doute";"la phrase ne partage aucun mot avec l'article"
"Q126683";"Saïga";"Saiga antelope";"vivant";"9";"0";"doute";"la phrase ne partage aucun mot avec l'article"
"Q513821";"";"Sedlec Ossuary";"arts";"9";"0";"doute";"renommé depuis la moisson → « Ossuaire de Sedlec »"
"Q148532";"Sensitive";"Mimosa pudica";"vivant";"9";"0";"doute";"la phrase ne partage aucun mot avec l'article"
"Q7487374";"Sham (chirurgie)";"Sham surgery";"esprit";"9";"0";"doute";"la phrase ne partage aucun mot avec l'article"
"Q1191396";"";"Shepard tone";"esprit";"9";"1";"doute";"renommé depuis la moisson → « Gamme de Shepard »"
"Q170754";"";"Solar corona";"cosmos";"9";"2";"doute";"renommé depuis la moisson → « Couronne solaire »"
"Q756442";"";"Stone of Scone";"histoire";"9";"3";"doute";"renommé depuis la moisson → « Pierre du destin »"
"Q647227";"Super-Kamiokande";"Super-Kamiokande";"sciences";"9";"0";"doute";"la phrase ne partage aucun mot avec l'article"
"Q15809070";"Sursaut radio rapide";"Fast radio burst";"cosmos";"9";"0";"doute";"la phrase ne partage aucun mot avec l'article"
"Q425832";"Système Rhésus";"Rh blood group system";"esprit";"9";"0";"doute";"la phrase ne partage aucun mot avec l'article"
"Q2157202";"";"The Just Judges";"arts";"9";"4";"doute";"renommé depuis la moisson → « Les Juges intègres »"
"Q2346348";"Thérèse Humbert";"";"histoire";"9";"1";"doute";"renommé depuis la moisson → « Thérèse Humbert »"
"Q17579";"";"Tsutomu Yamaguchi";"histoire";"9";"4";"doute";"renommé depuis la moisson → « Tsutomu Yamaguchi »"
"Q1271948";"Turkish Star Wars";"Dünyayı Kurtaran Adam";"arts";"9";"0";"doute";"la phrase ne partage aucun mot avec l'article"
"Q174199";"Tursiops truncatus";"Common bottlenose dolphin";"vivant";"9";"0";"doute";"la phrase ne partage aucun mot avec l'article"
"Q182524";"";"Vostok 1";"cosmos";"9";"1";"doute";"renommé depuis la moisson → « Vostok 1 »"
"Q668921";"";"West Indian Ocean coelacanth";"vivant";"9";"2";"doute";"renommé depuis la moisson → « Latimeria chalumnae »"
"Q557077";"";"Whakaari / White Island";"terre";"9";"1";"doute";"renommé depuis la moisson → « Whakaari/White Island »"
"Q57461";"";"Wilhelm Gustloff";"histoire";"9";"0";"doute";"renommé depuis la moisson → « Wilhelm Gustloff »"
"Q190510";"";"Wollemia nobilis";"vivant";"9";"2";"doute";"renommé depuis la moisson → « Wollemia nobilis »"
"Q8032495";"";"Woodchester Mansion";"arts";"9";"0";"doute";"la phrase ne partage aucun mot avec l'article"
"Q407741";"Youri Knorozov";"Yuri Knorozov";"arts";"9";"0";"doute";"la phrase ne partage aucun mot avec l'article"
"Q372945";"";"Zond 5";"cosmos";"9";"0";"doute";"renommé depuis la moisson → « Zond 5 »"
"Q212618";"";"1960 Valdivia earthquake";"terre";"8";"2";"doute";"renommé depuis la moisson → « Séisme de 1960 à Valdivia »"
"Q2822496";"";"Acanthaspis petax";"vivant";"8";"0";"doute";"renommé depuis la moisson → « Acanthaspis petax »"
"Q279012";"";"Agloe, New York";"mysteres";"8";"0";"doute";"renommé depuis la moisson → « Agloe »"
"Q220322";"Agnosie";"Agnosia";"esprit";"8";"0";"doute";"la phrase ne partage aucun mot avec l'article"
"Q126708884";"";"Alan MacMasters hoax";"sciences";"8";"4";"doute";"renommé depuis la moisson → « Alan MacMasters »"
"Q174979";"Alan Shepard";"Alan Shepard";"cosmos";"8";"0";"doute";"la phrase ne partage aucun mot avec l'article"
"Q223797";"Alexander Selkirk";"Alexander Selkirk";"histoire";"8";"0";"doute";"la phrase ne partage aucun mot avec l'article"
"Q23810";"Alfred Nobel";"Alfred Nobel";"histoire";"8";"0";"doute";"la phrase ne partage aucun mot avec l'article"
"Q431224";"";"Amorphophallus titanum";"vivant";"8";"3";"doute";"renommé depuis la moisson → « Arum titan »"
"Q58213413";"";"Angus Barbieri's fast";"mysteres";"8";"0";"doute";"la phrase ne partage aucun mot avec l'article"
"Q139796";"";"Anophthalmus hitleri";"vivant";"8";"1";"doute";"renommé depuis la moisson → « Anophthalmus hitleri »"
"Q4770573";"";"Ansel Bourne";"esprit";"8";"0";"doute";"la phrase ne partage aucun mot avec l'article"
"Q857320";"";"Biela's Comet";"cosmos";"8";"0";"doute";"renommé depuis la moisson → « 3D/Biela »"
"Q234909";"Cecilia Payne-Gaposchkin";"Cecilia Payne-Gaposchkin";"sciences";"8";"0";"doute";"la phrase ne partage aucun mot avec l'article"
"Q2464312";"Cerveau d'Albert Einstein";"Brain of Albert Einstein";"esprit";"8";"0";"doute";"la phrase ne partage aucun mot avec l'article"
"Q332774";"Chambre anéchoïque";"Anechoic chamber";"sciences";"8";"0";"doute";"la phrase ne partage aucun mot avec l'article"
"Q1412616";"";"Channichthyidae";"vivant";"8";"0";"doute";"renommé depuis la moisson → « Channichthyidae »"
"Q663109";"Charivari (rituel)";"Charivari";"histoire";"8";"0";"doute";"la phrase ne partage aucun mot avec l'article"
"Q36174";"Charles II (roi d'Espagne)";"Charles II of Spain";"histoire";"8";"0";"doute";"la phrase ne partage aucun mot avec l'article"
"Q5083115";"";"Charles Vance Millar";"histoire";"8";"0";"doute";"la phrase ne partage aucun mot avec l'article"
"Q190232";"";"Clyde Tombaugh";"cosmos";"8";"0";"doute";"renommé depuis la moisson → « Clyde William Tombaugh »"
"Q23054";"Comète de Halley";"Halley's Comet";"cosmos";"8";"0";"doute";"la phrase ne partage aucun mot avec l'article"
"Q930457";"";"Common poorwill";"vivant";"8";"2";"doute";"renommé depuis la moisson → « Engoulevent de Nuttall »"
"Q220414";"";"Common Surinam toad";"vivant";"8";"1";"doute";"renommé depuis la moisson → « Pipa pipa »"
"Q5975413";"";"Copidosoma floridanum";"vivant";"8";"0";"doute";"la phrase ne partage aucun mot avec l'article"
"Q5308584";"";"Drosophila bifurca";"vivant";"8";"0";"doute";"renommé depuis la moisson → « Drosophila bifurca »"
"Q798506";"";"Edwin Booth";"histoire";"8";"2";"doute";"renommé depuis la moisson → « Edwin Booth »"
"Q4202";"Étoile à neutrons";"Neutron star";"cosmos";"8";"0";"doute";"la phrase ne partage aucun mot avec l'article"
"Q3106901";"";"Exploding head syndrome";"esprit";"8";"2";"doute";"renommé depuis la moisson → « Syndrome de la tête qui explose »"
"Q1386318";"F. D. C. Willard";"";"sciences";"8";"3";"doute";"renommé depuis la moisson → « F. D. C. Willard »"
"Q1976257";"";"Four-eyed fish";"vivant";"8";"0";"doute";"renommé depuis la moisson → « Anableps »"
"Q5557046";"";"Ghost Army";"histoire";"8";"0";"doute";"la phrase ne partage aucun mot avec l'article"
"Q53752";"";"Glass frog";"vivant";"8";"0";"doute";"renommé depuis la moisson → « Centrolenidae »"
"Q370444";"";"Greenland shark";"vivant";"8";"0";"doute";"renommé depuis la moisson → « Requin du Groenland »"
"Q28270";"";"Ham (chimpanzee)";"cosmos";"8";"3";"doute";"renommé depuis la moisson → « Ham (chimpanzé) »"
"Q695224";"HD 189733 b";"HD 189733 b";"cosmos";"8";"0";"doute";"la phrase ne partage aucun mot avec l'article"
"Q3132652";"";"Henry Box Brown";"histoire";"8";"2";"doute";"renommé depuis la moisson → « Henry Box Brown »"
"Q18627";"HM (patient)";"Henry Molaison";"esprit";"8";"0";"doute";"la phrase ne partage aucun mot avec l'article"
"Q127470";"Holothurie";"Sea cucumber";"vivant";"8";"0";"doute";"la phrase ne partage aucun mot avec l'article"
"Q695052";"Hyperinflation de la république de Weimar";"Hyperinflation in the Weimar Republic";"histoire";"8";"0";"doute";"la phrase ne partage aucun mot avec l'article"
"Q168776";"";"Ibrahim (Ottoman sultan)";"histoire";"8";"2";"doute";"renommé depuis la moisson → « Ibrahim Ier »"
"Q16120612";"John Darwin";"John Darwin (historian)";"histoire";"8";"0";"doute";"la phrase ne partage aucun mot avec l'article"
"Q403394";"";"Juan Pujol García";"histoire";"8";"2";"doute";"renommé depuis la moisson → « Joan Pujol Garcia »"
"Q90657516";"";"KELT-9b";"cosmos";"8";"1";"doute";"renommé depuis la moisson → « KELT-9 b »"
"Q296790";"Kim Peek";"Kim Peek";"esprit";"8";"0";"doute";"la phrase ne partage aucun mot avec l'article"
"Q569198";"";"Kosmos 954";"cosmos";"8";"5";"doute";"renommé depuis la moisson → « Cosmos 954 »"
"Q1797842";"";"LAGEOS";"cosmos";"8";"1";"doute";"renommé depuis la moisson → « LAGEOS »"
"Q1345427";"";"Lal Bihari";"histoire";"8";"2";"doute";"renommé depuis la moisson → « Lal Bihari »"
"Q161528";"";"Large blue";"vivant";"8";"0";"doute";"renommé depuis la moisson → « Azuré du serpolet »"
"Q134358";"";"Lineus longissimus";"vivant";"8";"0";"doute";"renommé depuis la moisson → « Ver lacet »"
"Q18028670";"";"LRP5";"esprit";"8";"0";"doute";"la phrase ne partage aucun mot avec l'article"
"Q272504";"Marcus Garvey";"Marcus Garvey";"histoire";"8";"0";"doute";"la phrase ne partage aucun mot avec l'article"
"Q7186";"Marie Curie";"Marie Curie";"histoire";"8";"0";"doute";"la phrase ne partage aucun mot avec l'article"
"Q305970";"";"Mary River turtle";"vivant";"8";"1";"doute";"renommé depuis la moisson → « Elusor macrurus »"
"Q19574";"";"Neso (moon)";"cosmos";"8";"3";"doute";"renommé depuis la moisson → « Néso (lune) »"
"Q334206";"";"New Caledonian crow";"vivant";"8";"1";"doute";"renommé depuis la moisson → « Corbeau calédonien »"
"Q48461";"New Horizons";"New Horizons";"cosmos";"8";"0";"doute";"la phrase ne partage aucun mot avec l'article"
"Q214926";"Nikolaï Vavilov";"Nikolai Vavilov";"histoire";"8";"0";"doute";"la phrase ne partage aucun mot avec l'article"
"Q43735";"";"Odontodactylus scyllarus";"vivant";"8";"0";"doute";"renommé depuis la moisson → « Squille multicolore »"
"Q580394";"";"OJ 287";"cosmos";"8";"3";"doute";"renommé depuis la moisson → « OJ 287 »"
"Q2031059";"Orlando Serrell";"";"esprit";"8";"5";"doute";"renommé depuis la moisson → « Orlando Serrell »"
"Q287253";"";"Osedax";"vivant";"8";"1";"doute";"renommé depuis la moisson → « Osedax »"
"Q411216";"Phénylthiocarbamide";"Phenylthiocarbamide";"esprit";"8";"0";"doute";"la phrase ne partage aucun mot avec l'article"
"Q7547";"";"Phobos (moon)";"cosmos";"8";"1";"doute";"renommé depuis la moisson → « Phobos (lune) »"
"Q149943";"";"Polypedilum vanderplanki";"vivant";"8";"0";"doute";"renommé depuis la moisson → « Polypedilum vanderplanki »"
"Q271759";"Porphyrie";"Porphyria";"esprit";"8";"0";"doute";"la phrase ne partage aucun mot avec l'article"
"Q898068";"Projet Pigeon";"";"histoire";"8";"6";"doute";"renommé depuis la moisson → « Projet Pigeon »"
"Q621882";"Projet West Ford";"";"cosmos";"8";"5";"doute";"renommé depuis la moisson → « Projet West Ford »"
"Q39086826";"";"Ramisyllis multicaudata";"vivant";"8";"0";"doute";"la phrase ne partage aucun mot avec l'article"
"Q5017285";"";"Ramosmania rodriguesii";"vivant";"8";"0";"doute";"la phrase ne partage aucun mot avec l'article"
"Q184224";"Rattus norvegicus";"Brown rat";"vivant";"8";"0";"doute";"la phrase ne partage aucun mot avec l'article"
"Q2393278";"";"Republic of Cospaia";"histoire";"8";"2";"doute";"renommé depuis la moisson → « République de Cospaia »"
"Q142968";"";"Rhizanthella gardneri";"vivant";"8";"0";"doute";"renommé depuis la moisson → « Rhizanthella gardneri »"
"Q1112110";"";"Roopkund";"terre";"8";"2";"doute";"renommé depuis la moisson → « Roopkund »"
"Q310792";"";"Silene stenophylla";"vivant";"8";"0";"doute";"renommé depuis la moisson → « Silene stenophylla »"
"Q903412";"";"Soyuz T-13";"cosmos";"8";"1";"doute";"renommé depuis la moisson → « Soyouz T-13 »"
"Q3007063";"";"Sphenodon punctatus";"vivant";"8";"0";"doute";"renommé depuis la moisson → « Sphenodon punctatus »"
"Q2443167";"";"Spithead and Nore mutinies";"histoire";"8";"1";"doute";"renommé depuis la moisson → « Mutineries de Spithead et de Nore »"
"Q1376201";"";"Stigler's law of eponymy";"sciences";"8";"5";"doute";"renommé depuis la moisson → « Loi de Stigler »"
"Q1130275";"";"Swedish calendar";"histoire";"8";"4";"doute";"renommé depuis la moisson → « Calendrier suédois »"
"Q911160";"Syndrome de Ganser";"Ganser syndrome";"esprit";"8";"0";"doute";"la phrase ne partage aucun mot avec l'article"
"Q13258";"Synesthésie";"Synesthesia";"esprit";"8";"0";"doute";"la phrase ne partage aucun mot avec l'article"
"Q557985";"";"T Coronae Borealis";"cosmos";"8";"2";"doute";"renommé depuis la moisson → « T Coronae Borealis »"
"Q757402";"";"Tanimbar corella";"vivant";"8";"0";"doute";"renommé depuis la moisson → « Cacatoès de Goffin »"
"Q25173";"Titanic";"Titanic";"histoire";"8";"0";"doute";"la phrase ne partage aucun mot avec l'article"
"Q4041588";"TrES-2 b";"TrES-2b";"cosmos";"8";"0";"doute";"la phrase ne partage aucun mot avec l'article"
"Q2459918";"";"Tunnel 57";"histoire";"8";"5";"doute";"renommé depuis la moisson → « Tunnel 57 »"
"Q152800";"";"Venera 7";"cosmos";"8";"2";"doute";"renommé depuis la moisson → « Venera 7 »"
"Q155825";"";"Venus flytrap";"vivant";"8";"1";"doute";"renommé depuis la moisson → « Dionée attrape-mouche »"
"Q16664406";"";"WISE 0855−0714";"cosmos";"8";"0";"doute";"renommé depuis la moisson → « WISE 0855–0714 »"
"Q1055802";"";"Wojtek";"histoire";"8";"4";"doute";"renommé depuis la moisson → « Wojtek »"
"Q4666317";"";"Wood frog";"vivant";"8";"0";"doute";"renommé depuis la moisson → « Grenouille des bois »"
"Q11559";"";"10199 Chariklo";"cosmos";"7";"1";"doute";"renommé depuis la moisson → « (10199) Chariclo »"
"Q67328765";"";"2I/Borisov";"cosmos";"7";"5";"doute";"renommé depuis la moisson → « 2I/Borissov »"
"Q208682";"Albatros hurleur";"Wandering albatross";"vivant";"7";"0";"doute";"la phrase ne partage aucun mot avec l'article"
"Q154269";"Alexeï Leonov";"Alexei Leonov";"cosmos";"7";"0";"doute";"la phrase ne partage aucun mot avec l'article"
"Q139978";"";"Amphioctopus marginatus";"vivant";"7";"0";"doute";"renommé depuis la moisson → « Amphioctopus marginatus »"
"Q6193348";"";"Amphiprion";"vivant";"7";"1";"doute";"renommé depuis la moisson → « Amphiprion »"
"Q201235";"Anguille électrique";"Electrophorus electricus";"vivant";"7";"0";"doute";"la phrase ne partage aucun mot avec l'article"
"Q296198";"";"APM 08279+5255";"cosmos";"7";"1";"doute";"renommé depuis la moisson → « APM 08279+5255 »"
"Q3620646";"";"ApoA-I Milano";"esprit";"7";"0";"doute";"la phrase ne partage aucun mot avec l'article"
"Q39514";"";"Argonauta argo";"vivant";"7";"0";"doute";"renommé depuis la moisson → « Argonauta argo »"
"Q28367";"Asperge";"Asparagus";"esprit";"7";"0";"doute";"la phrase ne partage aucun mot avec l'article"
"Q4627";"Aymara";"Aymara language";"esprit";"7";"0";"doute";"la phrase ne partage aucun mot avec l'article"
"Q804127";"Bajau";"Sama-Bajau";"esprit";"7";"0";"doute";"la phrase ne partage aucun mot avec l'article"
"Q191125";"";"Bar-headed goose";"vivant";"7";"0";"doute";"renommé depuis la moisson → « Oie à tête barrée »"
"Q430301";"Bdelloida";"Bdelloidea";"vivant";"7";"0";"doute";"la phrase ne partage aucun mot avec l'article"
"Q12124";"Bételgeuse";"Betelgeuse";"cosmos";"7";"0";"doute";"la phrase ne partage aucun mot avec l'article"
"Q18046111";"";"BHLHE41";"esprit";"7";"0";"doute";"la phrase ne partage aucun mot avec l'article"
"Q208935";"";"Bullet Cluster";"cosmos";"7";"1";"doute";"renommé depuis la moisson → « Amas de la Balle »"
"Q526278";"";"C/2011 W3 (Lovejoy)";"cosmos";"7";"1";"doute";"renommé depuis la moisson → « C/2011 W3 (Lovejoy) »"
"Q875660";"Canaux martiens";"Martian canals";"cosmos";"7";"0";"doute";"la phrase ne partage aucun mot avec l'article"
"Q1035725";"";"Cardiff Giant";"histoire";"7";"2";"doute";"renommé depuis la moisson → « Géant de Cardiff »"
"Q6604";"";"Charon (moon)";"cosmos";"7";"1";"doute";"renommé depuis la moisson → « Charon (lune) »"
"Q493965";"";"Childhood amnesia";"esprit";"7";"2";"doute";"renommé depuis la moisson → « Amnésie infantile »"
"Q940337";"Cimex lectularius";"Cimex lectularius";"vivant";"7";"0";"doute";"la phrase ne partage aucun mot avec l'article"
"Q1142785";"";"Clark's nutcracker";"vivant";"7";"0";"doute";"renommé depuis la moisson → « Cassenoix d'Amérique »"
"Q1757951";"";"Clathrus archeri";"vivant";"7";"0";"doute";"renommé depuis la moisson → « Anthurus d'Archer »"
"Q217227";"";"Claviceps purpurea";"vivant";"7";"2";"doute";"renommé depuis la moisson → « Ergot du seigle »"
"Q724948";"";"Clive Wearing";"esprit";"7";"0";"doute";"la phrase ne partage aucun mot avec l'article"
"Q547663";"Condylura cristata";"Star-nosed mole";"vivant";"7";"0";"doute";"la phrase ne partage aucun mot avec l'article"
"Q1780734";"";"Conus geographus";"vivant";"7";"0";"doute";"renommé depuis la moisson → « Conus geographus »"
"Q18845";"Coucou gris";"Common cuckoo";"vivant";"7";"0";"doute";"la phrase ne partage aucun mot avec l'article"
"Q1207405";"";"Decimal time";"histoire";"7";"2";"doute";"renommé depuis la moisson → « Temps décimal »"
"Q83177";"Dépersonnalisation";"Depersonalization";"esprit";"7";"0";"doute";"la phrase ne partage aucun mot avec l'article"
"Q904206";"Dermatoglyphe";"Dermatoglyphics";"esprit";"7";"0";"doute";"la phrase ne partage aucun mot avec l'article"
"Q300981";"Desmodus rotundus";"Common vampire bat";"vivant";"7";"0";"doute";"la phrase ne partage aucun mot avec l'article"
"Q21053";"Dicrocoelium dendriticum";"";"vivant";"7";"3";"doute";"renommé depuis la moisson → « Dicrocoelium dendriticum »"
"Q134351";"Dictyostelium discoideum";"Dictyostelium discoideum";"vivant";"7";"0";"doute";"la phrase ne partage aucun mot avec l'article"
"Q10475391";"";"Dolania americana";"vivant";"7";"0";"doute";"renommé depuis la moisson → « Dolania americana »"
"Q434281";"Douglas Mawson";"Douglas Mawson";"histoire";"7";"0";"doute";"la phrase ne partage aucun mot avec l'article"
"Q150870";"";"Euprymna scolopes";"vivant";"7";"0";"doute";"renommé depuis la moisson → « Euprymna scolopes »"
"Q862872";"";"Fatal insomnia";"esprit";"7";"1";"doute";"renommé depuis la moisson → « Insomnie fatale familiale »"
"Q40095";"";"Frégate Island";"vivant";"7";"0";"doute";"renommé depuis la moisson → « Île de Frégate »"
"Q550093";"";"Gastric-brooding frog";"vivant";"7";"0";"doute";"renommé depuis la moisson → « Rheobatrachus »"
"Q751784";"";"Giant clam";"vivant";"7";"1";"doute";"renommé depuis la moisson → « Tridacne géant »"
"Q1077705";"";"Great bowerbird";"vivant";"7";"1";"doute";"renommé depuis la moisson → « Jardinier à nuque rose »"
"Q488790";"Guugu Yimidhirr (peuple)";"Guugu Yimithirr people";"esprit";"7";"0";"doute";"la phrase ne partage aucun mot avec l'article"
"Q1028620";"";"Hairy frog";"vivant";"7";"0";"doute";"renommé depuis la moisson → « Trichobatrachus robustus »"
"Q5629290";"";"HD 140283";"cosmos";"7";"2";"doute";"renommé depuis la moisson → « HD 140283 »"
"Q2717111";"";"Helicodiceros muscivorus";"vivant";"7";"0";"doute";"renommé depuis la moisson → « Helicodiceros muscivorus »"
"Q188660";"Hoazin huppé";"Hoatzin";"vivant";"7";"0";"doute";"la phrase ne partage aucun mot avec l'article"
"Q232619";"";"Hooded pitohui";"vivant";"7";"0";"doute";"renommé depuis la moisson → « Pitohui bicolore »"
"Q1908340";"";"Hydnellum peckii";"vivant";"7";"1";"doute";"renommé depuis la moisson → « Hydnellum peckii »"
"Q15037";"Hypérion (lune)";"";"cosmos";"7";"0";"doute";"renommé depuis la moisson → « Hypérion (lune) »"
"Q534989";"";"Iberian ribbed newt";"vivant";"7";"0";"doute";"renommé depuis la moisson → « Pleurodèle de Waltl »"
"Q1683042";"Jasper Maskelyne";"Jasper Maskelyne";"histoire";"7";"0";"doute";"la phrase ne partage aucun mot avec l'article"
"Q128402060";"";"Jo Cameron";"esprit";"7";"0";"doute";"la phrase ne partage aucun mot avec l'article"
"Q354244";"Latude";"";"histoire";"7";"1";"doute";"renommé depuis la moisson → « Latude »"
"Q843864";"Lever de Terre";"";"cosmos";"7";"1";"doute";"renommé depuis la moisson → « Lever de Terre »"
"Q3238123";"Licorne ailée";"";"histoire";"7";"1";"doute";"renommé depuis la moisson → « Licorne ailée »"
"Q134361";"Loa loa";"Loa loa";"vivant";"7";"0";"doute";"la phrase ne partage aucun mot avec l'article"
"Q920298";"";"Luna 15";"cosmos";"7";"0";"doute";"renommé depuis la moisson → « Luna 15 »"
"Q53462";"";"Macropus rufus";"vivant";"7";"1";"doute";"renommé depuis la moisson → « Kangourou roux »"
"Q190426";"";"Magnetar";"cosmos";"7";"3";"doute";"renommé depuis la moisson → « Magnétar »"
"Q2500124";"Maladie d'Urbach-Wiethe";"Urbach–Wiethe disease";"esprit";"7";"0";"doute";"la phrase ne partage aucun mot avec l'article"
"Q3699044";"Mammouth laineux";"Woolly mammoth";"vivant";"7";"0";"doute";"la phrase ne partage aucun mot avec l'article"
"Q636480";"";"Manchineel";"vivant";"7";"0";"doute";"renommé depuis la moisson → « Hippomane mancinella »"
"Q161829";"Manchot empereur";"Emperor penguin";"vivant";"7";"0";"doute";"la phrase ne partage aucun mot avec l'article"
"Q575922";"Mars Polar Lander";"Mars Polar Lander";"cosmos";"7";"0";"doute";"la phrase ne partage aucun mot avec l'article"
"Q2254010";"";"Melanophila acuminata";"vivant";"7";"0";"doute";"la phrase ne partage aucun mot avec l'article"
"Q1930079";"Météorite d'Allende";"Allende meteorite";"cosmos";"7";"0";"doute";"la phrase ne partage aucun mot avec l'article"
"Q1164183";"Météorite de Murchison";"Murchison meteorite";"cosmos";"7";"0";"doute";"la phrase ne partage aucun mot avec l'article"
"Q827568";"Minimum de Maunder";"Maunder Minimum";"cosmos";"7";"0";"doute";"la phrase ne partage aucun mot avec l'article"
"Q311708";"";"Mixotricha";"vivant";"7";"0";"doute";"la phrase ne partage aucun mot avec l'article"
"Q3088431";"Mutineries de 1917";"1917 French Army mutinies";"histoire";"7";"0";"doute";"la phrase ne partage aucun mot avec l'article"
"Q5871";"Naine blanche";"White dwarf";"cosmos";"7";"0";"doute";"la phrase ne partage aucun mot avec l'article"
"Q6993532";"";"Neonothopanus gardneri";"vivant";"7";"1";"doute";"renommé depuis la moisson → « Neonothopanus gardneri »"
"Q148744";"Nepenthes lowii";"Nepenthes lowii";"vivant";"7";"0";"doute";"la phrase ne partage aucun mot avec l'article"
"Q131407";"Nigersaurus";"Nigersaurus";"vivant";"7";"0";"doute";"la phrase ne partage aucun mot avec l'article"
"Q102694";"";"Nix (moon)";"cosmos";"7";"1";"doute";"renommé depuis la moisson → « Nix (lune) »"
"Q160187";"";"Ole Rømer";"cosmos";"7";"1";"doute";"renommé depuis la moisson → « Ole Christensen Rømer »"
"Q572368";"";"Oppau explosion";"histoire";"7";"2";"doute";"renommé depuis la moisson → « Explosion d'Oppau »"
"Q1889560";"";"Palola viridis";"vivant";"7";"0";"doute";"renommé depuis la moisson → « Ver palolo »"
"Q17705";"";"Pan (moon)";"cosmos";"7";"2";"doute";"renommé depuis la moisson → « Pan (lune) »"
"Q14084932";"";"Pandoravirus";"vivant";"7";"1";"doute";"renommé depuis la moisson → « Pandoravirus »"
"Q33580";"Paradoxe de Fermi";"Fermi paradox";"cosmos";"7";"0";"doute";"la phrase ne partage aucun mot avec l'article"
"Q3377087";"Petit Albert (grimoire)";"Petit Albert";"esprit";"7";"0";"doute";"la phrase ne partage aucun mot avec l'article"
"Q99929671";"";"Philodendron bipinnatifidum";"vivant";"7";"0";"doute";"la phrase ne partage aucun mot avec l'article"
"Q756800";"Poivre de Sichuan";"Sichuan pepper";"esprit";"7";"0";"doute";"la phrase ne partage aucun mot avec l'article"
"Q446186";"Princesse Caraboo";"";"histoire";"7";"4";"doute";"renommé depuis la moisson → « Princesse Caraboo »"
"Q46388";"Prohibition";"Prohibition";"histoire";"7";"0";"doute";"la phrase ne partage aucun mot avec l'article"
"Q23034816";"";"Pseudideonella sakaiensis";"vivant";"7";"3";"doute";"renommé depuis la moisson → « Ideonella sakaiensis »"
"Q44096428";"";"Pseudoliparis swirei";"vivant";"7";"0";"doute";"renommé depuis la moisson → « Pseudoliparis swirei »"
"Q1420828";"Quatre-temps (plante)";"Cornus canadensis";"vivant";"7";"0";"doute";"la phrase ne partage aucun mot avec l'article"
"Q161888";"";"Rafflesia arnoldii";"vivant";"7";"2";"doute";"renommé depuis la moisson → « Rafflesia arnoldii »"
"Q8332";"Renard roux";"Red fox";"vivant";"7";"0";"doute";"la phrase ne partage aucun mot avec l'article"
"Q944851";"";"Robert Evans (astronomer)";"cosmos";"7";"2";"doute";"renommé depuis la moisson → « Robert Evans (astronome) »"
"Q1514814";"";"S2 (star)";"cosmos";"7";"2";"doute";"renommé depuis la moisson → « S2 (étoile) »"
"Q210790";"";"Saturn's hexagon";"cosmos";"7";"3";"doute";"renommé depuis la moisson → « Hexagone de Saturne »"
"Q5962358";"";"Scaly-foot gastropod";"vivant";"7";"4";"doute";"renommé depuis la moisson → « Chrysomallon squamiferum »"
"Q1756483";"Selaginella lepidophylla";"Selaginella lepidophylla";"vivant";"7";"0";"doute";"la phrase ne partage aucun mot avec l'article"
"Q2035756";"";"Solar eclipse of May 29, 1919";"cosmos";"7";"1";"doute";"renommé depuis la moisson → « Éclipse solaire du 29 mai 1919 »"
"Q4428661";"";"Somatoparaphrenia";"esprit";"7";"1";"doute";"renommé depuis la moisson → « Somatoparaphrénie »"
"Q139759";"";"Spongiforma squarepantsii";"vivant";"7";"1";"doute";"renommé depuis la moisson → « Spongiforma squarepantsii »"
"Q4188";"Supernova superlumineuse";"Hypernova";"cosmos";"7";"0";"doute";"la phrase ne partage aucun mot avec l'article"
"Q1195489";"Symplocarpus foetidus";"Symplocarpus foetidus";"vivant";"7";"0";"doute";"la phrase ne partage aucun mot avec l'article"
"Q613809";"Syndrome de Kleine-Levin";"Kleine–Levin syndrome";"esprit";"7";"0";"doute";"la phrase ne partage aucun mot avec l'article"
"Q143790";"Syndrome de la main étrangère";"Alien hand syndrome";"esprit";"7";"0";"doute";"la phrase ne partage aucun mot avec l'article"
"Q467265";"Syndrome du savant";"Savant syndrome";"esprit";"7";"0";"doute";"la phrase ne partage aucun mot avec l'article"
"Q1124410";"Syndrome du voyageur";"Jerusalem syndrome";"esprit";"7";"0";"doute";"la phrase ne partage aucun mot avec l'article"
"Q586582";"Système nerveux entérique";"Enteric nervous system";"esprit";"7";"0";"doute";"la phrase ne partage aucun mot avec l'article"
"Q736809";"Tahlequah";"Tahlequah, Oklahoma";"vivant";"7";"0";"doute";"la phrase ne partage aucun mot avec l'article"
"Q134730051";"";"Taxis of London";"esprit";"7";"0";"doute";"la phrase ne partage aucun mot avec l'article"
"Q113199155";"Tension de Hubble";"Hubble tension";"cosmos";"7";"0";"doute";"la phrase ne partage aucun mot avec l'article"
"Q2032295";"";"Thomas Blood";"histoire";"7";"4";"doute";"renommé depuis la moisson → « Thomas Blood »"
"Q526046";"";"Tickling";"esprit";"7";"1";"doute";"renommé depuis la moisson → « Chatouillement »"
"Q131481";"Tiktaalik";"Tiktaalik";"vivant";"7";"0";"doute";"la phrase ne partage aucun mot avec l'article"
"Q2565";"Titan (lune)";"Titan (moon)";"cosmos";"7";"0";"doute";"la phrase ne partage aucun mot avec l'article"
"Q18748292";"";"Torquigener albomaculosus";"vivant";"7";"0";"doute";"renommé depuis la moisson → « Torquigener albomaculosus »"
"Q732534";"";"Toxotes (fish)";"vivant";"7";"0";"doute";"renommé depuis la moisson → « Toxotes »"
"Q867316";"";"Triangle Shirtwaist Factory fire";"histoire";"7";"0";"doute";"renommé depuis la moisson → « Incendie de l'usine Triangle Shirtwaist »"
"Q14914807";"";"UY Scuti";"cosmos";"7";"0";"doute";"renommé depuis la moisson → « UY Scuti »"
"Q347318";"";"Victor Lustig";"histoire";"7";"2";"doute";"renommé depuis la moisson → « Victor Lustig »"
"Q520083";"Vide du Bouvier";"Boötes Void";"cosmos";"7";"0";"doute";"la phrase ne partage aucun mot avec l'article"
"Q921907";"";"Visual release hallucinations";"esprit";"7";"0";"doute";"renommé depuis la moisson → « Syndrome de Charles Bonnet »"
"Q1639610";"";"Wilgefortis";"histoire";"7";"1";"doute";"renommé depuis la moisson → « Wilgeforte »"
"Q14277";"";"William Herschel";"cosmos";"7";"1";"doute";"renommé depuis la moisson → « William Herschel »"
"Q284180";"";"Williamina Fleming";"cosmos";"7";"0";"doute";"renommé depuis la moisson → « Williamina Fleming »"
"Q1763092";"Acide dicaféylquinique";"";"esprit";"6";"2";"doute";"renommé depuis la moisson → « Acide dicaféylquinique »"
"Q185038";"";"African elephant";"vivant";"6";"0";"doute";"renommé depuis la moisson → « Éléphant d'Afrique »"
"Q784564";"Akinétopsie";"Akinetopsia";"esprit";"6";"0";"doute";"la phrase ne partage aucun mot avec l'article"
"Q311534";"";"Alpheidae";"vivant";"6";"0";"doute";"renommé depuis la moisson → « Alpheidae »"
"Q3257";"";"Amalthea (moon)";"cosmos";"6";"1";"doute";"renommé depuis la moisson → « Amalthée (lune) »"
"Q1133152";"";"Atlantic horseshoe crab";"vivant";"6";"0";"doute";"renommé depuis la moisson → « Limulus polyphemus »"
"Q186778";"Aye-aye";"Aye-aye";"vivant";"6";"0";"doute";"la phrase ne partage aucun mot avec l'article"
"Q153858";"Bataille de Tannenberg (1914)";"Battle of Tannenberg";"histoire";"6";"0";"doute";"la phrase ne partage aucun mot avec l'article"
"Q751507";"";"Blindsight";"esprit";"6";"0";"doute";"renommé depuis la moisson → « Vision aveugle »"
"Q540649";"";"Blue-ringed octopus";"vivant";"6";"0";"doute";"renommé depuis la moisson → « Hapalochlaena »"
"Q752274";"";"Bombus terrestris";"vivant";"6";"1";"doute";"renommé depuis la moisson → « Bourdon terrestre »"
"Q677689";"";"Boulengerula taitana";"vivant";"6";"0";"doute";"renommé depuis la moisson → « Boulengerula taitana »"
"Q848772";"";"California scrub jay";"vivant";"6";"0";"doute";"renommé depuis la moisson → « Geai buissonnier »"
"Q1949541";"Calyptra";"";"vivant";"6";"2";"doute";"renommé depuis la moisson → « Calyptra »"
"Q465122";"Cécité au changement";"Change blindness";"esprit";"6";"0";"doute";"la phrase ne partage aucun mot avec l'article"
"Q287827";"Cécité d'inattention";"Inattentional blindness";"esprit";"6";"0";"doute";"la phrase ne partage aucun mot avec l'article"
"Q5057951";"";"Celestis";"cosmos";"6";"0";"doute";"la phrase ne partage aucun mot avec l'article"
"Q1756192";"";"Ceratioidei";"vivant";"6";"0";"doute";"la phrase ne partage aucun mot avec l'article"
"Q14524";"";"Charles Messier";"cosmos";"6";"4";"doute";"renommé depuis la moisson → « Charles Messier »"
"Q1422792";"";"Chrysopelea";"vivant";"6";"0";"doute";"renommé depuis la moisson → « Chrysopelea »"
"Q10454504";"";"Cladosporium sphaerospermum";"vivant";"6";"2";"doute";"renommé depuis la moisson → « Cladosporium sphaerospermum »"
"Q752436";"";"Common wombat";"vivant";"6";"0";"doute";"renommé depuis la moisson → « Vombatus ursinus »"
"Q3484449";"";"Coryanthes";"vivant";"6";"0";"doute";"la phrase ne partage aucun mot avec l'article"
"Q136005";"Cupriavidus metallidurans";"";"vivant";"6";"1";"doute";"renommé depuis la moisson → « Cupriavidus metallidurans »"
"Q332674";"";"Cygnus X-1";"cosmos";"6";"0";"doute";"renommé depuis la moisson → « Cygnus X-1 »"
"Q673205";"Effet cocktail party";"Cocktail party effect";"esprit";"6";"0";"doute";"la phrase ne partage aucun mot avec l'article"
"Q1332954";"Effet nocebo";"Nocebo";"esprit";"6";"0";"doute";"la phrase ne partage aucun mot avec l'article"
"Q5849717";"Effet stroboscopique";"Stroboscopic effect";"esprit";"6";"0";"doute";"la phrase ne partage aucun mot avec l'article"
"Q1428492";"Entomophthora muscae";"";"vivant";"6";"2";"doute";"renommé depuis la moisson → « Entomophthora muscae »"
"Q646783";"Fête des Fous";"Feast of Fools";"histoire";"6";"0";"doute";"la phrase ne partage aucun mot avec l'article"
"Q115462";"Fritz Zwicky";"Fritz Zwicky";"cosmos";"6";"0";"doute";"la phrase ne partage aucun mot avec l'article"
"Q5581713";"";"Gong farmer";"histoire";"6";"0";"doute";"la phrase ne partage aucun mot avec l'article"
"Q232768";"";"Great hornbill";"vivant";"6";"0";"doute";"renommé depuis la moisson → « Calao bicorne »"
"Q152289";"";"Hemispatial neglect";"esprit";"6";"0";"doute";"renommé depuis la moisson → « Négligence spatiale unilatérale »"
"Q596208";"";"Hero shrew";"vivant";"6";"2";"doute";"renommé depuis la moisson → « Scutisorex somereni »"
"Q63646545";"";"Hvaldimir";"vivant";"6";"4";"doute";"renommé depuis la moisson → « Hvaldimir »"
"Q935895";"";"Incitatus";"histoire";"6";"3";"doute";"renommé depuis la moisson → « Incitatus »"
"Q1678809";"";"Jamaica ginger";"histoire";"6";"0";"doute";"la phrase ne partage aucun mot avec l'article"
"Q441276";"";"James Brooke";"histoire";"6";"3";"doute";"renommé depuis la moisson → « James Brooke »"
"Q319212";"";"Karl Guthe Jansky";"cosmos";"6";"1";"doute";"renommé depuis la moisson → « Karl Jansky »"
"Q193337";"";"Kea";"vivant";"6";"0";"doute";"renommé depuis la moisson → « Nestor kéa »"
"Q27048791";"";"Kepler-1520b";"cosmos";"6";"0";"doute";"la phrase ne partage aucun mot avec l'article"
"Q1100126";"Knocker-up";"Knocker-up";"histoire";"6";"0";"doute";"la phrase ne partage aucun mot avec l'article"
"Q3242405";"";"Kosmos 482";"cosmos";"6";"2";"doute";"renommé depuis la moisson → « Cosmos 482 »"
"Q2000165";"Labroides dimidiatus";"Bluestreak cleaner wrasse";"vivant";"6";"0";"doute";"la phrase ne partage aucun mot avec l'article"
"Q901228";"Léipoa ocellé";"Malleefowl";"vivant";"6";"0";"doute";"la phrase ne partage aucun mot avec l'article"
"Q138713";"";"Leucochloridium paradoxum";"vivant";"6";"0";"doute";"la phrase ne partage aucun mot avec l'article"
"Q1778748";"";"Libyan desert glass";"cosmos";"6";"1";"doute";"renommé depuis la moisson → « Verre libyque »"
"Q193698";"Loi de Titius-Bode";"Titius–Bode law";"cosmos";"6";"0";"doute";"la phrase ne partage aucun mot avec l'article"
"Q3480741";"";"Mal de debarquement";"esprit";"6";"0";"doute";"renommé depuis la moisson → « Mal du débarquement »"
"Q3291614";"Marie-Charles David de Mayrena";"";"histoire";"6";"4";"doute";"renommé depuis la moisson → « Marie-Charles David de Mayrena »"
"Q2479682";"";"Mastophora (spider)";"vivant";"6";"1";"doute";"renommé depuis la moisson → « Mastophora »"
"Q1550714";"Moken (peuple)";"Moken";"esprit";"6";"0";"doute";"la phrase ne partage aucun mot avec l'article"
"Q236";"Monténégro";"Montenegro";"histoire";"6";"0";"doute";"la phrase ne partage aucun mot avec l'article"
"Q2072138";"";"Myxiniformes";"vivant";"6";"0";"doute";"renommé depuis la moisson → « Myxiniformes »"
"Q934175";"";"New Mexico whiptail";"vivant";"6";"1";"doute";"renommé depuis la moisson → « Aspidoscelis neomexicana »"
"Q1623739";"Nizârites";"Nizari Isma'ilism";"histoire";"6";"0";"doute";"la phrase ne partage aucun mot avec l'article"
"Q727788";"";"Palaeoloxodon falconeri";"vivant";"6";"1";"doute";"renommé depuis la moisson → « Palaeoloxodon falconeri »"
"Q148752";"Paresseux à gorge brune";"Brown-throated sloth";"vivant";"6";"0";"doute";"la phrase ne partage aucun mot avec l'article"
"Q502220";"";"Parrotfish";"vivant";"6";"0";"doute";"renommé depuis la moisson → « Scaridae »"
"Q298581";"";"Pierre Janssen";"cosmos";"6";"2";"doute";"renommé depuis la moisson → « Jules Janssen »"
"Q186451";"Pleurotus ostreatus";"";"vivant";"6";"1";"doute";"renommé depuis la moisson → « Pleurotus ostreatus »"
"Q371090";"Point aveugle";"Blind spot (vision)";"esprit";"6";"0";"doute";"la phrase ne partage aucun mot avec l'article"
"Q7210116";"";"Polistes fuscatus";"vivant";"6";"0";"doute";"la phrase ne partage aucun mot avec l'article"
"Q2033097";"";"Resurrectionists (Catholic)";"histoire";"6";"0";"doute";"renommé depuis la moisson → « Congrégation de la Résurrection de Notre-Seigneur Jésus-Christ »"
"Q1066203";"";"Roridula";"vivant";"6";"0";"doute";"la phrase ne partage aucun mot avec l'article"
"Q25334";"Rouge-gorge familier";"European robin";"vivant";"6";"0";"doute";"la phrase ne partage aucun mot avec l'article"
"Q2419932";"Royaume de Redonda";"Kingdom of Redonda";"histoire";"6";"0";"doute";"la phrase ne partage aucun mot avec l'article"
"Q1912167";"";"Santino";"vivant";"6";"0";"doute";"renommé depuis la moisson → « Santino »"
"Q7430246";"";"Scarabaeus satyrus";"vivant";"6";"1";"doute";"renommé depuis la moisson → « Scarabaeus satyrus »"
"Q1078014";"";"Spinochordodes tellinii";"vivant";"6";"0";"doute";"la phrase ne partage aucun mot avec l'article"
"Q757013";"";"Superb lyrebird";"vivant";"6";"1";"doute";"renommé depuis la moisson → « Ménure superbe »"
"Q794457";"Syndrome d'enfermement";"Locked-in syndrome";"esprit";"6";"0";"doute";"la phrase ne partage aucun mot avec l'article"
"Q606358";"";"Synodontis multipunctatus";"vivant";"6";"1";"doute";"renommé depuis la moisson → « Synodontis multipunctatus »"
"Q2030857";"Test de Wada";"";"esprit";"6";"2";"doute";"renommé depuis la moisson → « Test de Wada »"
"Q320665";"";"Thorny devil";"vivant";"6";"0";"doute";"renommé depuis la moisson → « Moloch horridus »"
"Q19667296";"";"Timothy Ray Brown";"esprit";"6";"0";"doute";"la phrase ne partage aucun mot avec l'article"
"Q4147743";"";"Trichoplax adhaerens";"vivant";"6";"0";"doute";"renommé depuis la moisson → « Trichoplax adhaerens »"
"Q1569921";"Triphyophyllum peltatum";"";"vivant";"6";"3";"doute";"renommé depuis la moisson → « Triphyophyllum peltatum »"
"Q161195";"Utriculaire";"Utricularia";"vivant";"6";"0";"doute";"la phrase ne partage aucun mot avec l'article"
"Q7224923";"";"Vanilla planifolia";"vivant";"6";"1";"doute";"renommé depuis la moisson → « Vanilla planifolia »"
"Q87484723";"";"WASP-76b";"cosmos";"6";"0";"doute";"renommé depuis la moisson → « WASP-76 b »"
"Q77152";"";"Werner Forssmann";"esprit";"6";"1";"doute";"renommé depuis la moisson → « Werner Forssmann »"
"Q711394";"";"Wilder Penfield";"esprit";"6";"0";"doute";"renommé depuis la moisson → « Wilder Penfield »"
"Q8043726";"";"Xenos vesparum";"vivant";"6";"0";"doute";"la phrase ne partage aucun mot avec l'article"
"Q596";"(1) Cérès";"Ceres (dwarf planet)";"cosmos";"10";"4";"ok";""
"Q242309";"51 Pegasi b";"51 Pegasi b";"cosmos";"10";"5";"ok";""
"Q7259";"Ada Lovelace";"Ada Lovelace";"sciences";"10";"3";"ok";""
"Q23901473";"Ambiancé";"Ambiancé";"arts";"10";"3";"ok";""
"Q736374";"Ampoule centenaire";"Centennial Light";"sciences";"10";"4";"ok";""
"Q630678";"Arbre du Ténéré";"Tree of Ténéré";"mysteres";"10";"6";"ok";""
"Q999";"Astate";"Astatine";"sciences";"10";"4";"ok";""
"Q22718";"Axolotl";"Axolotl";"vivant";"10";"4";"ok";""
"Q623173";"Baleine de Cuvier";"Cuvier's beaked whale";"vivant";"10";"5";"ok";""
"Q18864";"Barge rousse";"Bar-tailed godwit";"vivant";"10";"5";"ok";""
"Q48328";"Beowulf";"Beowulf";"arts";"10";"2";"ok";""
"Q211453";"Bête du Gévaudan";"Beast of Gévaudan";"histoire";"10";"1";"ok";""
"Q620634";"Bir Tawil";"Bir Tawil";"histoire";"10";"5";"ok";""
"Q732267";"Bloop";"Bloop";"mysteres";"10";"2";"ok";""
"Q17069410";"Bouteille de vin de Spire";"Speyer wine bottle";"arts";"10";"5";"ok";""
"Q12138";"Calendrier grégorien";"Gregorian calendar";"histoire";"10";"5";"ok";""
"Q1550228";"Catastrophe de Courrières";"Courrières mine disaster";"histoire";"10";"6";"ok";""
"Q386074";"Catastrophe de Nedeline";"Nedelin catastrophe";"cosmos";"10";"2";"ok";""
"Q492386";"Centralia (Pennsylvanie)";"Centralia, Pennsylvania";"mysteres";"10";"6";"ok";""
"Q193330";"Cercle de culture";"Crop circle";"mysteres";"10";"2";"ok";""
"Q391632";"Cher Ami";"Cher Ami";"histoire";"10";"3";"ok";""
"Q1022918";"Citadelle de Kowloon";"Kowloon Walled City";"arts";"10";"1";"ok";""
"Q1414811";"Concile cadavérique";"Cadaver Synod";"histoire";"10";"1";"ok";""
"Q2658232";"Cristina Calderón";"Cristina Calderón";"arts";"10";"4";"ok";""
"Q48558";"Dawn (sonde spatiale)";"Dawn (spacecraft)";"cosmos";"10";"3";"ok";""
"Q4205186";"Disparition des enfants Beaumont";"Disappearance of the Beaumont children";"mysteres";"10";"6";"ok";""
"Q465338";"Disque de Phaistos";"Phaistos Disc";"mysteres";"10";"3";"ok";""
"Q254117";"Eisriesenwelt";"Eisriesenwelt";"terre";"10";"2";"ok";""
"Q232505";"Enheduana";"Enheduanna";"arts";"10";"3";"ok";""
"Q8753";"Enrico Fermi";"Enrico Fermi";"sciences";"10";"4";"ok";""
"Q899222";"Expérience de la goutte de poix";"Pitch drop experiment";"mysteres";"10";"3";"ok";""
"Q502073";"Explosion d'Halifax";"Halifax Explosion";"histoire";"10";"3";"ok";""
"Q816838";"Face cachée de la Lune";"Far side of the Moon";"cosmos";"10";"4";"ok";""
"Q1161218";"Fallen Astronaut";"Fallen Astronaut";"arts";"10";"4";"ok";""
"Q2051704";"Faux souvenirs";"False memory";"esprit";"10";"1";"ok";""
"Q833975";"Ferdinandea";"Graham Island (Mediterranean Sea)";"terre";"10";"2";"ok";""
"Q180381";"Fusion froide";"Cold fusion";"sciences";"10";"2";"ok";""
"Q2620036";"Géoglyphes de Nazca";"Nazca lines";"mysteres";"10";"3";"ok";""
"Q958391";"Georgia Guidestones";"Georgia Guidestones";"mysteres";"10";"4";"ok";""
"Q40605";"Grand collisionneur de hadrons";"Large Hadron Collider";"sciences";"10";"2";"ok";""
"Q1129089";"Grande inondation de mélasse de Boston";"Great Molasses Flood";"histoire";"10";"1";"ok";""
"Q1054482";"Guerre de Trois cent trente-cinq Ans";"Three Hundred and Thirty Five Years' War";"histoire";"10";"3";"ok";""
"Q312722";"Harold Holt";"Harold Holt";"mysteres";"10";"5";"ok";""
"Q295162";"Hirō Onoda";"Hiroo Onoda";"histoire";"10";"7";"ok";""
"Q59736";"Ignace Philippe Semmelweis";"Ignaz Semmelweis";"sciences";"10";"2";"ok";""
"Q373767";"Île des Faisans";"Pheasant Island";"histoire";"10";"1";"ok";""
"Q1150973";"Inondations de 1931 en Chine";"1931 China floods";"terre";"10";"4";"ok";""
"Q1294046";"James Barry (médecin)";"James Barry (surgeon)";"mysteres";"10";"5";"ok";""
"Q182260";"Jeanne Calment";"Jeanne Calment";"mysteres";"10";"2";"ok";""
"Q179492";"Manuscrit de Voynich";"Voynich manuscript";"mysteres";"10";"2";"ok";""
"Q574464";"Mars Climate Orbiter";"Mars Climate Orbiter";"cosmos";"10";"2";"ok";""
"Q1139250";"Mémorial Crazy Horse";"Crazy Horse Memorial";"arts";"10";"2";"ok";""
"Q1757822";"Merde d'artiste";"Artist's Shit";"arts";"10";"3";"ok";""
"Q4661508";"Météore de Tcheliabinsk";"Chelyabinsk meteor";"cosmos";"10";"1";"ok";""
"Q10934";"Nébuleuse du Crabe";"Crab Nebula";"cosmos";"10";"5";"ok";""
"Q2126";"Neutrino";"Neutrino";"cosmos";"10";"1";"ok";""
"Q186875";"Nombre de Mersenne premier";"Mersenne prime";"sciences";"10";"2";"ok";""
"Q19627509";"Once Upon a Time in Shaolin";"Once Upon a Time in Shaolin";"arts";"10";"7";"ok";""
"Q422326";"Opération Bernhard";"Operation Bernhard";"histoire";"10";"5";"ok";""
"Q2739742";"Opération Chaton acoustique";"Acoustic Kitty";"histoire";"10";"6";"ok";""
"Q205073";"Pacte Briand-Kellogg";"Kellogg–Briand Pact";"histoire";"10";"4";"ok";""
"Q18350297";"Passage du calendrier julien au calendrier grégorien";"Adoption of the Gregorian calendar";"sciences";"10";"3";"ok";""
"Q207669";"Pengő";"Hungarian pengő";"histoire";"10";"4";"ok";""
"Q412";"Plaque de Pioneer";"Pioneer plaque";"cosmos";"10";"1";"ok";""
"Q201876";"Poon Lim";"Poon Lim";"mysteres";"10";"5";"ok";""
"Q70458";"Porte de l'Enfer (Turkménistan)";"Darvaza gas crater";"terre";"10";"1";"ok";""
"Q3305462";"R v. Dudley and Stephens";"R v Dudley and Stephens";"mysteres";"10";"5";"ok";""
"Q32980";"Racine carrée inverse rapide";"Fast inverse square root";"sciences";"10";"5";"ok";""
"Q105494";"Ralph Steinman";"Ralph M. Steinman";"sciences";"10";"3";"ok";""
"Q12029714";"Réacteur nucléaire naturel d'Oklo";"Oklo Mine";"sciences";"10";"5";"ok";""
"Q187484";"Rhytine de Steller";"Steller's sea cow";"vivant";"10";"4";"ok";""
"Q206137";"Rockall";"Rockall";"histoire";"10";"5";"ok";""
"Q209764";"Rongorongo";"Rongorongo";"arts";"10";"2";"ok";""
"Q33297";"Signal Wow!";"Wow! signal";"cosmos";"10";"4";"ok";""
"Q52412";"Stanislav Petrov";"Stanislav Petrov";"histoire";"10";"8";"ok";""
"Q13229";"Taa";"Taa language";"arts";"10";"2";"ok";""
"Q5194";"Tardigrada";"Tardigrade";"vivant";"10";"3";"ok";""
"Q745767";"Terre Marie Byrd";"Marie Byrd Land";"terre";"10";"3";"ok";""
"Q1077741";"Théorème de la boule chevelue";"Hairy ball theorem";"sciences";"10";"2";"ok";""
"Q123102";"Thylacine";"Thylacine";"vivant";"10";"2";"ok";""
"Q23986556";"TRAPPIST-1";"TRAPPIST-1";"cosmos";"10";"5";"ok";""
"Q219217";"Tulipomanie";"Tulip mania";"histoire";"10";"5";"ok";""
"Q118388";"Vallée de la Mort";"Death Valley";"terre";"10";"1";"ok";""
"Q676802";"Vanguard 1";"Vanguard 1";"cosmos";"10";"4";"ok";""
"Q1395757";"Vassili Arkhipov";"Vasily Arkhipov";"histoire";"10";"5";"ok";""
"Q248404";"Vesna Vulović";"Vesna Vulović";"mysteres";"10";"2";"ok";""
"Q48469";"Voyager 1";"Voyager 1";"cosmos";"10";"3";"ok";""
"Q156926";"Welwitschia mirabilis";"Welwitschia";"vivant";"10";"3";"ok";""
"Q901206";"Xin Zhui";"Xin Zhui";"mysteres";"10";"1";"ok";""
"Q18325885";"(486958) Arrokoth";"486958 Arrokoth";"cosmos";"9";"4";"ok";""
"Q211498";"2006 RH120";"2006 RH120";"cosmos";"9";"5";"ok";""
"Q12030";"4′33″";"4′33″";"arts";"9";"6";"ok";""
"Q50668";"55 Cancri e";"55 Cancri Ae";"cosmos";"9";"2";"ok";""
"Q249302";"61 Cygni";"61 Cygni";"cosmos";"9";"1";"ok";""
"Q113382";"Accident nucléaire de Palomares";"1966 Palomares accident";"histoire";"9";"4";"ok";""
"Q475736";"Acier de Damas";"Damascus steel";"arts";"9";"4";"ok";""
"Q13420313";"Affaire du pain maudit";"1951 Pont-Saint-Esprit mass poisoning";"mysteres";"9";"3";"ok";""
"Q133868166";"Affaire Elizabeth Canning";"";"mysteres";"9";"3";"ok";""
"Q1049105";"Affaire Sokal";"Sokal affair";"sciences";"9";"2";"ok";""
"Q24628";"Alex (perroquet)";"Alex (parrot)";"vivant";"9";"2";"ok";""
"Q76323";"Alfred Wegener";"Alfred Wegener";"sciences";"9";"3";"ok";""
"Q1970098";"Alphabet shavien";"Shavian alphabet";"arts";"9";"3";"ok";""
"Q2278545";"";"AMSAT-OSCAR 7";"cosmos";"9";"2";"ok";""
"Q26387";"Anguilla anguilla";"European eel";"mysteres";"9";"1";"ok";""
"Q285563";"Anna Anderson";"Anna Anderson";"histoire";"9";"3";"ok";""
"Q19606402";"Anneau de Phœbé";"";"cosmos";"9";"4";"ok";""
"Q2908";"Antoine de Saint-Exupéry";"Antoine de Saint-Exupéry";"mysteres";"9";"2";"ok";""
"Q615578";"Aoga-shima";"Aogashima";"terre";"9";"4";"ok";""
"Q43653";"Apollo 11";"Apollo 11";"cosmos";"9";"1";"ok";""
"Q917989";"Armillaria solidipes";"Armillaria ostoyae";"vivant";"9";"3";"ok";""
"Q177524";"ARPANET";"ARPANET";"sciences";"9";"3";"ok";""
"Q4804942";"";"Ashfall Fossil Beds";"terre";"9";"1";"ok";""
"Q1549160";"Asperitas";"Asperitas (cloud)";"terre";"9";"5";"ok";""
"Q804566";"Bal des ardents";"Bal des Ardents";"histoire";"9";"2";"ok";""
"Q595288";"Barrage de Banqiao";"Banqiao Dam";"histoire";"9";"2";"ok";""
"Q2309898";"Bataille de Karánsebes";"Battle of Karánsebes";"histoire";"9";"4";"ok";""
"Q1066650";"Bataille de Los Angeles";"Battle of Los Angeles";"histoire";"9";"3";"ok";""
"Q2415309";"Belka et Strelka";"Belka and Strelka";"cosmos";"9";"4";"ok";""
"Q178799";"Benoît IX";"Pope Benedict IX";"histoire";"9";"1";"ok";""
"Q170850";"Bombardement de Zanzibar";"Anglo-Zanzibar War";"mysteres";"9";"6";"ok";""
"Q665328";"Bombe à chauves-souris";"Bat bomb";"histoire";"9";"3";"ok";""
"Q549108";"Bouquetin ibérique";"Iberian ibex";"vivant";"9";"5";"ok";""
"Q582172";"Buste de Néfertiti";"Nefertiti Bust";"arts";"9";"1";"ok";""
"Q1888";"Californium";"Californium";"sciences";"9";"1";"ok";""
"Q754194";"Campanile de Saint-Marc";"St Mark's Campanile";"arts";"9";"2";"ok";""
"Q1136557";"Canicule d'août 2003 en Europe";"2003 European heatwave";"terre";"9";"1";"ok";""
"Q616503";"Canular du Dreadnought";"Dreadnought hoax";"histoire";"9";"3";"ok";""
"Q504818";"Carnets d'Adolf Hitler";"Hitler Diaries";"histoire";"9";"8";"ok";""
"Q76948";"Caroline Herschel";"Caroline Herschel";"cosmos";"9";"4";"ok";""
"Q1048357";"";"Cassie Chadwick";"histoire";"9";"3";"ok";""
"Q513300";"Cathédrale Saint-Pierre de Beauvais";"Beauvais Cathedral";"arts";"9";"2";"ok";""
"Q188533";"Ceinture de Van Allen";"Van Allen radiation belt";"cosmos";"9";"4";"ok";""
"Q118081";"Célestin V";"Pope Celestine V";"histoire";"9";"1";"ok";""
"Q157012";"Chambre d'ambre";"Amber Room";"arts";"9";"3";"ok";""
"Q715027";"Charles d'Éon de Beaumont";"Chevalière d'Éon";"histoire";"9";"7";"ok";""
"Q106187";"Chaussée des Géants";"Giant's Causeway";"terre";"9";"2";"ok";""
"Q55516";"Chiffre de Vigenère";"Vigenère cipher";"sciences";"9";"2";"ok";""
"Q105701";"";"Christian Gerhartsreiter";"mysteres";"9";"1";"ok";""
"Q34221";"Chutes du Niagara";"Niagara Falls";"terre";"9";"1";"ok";""
"Q15221944";"Coléoptère bombardier";"Bombardier beetle";"vivant";"9";"1";"ok";""
"Q244932";"Conflit frontalier sino-soviétique de 1969";"Sino-Soviet border conflict";"histoire";"9";"3";"ok";""
"Q837314";"Conjecture de Syracuse";"Collatz conjecture";"mysteres";"9";"1";"ok";""
"Q113368879";"Coumaphène";"Warfarin";"esprit";"9";"1";"ok";""
"Q11774391";"Cyclone Hyacinthe";"Cyclone Hyacinthe";"terre";"9";"5";"ok";""
"Q3699867";"Cydonia Mensae";"Cydonia (Mars)";"cosmos";"9";"3";"ok";""
"Q861986";"De rerum natura";"De rerum natura";"arts";"9";"2";"ok";""
"Q275450";"Débris spatial";"Space debris";"cosmos";"9";"2";"ok";""
"Q386827";"Deinococcus radiodurans";"Deinococcus radiodurans";"vivant";"9";"1";"ok";""
"Q132469";"Dernier théorème de Fermat";"Fermat's Last Theorem";"sciences";"9";"3";"ok";""
"Q47141";"Désert d'Atacama";"Atacama Desert";"terre";"9";"2";"ok";""
"Q751479";"Diamant synthétique";"Synthetic diamond";"sciences";"9";"3";"ok";""
"Q41450298";"Disparition de Lars Mittank";"Disappearance of Lars Mittank";"mysteres";"9";"3";"ok";""
"Q157094";"Disque céleste de Nebra";"Nebra sky disc";"arts";"9";"2";"ok";""
"Q4504";"Dragon de Komodo";"Komodo dragon";"vivant";"9";"1";"ok";""
"Q152856";"Dryococelus australis";"Dryococelus australis";"vivant";"9";"1";"ok";""
"Q601388";"Écriture de l'Indus";"Indus script";"mysteres";"9";"3";"ok";""
"Q723510";"Effet Mpemba";"Mpemba effect";"sciences";"9";"4";"ok";""
"Q312307";"El Azizia (Libye)";"ʽAziziya";"terre";"9";"1";"ok";""
"Q452825";"Emanuela Orlandi";"Emanuela Orlandi";"mysteres";"9";"3";"ok";""
"Q177519";"Empire (film)";"Empire (1965 film)";"arts";"9";"4";"ok";""
"Q696077";"Encyclopédie de Yongle";"Yongle Encyclopedia";"arts";"9";"2";"ok";""
"Q2578715";"Enfants verts de Woolpit";"Green children of Woolpit";"mysteres";"9";"5";"ok";""
"Q180620";"Enric Marco";"Enric Marco";"mysteres";"9";"5";"ok";""
"Q3295141";"Épidémie dansante de 1518";"Dancing plague of 1518";"histoire";"9";"5";"ok";""
"Q778218";"Éruption du mont Saint Helens en 1980";"1980 eruption of Mount St. Helens";"terre";"9";"1";"ok";""
"Q1332211";"Escadrille 19";"Flight 19";"mysteres";"9";"2";"ok";""
"Q1368833";"Essex (baleinier)";"Essex (whaleship)";"histoire";"9";"4";"ok";""
"Q12185";"Eta Carinae";"Eta Carinae";"cosmos";"9";"5";"ok";""
"Q125953";"Événement de la Toungouska";"Tunguska event";"cosmos";"9";"2";"ok";""
"Q2305";"Expédition Franklin";"Franklin's lost expedition";"histoire";"9";"3";"ok";""
"Q39651";"Eyjafjallajökull";"Eyjafjallajökull";"terre";"9";"1";"ok";""
"Q202009";"Fahrenheit 451";"Fahrenheit 451";"arts";"9";"2";"ok";""
"Q671";"Francium";"Francium";"sciences";"9";"5";"ok";""
"Q112070";"Franz Reichelt";"Franz Reichelt";"sciences";"9";"5";"ok";""
"Q51476459";"Fuite d'Allemagne de l'Est en montgolfière";"East Germany balloon escape";"histoire";"9";"3";"ok";""
"Q307";"Galilée (savant)";"Galileo Galilei";"sciences";"9";"2";"ok";""
"Q76420";"Georg Cantor";"Georg Cantor";"sciences";"9";"1";"ok";""
"Q311604";"George Mallory";"George Mallory";"mysteres";"9";"3";"ok";""
"Q7799533";"Glacier Thwaites";"Thwaites Glacier";"terre";"9";"4";"ok";""
"Q656857";"Grand attracteur";"Great Attractor";"cosmos";"9";"2";"ok";""
"Q189193";"Grand Pingouin";"Great auk";"vivant";"9";"1";"ok";""
"Q913640";"Grand smog de Londres";"Great Smog of London";"terre";"9";"4";"ok";""
"Q837561";"Grande Oxydation";"Great Oxidation Event";"terre";"9";"1";"ok";""
"Q546233";"Grande Puanteur";"Great Stink";"histoire";"9";"5";"ok";""
"Q117346";"Grigori Perelman";"Grigori Perelman";"sciences";"9";"3";"ok";""
"Q172125";"Grotte de Lascaux";"Lascaux";"arts";"9";"2";"ok";""
"Q54434";"Guerre de l'oreille de Jenkins";"War of Jenkins' Ear";"histoire";"9";"4";"ok";""
"Q223126";"Guerre du Chaco";"Chaco War";"histoire";"9";"2";"ok";""
"Q445076";"Guillaume Le Gentil";"Guillaume Le Gentil";"cosmos";"9";"2";"ok";""
"Q186486";"Hachikō";"Hachikō";"vivant";"9";"4";"ok";""
"Q847482";"HeLa";"HeLa";"vivant";"9";"4";"ok";""
"Q444764";"Helen Duncan";"Helen Duncan";"histoire";"9";"5";"ok";""
"Q110181";"Henrietta Swan Leavitt";"Henrietta Swan Leavitt";"cosmos";"9";"2";"ok";""
"Q72296";"Homme au masque de fer";"Man in the Iron Mask";"mysteres";"9";"1";"ok";""
"Q454667";"Homme de Lindow";"Lindow Man";"mysteres";"9";"2";"ok";""
"Q828646";"Hôtel de Hilbert";"Hilbert's paradox of the Grand Hotel";"sciences";"9";"2";"ok";""
"Q980941";"IBM RAMAC 305";"IBM 305 RAMAC";"sciences";"9";"2";"ok";""
"Q18740";"Ictus amnésique";"Transient global amnesia";"esprit";"9";"2";"ok";""
"Q1260331";"Île de North Sentinel";"North Sentinel Island";"mysteres";"9";"3";"ok";""
"Q681389";"Île Hans";"Hans Island";"histoire";"9";"4";"ok";""
"Q1506857";"Île Oak";"Oak Island";"mysteres";"9";"2";"ok";""
"Q204403";"Îles Diomède";"Diomede Islands";"terre";"9";"1";"ok";""
"Q3123";"Io (lune)";"Io (moon)";"cosmos";"9";"5";"ok";""
"Q982102";"Ishi";"Ishi";"histoire";"9";"3";"ok";""
"Q2981660";"J002E3";"J002E3";"cosmos";"9";"5";"ok";""
"Q128611";"Juana Maria";"Juana Maria";"histoire";"9";"2";"ok";""
"Q44600";"Kaspar Hauser";"Kaspar Hauser";"mysteres";"9";"1";"ok";""
"Q3307784";"";"Kaz II";"mysteres";"9";"2";"ok";""
"Q5087075";"Kepler-37 b";"Kepler-37b";"cosmos";"9";"3";"ok";""
"Q21104086";"KIC 8462852";"Tabby's Star";"cosmos";"9";"2";"ok";""
"Q1345100";"Kryptos (sculpture)";"Kryptos";"mysteres";"9";"4";"ok";""
"Q19362881";"La Robe (photo)";"The dress";"esprit";"9";"4";"ok";""
"Q219831";"La Ronde de nuit";"The Night Watch";"arts";"9";"2";"ok";""
"Q827202";"Lac Karatchaï";"Lake Karachay";"terre";"9";"1";"ok";""
"Q332628";"Lac Nyos";"Lake Nyos";"terre";"9";"2";"ok";""
"Q432131";"Lady Be Good (avion)";"Lady Be Good (aircraft)";"histoire";"9";"2";"ok";""
"Q53662";"Laïka";"Laika";"cosmos";"9";"5";"ok";""
"Q203726";"Lakagígar";"Laki";"terre";"9";"3";"ok";""
"Q189698";"Léonides";"Leonids";"cosmos";"9";"2";"ok";""
"Q568";"Lithium";"Lithium";"esprit";"9";"1";"ok";""
"Q817168";"Loi de Benford";"Benford's law";"sciences";"9";"3";"ok";""
"Q6882996";"Luhman 16";"Luhman 16";"cosmos";"9";"5";"ok";""
"Q3269752";"Lyse d'un jumeau";"Vanishing twin";"esprit";"9";"2";"ok";""
"Q91461627";"M104 (galaxie)";"Sombrero Galaxy";"cosmos";"9";"2";"ok";""
"Q49664";"Magicicada";"Periodical cicadas";"vivant";"9";"3";"ok";""
"Q321267";"Martinet à ventre blanc";"Alpine swift";"vivant";"9";"1";"ok";""
"Q33209";"Mary Celeste";"Mary Celeste";"mysteres";"9";"2";"ok";""
"Q150474";"Masque jetable";"One-time pad";"sciences";"9";"4";"ok";""
"Q79925";"Matière noire";"Dark matter";"cosmos";"9";"2";"ok";""
"Q910180";"Mausolée de l'empereur Qin";"Mausoleum of Qin Shi Huang";"histoire";"9";"1";"ok";""
"Q134348";"Megachile pluto";"Megachile pluto";"vivant";"9";"5";"ok";""
"Q510292";"Mehdi Ben Barka";"Mehdi Ben Barka";"mysteres";"9";"8";"ok";""
"Q5484";"Mer Caspienne";"Caspian Sea";"terre";"9";"3";"ok";""
"Q169274";"Mer des Sargasses";"Sargasso Sea";"terre";"9";"2";"ok";""
"Q156800";"Metasequoia glyptostroboides";"Metasequoia glyptostroboides";"vivant";"9";"3";"ok";""
"Q1288729";"Meurtres de Burke et Hare";"Burke and Hare murders";"histoire";"9";"4";"ok";""
"Q2450901";"Mine de Bingham Canyon";"Bingham Canyon Mine";"terre";"9";"2";"ok";""
"Q212398";"Monarque (papillon)";"Monarch butterfly";"vivant";"9";"1";"ok";""
"Q1570153";"Monnaie locale";"Local currency";"histoire";"9";"2";"ok";""
"Q3988385";"Moon Museum";"Moon Museum";"arts";"9";"5";"ok";""
"Q81232062";"";"Murder of Artemus Ogletree";"mysteres";"9";"4";"ok";""
"Q749811";"Mutinerie du Bounty";"Mutiny on the Bounty";"histoire";"9";"1";"ok";""
"Q3841718";"";"MV Joyita";"mysteres";"9";"2";"ok";""
"Q497179";"Nazaré (Portugal)";"Nazaré, Portugal";"terre";"9";"6";"ok";""
"Q332";"Neptune (planète)";"Neptune";"cosmos";"9";"4";"ok";""
"Q190529";"Nicolas Bourbaki";"Nicolas Bourbaki";"mysteres";"9";"1";"ok";""
"Q1658784";"Nombre premier illégal";"Illegal prime";"sciences";"9";"4";"ok";""
"Q102327045";"Observatoire astronomique d'Arecibo";"Arecibo Observatory";"sciences";"9";"4";"ok";""
"Q190035";"Onde gravitationnelle";"Gravitational wave";"cosmos";"9";"1";"ok";""
"Q655393";"Organ²/ASLSP";"As Slow as Possible";"arts";"9";"3";"ok";""
"Q3359049";"Oxford Electric Bell";"Oxford Electric Bell";"mysteres";"9";"4";"ok";""
"Q3361199";"Palais idéal";"Palais ideal";"arts";"9";"2";"ok";""
"Q5736373";"Papyrus d'Herculanum";"Herculaneum papyri";"arts";"9";"3";"ok";""
"Q737851";"Paradoxe de Banach-Tarski";"Banach–Tarski paradox";"sciences";"9";"6";"ok";""
"Q231620";"Paricutín";"Parícutin";"terre";"9";"3";"ok";""
"Q899091";"Parker (sonde spatiale)";"Parker Solar Probe";"cosmos";"9";"5";"ok";""
"Q151922";"Paul le poulpe";"Paul the Octopus";"vivant";"9";"5";"ok";""
"Q57203";"Paul von Lettow-Vorbeck";"Paul von Lettow-Vorbeck";"histoire";"9";"3";"ok";""
"Q370705";"Percy Fawcett";"Percy Fawcett";"mysteres";"9";"2";"ok";""
"Q528135";"Philibert Aspairt";"Philibert Aspairt";"histoire";"9";"3";"ok";""
"Q202526";"Physalia physalis";"Portuguese man o' war";"vivant";"9";"4";"ok";""
"Q1451";"Pinatubo";"Mount Pinatubo";"terre";"9";"5";"ok";""
"Q1436016";"Population stellaire";"Stellar population";"cosmos";"9";"2";"ok";""
"Q33100";"Problème des sept ponts de Königsberg";"Seven Bridges of Königsberg";"sciences";"9";"1";"ok";""
"Q94927";"Programme Phobos";"Phobos program";"cosmos";"9";"1";"ok";""
"Q168572";"Projet A119";"Project A119";"cosmos";"9";"3";"ok";""
"Q532335";"Projet de loi pi de l'Indiana";"Indiana pi bill";"histoire";"9";"4";"ok";""
"Q1322029";"Projet HARP";"Project HARP";"cosmos";"9";"2";"ok";""
"Q2421024";"Projet Ozma";"Project Ozma";"cosmos";"9";"6";"ok";""
"Q83373";"Quasar";"Quasar";"cosmos";"9";"1";"ok";""
"Q276290";"Rat-taupe nu";"Naked mole-rat";"vivant";"9";"1";"ok";""
"Q671758";"Réflexe photo-sternutatoire";"Photic sneeze reflex";"esprit";"9";"1";"ok";""
"Q756106";"Réservoir Manicouagan";"Manicouagan Reservoir";"terre";"9";"3";"ok";""
"Q321087";"Rhinella marina";"Cane toad";"vivant";"9";"1";"ok";""
"Q102527";"Robert Falcon Scott";"Robert Falcon Scott";"histoire";"9";"1";"ok";""
"Q157322";"Romain Gary";"Romain Gary";"arts";"9";"2";"ok";""
"Q48572";"Rosetta (sonde spatiale)";"Rosetta (spacecraft)";"cosmos";"9";"2";"ok";""
"Q226843";"Ruban de Möbius";"Möbius strip";"sciences";"9";"3";"ok";""
"Q181685";"Sadi Carnot (physicien)";"Nicolas Léonard Sadi Carnot";"sciences";"9";"1";"ok";""
"Q51625";"Salvator Mundi";"Salvator Mundi";"arts";"9";"3";"ok";""
"Q1892745";"Salvator Mundi (version Cook)";"Salvator Mundi (painting)";"mysteres";"9";"5";"ok";""
"Q893453";"Sam l'insubmersible";"Unsinkable Sam";"histoire";"9";"3";"ok";""
"Q226007";"Satiation sémantique";"Semantic satiation";"esprit";"9";"1";"ok";""
"Q13382352";"Satoshi Nakamoto";"Satoshi Nakamoto";"mysteres";"9";"4";"ok";""
"Q194230";"Seconde intercalaire";"Leap second";"sciences";"9";"1";"ok";""
"Q170842";"Sergueï Korolev";"Sergei Korolev";"cosmos";"9";"2";"ok";""
"Q3076";"Shoemaker-Levy 9";"Comet Shoemaker–Levy 9";"cosmos";"9";"4";"ok";""
"Q778699";"Siège de Baler";"Siege of Baler";"histoire";"9";"8";"ok";""
"Q357951";"Sir Alfred Mehran";"Mehran Karimi Nasseri";"mysteres";"9";"1";"ok";""
"Q2095762";"Smoot (unité)";"Smoot";"sciences";"9";"3";"ok";""
"Q648581";"Soyouz 11";"Soyuz 11";"cosmos";"9";"2";"ok";""
"Q788017";"Spaghettification";"Spaghettification";"cosmos";"9";"1";"ok";""
"Q130966";"Spinosaurus";"Spinosaurus";"vivant";"9";"5";"ok";""
"Q1913422";"SS Baychimo";"SS Baychimo";"histoire";"9";"4";"ok";""
"Q1286554";"SS Waratah";"SS Waratah";"mysteres";"9";"5";"ok";""
"Q106667";"Superfluidité";"Superfluidity";"sciences";"9";"1";"ok";""
"Q837685";"Surveyor 3";"Surveyor 3";"cosmos";"9";"3";"ok";""
"Q2916584";"Synchronisation menstruelle";"Menstrual synchrony";"esprit";"9";"4";"ok";""
"Q1453767";"Syndrome de Fregoli";"Fregoli delusion";"esprit";"9";"3";"ok";""
"Q42915945";"Syndrome de La Havane";"Havana syndrome";"esprit";"9";"3";"ok";""
"Q669822";"Syndrome de Laron";"Laron syndrome";"esprit";"9";"4";"ok";""
"Q187483";"Tapisserie de Bayeux";"Bayeux Tapestry";"arts";"9";"4";"ok";""
"Q184410";"Théorème des quatre couleurs";"Four color theorem";"sciences";"9";"1";"ok";""
"Q11812";"Thomas Jefferson";"Thomas Jefferson";"mysteres";"9";"4";"ok";""
"Q36846";"Toki pona";"Toki Pona";"arts";"9";"2";"ok";""
"Q623950";"Transformation de Fourier rapide";"Fast Fourier transform";"sciences";"9";"5";"ok";""
"Q472953";"Trépanation";"Trepanning";"esprit";"9";"1";"ok";""
"Q163730";"Trêve de Noël";"Christmas truce";"histoire";"9";"4";"ok";""
"Q6334";"Troisième guerre punique";"Third Punic War";"histoire";"9";"2";"ok";""
"Q5551507";"Unterseeboot 1206";"German submarine U-1206";"histoire";"9";"3";"ok";""
"Q855198";"V838 Monocerotis";"V838 Monocerotis";"cosmos";"9";"2";"ok";""
"Q110360";"Vague scélérate";"Rogue wave";"sciences";"9";"4";"ok";""
"Q55111925";"Vautour de Rüppell";"Rüppell's vulture";"vivant";"9";"2";"ok";""
"Q755286";"Vega (sonde spatiale)";"Vega program";"cosmos";"9";"3";"ok";""
"Q133057";"Verkhoïansk";"Verkhoyansk";"terre";"9";"1";"ok";""
"Q447655";"Victor de l'Aveyron";"Victor of Aveyron";"esprit";"9";"1";"ok";""
"Q200890";"Vivian Maier";"Vivian Maier";"mysteres";"9";"4";"ok";""
"Q61266859";"Vol de La Joconde";"";"arts";"9";"2";"ok";""
"Q15908324";"Vol Malaysia Airlines 370";"Malaysia Airlines Flight 370";"mysteres";"9";"3";"ok";""
"Q156315";"Voyager Golden Record";"Voyager Golden Record";"cosmos";"9";"1";"ok";""
"Q294147";"William Bligh";"William Bligh";"histoire";"9";"1";"ok";""
"Q122701";"William Thomson (Lord Kelvin)";"Lord Kelvin";"sciences";"9";"1";"ok";""
"Q53672376";"Yanny ou Laurel";"Yanny or Laurel";"esprit";"9";"4";"ok";""
"Q601";"(136108) Hauméa";"Haumea";"cosmos";"8";"2";"ok";""
"Q42313338";"1I/ʻOumuamua";"1I/ʻOumuamua";"cosmos";"8";"5";"ok";""
"Q229318";"3C 273";"3C 273";"cosmos";"8";"4";"ok";""
"Q387728";"Abeille africanisée";"Africanized bee";"vivant";"8";"3";"ok";""
"Q5309982";"Abeille japonaise";"Apis cerana japonica";"vivant";"8";"2";"ok";""
"Q28501620";"Acali";"Acali";"histoire";"8";"5";"ok";""
"Q2638301";"Æpyornis";"Aepyornis";"vivant";"8";"1";"ok";""
"Q465744";"Affaire du collier de la reine";"Affair of the Diamond Necklace";"histoire";"8";"6";"ok";""
"Q85501541";"Affaire Martin Guerre";"Martin Guerre case";"histoire";"8";"3";"ok";""
"Q7251";"Alan Turing";"Alan Turing";"sciences";"8";"4";"ok";""
"Q1997428";"Albert II (singe)";"Albert II (monkey)";"cosmos";"8";"5";"ok";""
"Q160627";"Alfred Russel Wallace";"Alfred Russel Wallace";"sciences";"8";"4";"ok";""
"Q13080";"Algol (étoile)";"Algol";"cosmos";"8";"1";"ok";""
"Q1200582";"Alphabet déséret";"Deseret alphabet";"arts";"8";"1";"ok";""
"Q228";"Andorre";"Andorra";"histoire";"8";"2";"ok";""
"Q171473";"Anneaux d'Uranus";"Rings of Uranus";"cosmos";"8";"2";"ok";""
"Q209625";"Année sans été";"Year Without a Summer";"terre";"8";"3";"ok";""
"Q191746";"Apollo 10";"Apollo 10";"cosmos";"8";"4";"ok";""
"Q61742389";"Beresheet";"Beresheet";"cosmos";"8";"2";"ok";""
"Q627471";"Ceci n'est pas un film";"This Is Not a Film";"arts";"8";"1";"ok";""
"Q360145";"Charles Ponzi";"Charles Ponzi";"histoire";"8";"2";"ok";""
"Q284681";"Chicago Pile-1";"Chicago Pile-1";"sciences";"8";"1";"ok";""
"Q19670712";"CK Vulpeculae";"CK Vulpeculae";"cosmos";"8";"2";"ok";""
"Q1764787";"Dahala Khagrabari";"Dahala Khagrabari";"terre";"8";"4";"ok";""
"Q1356165";"Découverte de Neptune";"Discovery of Neptune";"cosmos";"8";"3";"ok";""
"Q168694";"Dépêche d'Ems";"Ems dispatch";"histoire";"8";"6";"ok";""
"Q1987577";"Donald Crowhurst";"Donald Crowhurst";"histoire";"8";"5";"ok";""
"Q2302517";"Ecce homo (Elías García Martínez)";"Ecce Homo (García Martínez and Giménez)";"arts";"8";"1";"ok";""
"Q2607645";"Effet Tetris";"Tetris effect";"esprit";"8";"2";"ok";""
"Q1326237";"Éléphant de la Bastille";"Elephant of the Bastille";"histoire";"8";"6";"ok";""
"Q3051440";"Ellen et William Craft";"Ellen and William Craft";"histoire";"8";"3";"ok";""
"Q1369020";"Encéphalite léthargique";"Encephalitis lethargica";"esprit";"8";"1";"ok";""
"Q18343";"Énergie sombre";"Dark energy";"cosmos";"8";"5";"ok";""
"Q17916838";"EPAS1";"EPAS1";"esprit";"8";"2";"ok";""
"Q14268";"Étoile de Barnard";"Barnard's Star";"cosmos";"8";"2";"ok";""
"Q3944788";"Event Horizon Telescope";"Event Horizon Telescope";"cosmos";"8";"1";"ok";""
"Q788771";"Expédition Donner";"Donner Party";"histoire";"8";"6";"ok";""
"Q191474";"Expérience de Milgram";"Milgram experiment";"esprit";"8";"2";"ok";""
"Q235089";"Expérience de Stanford";"Stanford prison experiment";"esprit";"8";"3";"ok";""
"Q12165555";"Félicette";"Félicette";"cosmos";"8";"7";"ok";""
"Q1437077";"Fordlândia";"Fordlândia";"arts";"8";"1";"ok";""
"Q182008";"Galileo (sonde spatiale)";"Galileo project";"cosmos";"8";"4";"ok";""
"Q3169";"Ganymède (lune)";"Ganymede (moon)";"cosmos";"8";"6";"ok";""
"Q1508116";"George Psalmanazar";"George Psalmanazar";"histoire";"8";"4";"ok";""
"Q12998";"Georges Lemaître";"Georges Lemaître";"cosmos";"8";"4";"ok";""
"Q862089";"Girafe";"Giraffe";"vivant";"8";"2";"ok";""
"Q131757";"Glaucus atlanticus";"Glaucus atlanticus";"vivant";"8";"1";"ok";""
"Q23000947";"GN-z11";"GN-z11";"cosmos";"8";"6";"ok";""
"Q528365";"GRB 080319B";"GRB 080319B";"cosmos";"8";"2";"ok";""
"Q330882";"Gregor MacGregor";"Gregor MacGregor";"histoire";"8";"4";"ok";""
"Q157548";"Guerre de Succession de Bavière";"War of the Bavarian Succession";"histoire";"8";"4";"ok";""
"Q856168";"Guerre des Pâtisseries";"Pastry War";"histoire";"8";"3";"ok";""
"Q3119043";"Guerre des six jours (Kisangani)";"Six-Day War (2000)";"histoire";"8";"1";"ok";""
"Q22683173";"GW150914";"First observation of gravitational waves";"cosmos";"8";"2";"ok";""
"Q126167";"Gypaète barbu";"Bearded vulture";"vivant";"8";"1";"ok";""
"Q1479200";"Hanno (éléphant)";"Hanno (elephant)";"histoire";"8";"3";"ok";""
"Q1127291";"Hans le Malin";"Clever Hans";"sciences";"8";"2";"ok";""
"Q275444";"Hayabusa (sonde spatiale)";"Hayabusa";"cosmos";"8";"3";"ok";""
"Q1140454";"HD 80606 b";"HD 80606 b";"cosmos";"8";"6";"ok";""
"Q180556";"Helicobacter pylori";"Helicobacter pylori";"vivant";"8";"1";"ok";""
"Q40171";"Homme de Néandertal";"Neanderthal";"esprit";"8";"2";"ok";""
"Q244937";"Homme de Piltdown";"Piltdown Man";"histoire";"8";"2";"ok";""
"Q595010";"Hypertrichose";"Hypertrichosis";"esprit";"8";"2";"ok";""
"Q161258";"Île Clipperton";"Clipperton Island";"histoire";"8";"1";"ok";""
"Q191750";"Îlot Persil";"Perejil Island";"histoire";"8";"3";"ok";""
"Q5674582";"Incendie du cirque de Hartford";"Hartford circus fire";"histoire";"8";"1";"ok";""
"Q897768";"Incendie du Cocoanut Grove";"Cocoanut Grove fire";"histoire";"8";"3";"ok";""
"Q25409561";"Isabel Godin des Odonais";"Isabel Godin des Odonais";"histoire";"8";"4";"ok";""
"Q47272";"Kepler (télescope spatial)";"Kepler space telescope";"cosmos";"8";"3";"ok";""
"Q660787";"Kepler-16 b";"Kepler-16b";"cosmos";"8";"1";"ok";""
"Q6334918";"Kepler-70 b";"Kepler-70b";"cosmos";"8";"2";"ok";""
"Q110727";"Kha-nyou";"Laotian rock rat";"vivant";"8";"2";"ok";""
"Q14468623";"Kilonova";"Kilonova";"cosmos";"8";"3";"ok";""
"Q212616";"Le Radeau de la Méduse";"The Raft of the Medusa";"histoire";"8";"2";"ok";""
"Q185243";"Lentille gravitationnelle";"Gravitational lens";"cosmos";"8";"1";"ok";""
"Q541080";"Lithopédion";"Lithopedion";"esprit";"8";"1";"ok";""
"Q13745";"Llívia";"Llívia";"histoire";"8";"7";"ok";""
"Q207684";"Lobotomie";"Lobotomy";"esprit";"8";"4";"ok";""
"Q970308";"Locomotive Act";"Locomotive Acts";"histoire";"8";"3";"ok";""
"Q261052";"Lunokhod 1";"Lunokhod 1";"cosmos";"8";"1";"ok";""
"Q182324";"Machine d'Anticythère";"Antikythera mechanism";"arts";"8";"1";"ok";""
"Q213499";"Mariner 1";"Mariner 1";"cosmos";"8";"4";"ok";""
"Q238948";"Mary Mallon";"Mary Mallon";"histoire";"8";"4";"ok";""
"Q270855";"Mary Toft";"Mary Toft";"histoire";"8";"5";"ok";""
"Q7122109";"Megaponera analis";"Megaponera";"vivant";"8";"1";"ok";""
"Q15034";"Mimas (lune)";"Mimas";"cosmos";"8";"2";"ok";""
"Q48604";"Mir (station spatiale)";"Mir";"cosmos";"8";"1";"ok";""
"Q3352";"Miranda (lune)";"Miranda (moon)";"cosmos";"8";"1";"ok";""
"Q151938";"Moresnet neutre";"Neutral Moresnet";"histoire";"8";"1";"ok";""
"Q230100";"Mot sur le bout de la langue";"Tip of the tongue";"esprit";"8";"4";"ok";""
"Q16528";"Nelumbo nucifera";"Nelumbo nucifera";"vivant";"8";"1";"ok";""
"Q740541";"Nerf laryngé récurrent";"Recurrent laryngeal nerve";"esprit";"8";"1";"ok";""
"Q40864";"Nuage de Oort";"Oort cloud";"cosmos";"8";"4";"ok";""
"Q1430362";"Nuages de Kordylewski";"Kordylewski cloud";"cosmos";"8";"4";"ok";""
"Q928198";"Nueva Germania";"Nueva Germania";"histoire";"8";"6";"ok";""
"Q1130522";"Opération Mincemeat";"Operation Mincemeat";"histoire";"8";"2";"ok";""
"Q15343";"Ornithorynque";"Platypus";"vivant";"8";"2";"ok";""
"Q1477924";"Pantala flavescens";"Pantala flavescens";"vivant";"8";"1";"ok";""
"Q61931";"Particule Oh-My-God";"Oh-My-God particle";"mysteres";"8";"3";"ok";""
"Q1787101";"Pétrichor";"Petrichor";"esprit";"8";"1";"ok";""
"Q963997";"Phyllobates terribilis";"Golden poison frog";"vivant";"8";"2";"ok";""
"Q48584";"Pierre de Rosette";"Rosetta Stone";"histoire";"8";"5";"ok";""
"Q132999";"Pieuvre mimétique";"Mimic octopus";"vivant";"8";"1";"ok";""
"Q59103";"Pioneer 10";"Pioneer 10";"cosmos";"8";"2";"ok";""
"Q167910";"Planète errante";"Rogue planet";"cosmos";"8";"2";"ok";""
"Q339";"Pluton (planète naine)";"Pluto";"cosmos";"8";"2";"ok";""
"Q544137";"Posidonia oceanica";"Posidonia oceanica";"vivant";"8";"2";"ok";""
"Q5962343";"Poto et Cabengo";"Poto and Cabengo";"esprit";"8";"5";"ok";""
"Q1817785";"Problème de Molyneux";"Molyneux's problem";"esprit";"8";"2";"ok";""
"Q219698";"Procès des sorcières de Salem";"Salem witch trials";"histoire";"8";"1";"ok";""
"Q1156392";"Projet Habakkuk";"Project Habakkuk";"histoire";"8";"4";"ok";""
"Q15856";"Protée anguillard";"Olm";"vivant";"8";"2";"ok";""
"Q17394776";"Protocole de Milwaukee";"Milwaukee protocol";"esprit";"8";"2";"ok";""
"Q119583";"PSR J1748-2446ad";"PSR J1748−2446ad";"cosmos";"8";"7";"ok";""
"Q369503";"Saccade oculaire";"Saccade";"esprit";"8";"1";"ok";""
"Q112558";"Saugeais";"Republic of Saugeais";"histoire";"8";"3";"ok";""
"Q415";"Silbo";"Silbo Gomero";"arts";"8";"1";"ok";""
"Q310987";"Siméon le Stylite";"Simeon Stylites";"histoire";"8";"3";"ok";""
"Q2604355";"Sinus préauriculaire";"Preauricular sinus and cyst";"esprit";"8";"1";"ok";""
"Q190776";"Skylab";"Skylab";"cosmos";"8";"1";"ok";""
"Q55195347";"";"SN 2018cow";"cosmos";"8";"2";"ok";""
"Q847047";"Soyouz T-10-1";"Soyuz 7K-ST No.16L";"cosmos";"8";"3";"ok";""
"Q199372";"Squalelet féroce";"Cookiecutter shark";"vivant";"8";"4";"ok";""
"Q254652";"Starfish Prime";"Starfish Prime";"cosmos";"8";"2";"ok";""
"Q26800";"Sterne arctique";"Arctic tern";"vivant";"8";"4";"ok";""
"Q3267859";"";"Strain 121";"vivant";"8";"1";"ok";""
"Q179959";"Strigops kakapo";"Kākāpō";"vivant";"8";"1";"ok";""
"Q14942021";"Syndrome d'auto-brasserie";"Auto-brewery syndrome";"esprit";"8";"1";"ok";""
"Q693564";"Syndrome de Kessler";"Kessler syndrome";"cosmos";"8";"1";"ok";""
"Q8363";"Syndrome de Stendhal";"Stendhal syndrome";"esprit";"8";"4";"ok";""
"Q154091";"Télégramme Zimmermann";"Zimmermann telegram";"histoire";"8";"8";"ok";""
"Q3517822";"Température de Hawking";"";"cosmos";"8";"1";"ok";""
"Q662051";"Tempête solaire de 1859";"Carrington Event";"cosmos";"8";"5";"ok";""
"Q111017090";"Thiomargarita magnifica";"Thiomargarita magnifica";"vivant";"8";"3";"ok";""
"Q324992";"Thomas Midgley Jr.";"Thomas Midgley Jr.";"sciences";"8";"2";"ok";""
"Q131009";"Titanoboa";"Titanoboa";"vivant";"8";"1";"ok";""
"Q45067390";"TON 618";"TON 618";"cosmos";"8";"3";"ok";""
"Q120043";"Tortue luth";"Leatherback sea turtle";"vivant";"8";"2";"ok";""
"Q191968";"Tourte voyageuse";"Passenger pigeon";"vivant";"8";"4";"ok";""
"Q1431007";"Traité de Bréda";"Treaty of Breda (1667)";"histoire";"8";"1";"ok";""
"Q472802";"Traité de Waitangi";"Treaty of Waitangi";"histoire";"8";"2";"ok";""
"Q3359";"Triton (lune)";"Triton (moon)";"cosmos";"8";"3";"ok";""
"Q3322541";"Turritopsis dohrnii";"Turritopsis dohrnii";"vivant";"8";"3";"ok";""
"Q474472";"Un point bleu pâle";"Pale Blue Dot";"cosmos";"8";"4";"ok";""
"Q221392";"Univers observable";"Observable universe";"cosmos";"8";"4";"ok";""
"Q44371";"Valentina Terechkova";"Valentina Tereshkova";"cosmos";"8";"5";"ok";""
"Q1994709";"Vente d'épouse en Angleterre";"Wife selling (English custom)";"histoire";"8";"2";"ok";""
"Q267275";"Violet Constance Jessop";"Violet Jessop";"histoire";"8";"6";"ok";""
"Q321";"Voie lactée";"Milky Way";"cosmos";"8";"3";"ok";""
"Q370555";"Vol Air Canada 143";"Gimli Glider";"histoire";"8";"4";"ok";""
"Q192834";"WASP-12 b";"WASP-12b";"cosmos";"8";"3";"ok";""
"Q149012";"(243) Ida";"243 Ida";"cosmos";"7";"3";"ok";""
"Q118931";"(99942) Apophis";"99942 Apophis";"cosmos";"7";"3";"ok";""
"Q21111144";"";"ABCC11";"esprit";"7";"1";"ok";""
"Q173457";"Affaire Dreyfus";"Dreyfus affair";"histoire";"7";"3";"ok";""
"Q2161912";"Affaire Tichborne";"Tichborne case";"histoire";"7";"4";"ok";""
"Q47580";"ALH 84001";"Allan Hills 84001";"cosmos";"7";"1";"ok";""
"Q135198207";"Alphapithovirus sibericum";"";"vivant";"7";"4";"ok";""
"Q11276";"Amas globulaire";"Globular cluster";"cosmos";"7";"1";"ok";""
"Q230650";"Annie Jump Cannon";"Annie Jump Cannon";"cosmos";"7";"1";"ok";""
"Q569091";"Anomalie Pioneer";"Pioneer anomaly";"cosmos";"7";"2";"ok";""
"Q37395";"Anomalocaris";"Anomalocaris";"vivant";"7";"1";"ok";""
"Q567869";"Anosognosie";"Anosognosia";"esprit";"7";"1";"ok";""
"Q886786";"Antoine de Tounens";"Orélie-Antoine de Tounens";"histoire";"7";"4";"ok";""
"Q20707611";"Aphantasie";"Aphantasia";"esprit";"7";"3";"ok";""
"Q119195";"Argyroneta aquatica";"Diving bell spider";"vivant";"7";"2";"ok";""
"Q223776";"Assistance gravitationnelle";"Gravity assist";"cosmos";"7";"5";"ok";""
"Q836244";"Bactérie magnétotactique";"Magnetotactic bacteria";"vivant";"7";"3";"ok";""
"Q132905";"Baleine à bosse";"Humpback whale";"vivant";"7";"1";"ok";""
"Q435";"Bibliothèque d'Alexandrie";"Library of Alexandria";"histoire";"7";"1";"ok";""
"Q437248";"Bob Denard";"Bob Denard";"histoire";"7";"2";"ok";""
"Q15601133";"Boquila trifoliolata";"";"vivant";"7";"2";"ok";""
"Q168327";"Bouquetin des Alpes";"Alpine ibex";"vivant";"7";"1";"ok";""
"Q15981955";"Brun momie";"Mummy brown";"arts";"7";"4";"ok";""
"Q1422215";"C/1811 F1";"Great Comet of 1811";"cosmos";"7";"1";"ok";""
"Q779863";"Campagne des quatre nuisibles";"Four Pests campaign";"histoire";"7";"2";"ok";""
"Q1940969";"Camponotus saundersi";"Colobopsis saundersi";"vivant";"7";"1";"ok";""
"Q2941291";"Cassini (sonde spatiale)";"";"cosmos";"7";"2";"ok";""
"Q129029";"Catastrophe de Bhopal";"Bhopal disaster";"histoire";"7";"1";"ok";""
"Q470228";"Chambre d'Ames";"Ames room";"esprit";"7";"2";"ok";""
"Q741255";"Champ profond de Hubble";"Hubble Deep Field";"cosmos";"7";"2";"ok";""
"Q723045";"Chang'e 4";"Chang'e 4";"cosmos";"7";"2";"ok";""
"Q281721";"Chimère (génétique)";"Chimera (genetics)";"esprit";"7";"1";"ok";""
"Q732371";"Cocotier de mer";"Lodoicea maldivica";"vivant";"7";"1";"ok";""
"Q59151";"Constante cosmologique";"Cosmological constant";"cosmos";"7";"3";"ok";""
"Q1249634";"Coquille Saint-Jacques";"Pecten maximus";"vivant";"7";"3";"ok";""
"Q256812";"Corona (satellite)";"CORONA (satellite)";"cosmos";"7";"2";"ok";""
"Q206070";"Crabe de cocotier";"Coconut crab";"vivant";"7";"1";"ok";""
"Q595341";"Cratère de Kaali";"Kaali crater";"terre";"7";"2";"ok";""
"Q244274";"Dactylopius coccus";"Cochineal";"vivant";"7";"3";"ok";""
"Q510109";"Daigo Fukuryū Maru";"Daigo Fukuryū Maru";"histoire";"7";"3";"ok";""
"Q12857";"Daniel Tammet";"Daniel Tammet";"esprit";"7";"3";"ok";""
"Q208231";"Deep Impact (sonde spatiale)";"Deep Impact (spacecraft)";"cosmos";"7";"1";"ok";""
"Q838018";"Délire d'illusion des sosies de Capgras";"Capgras delusion";"esprit";"7";"3";"ok";""
"Q292297";"Demodex";"Demodex";"vivant";"7";"2";"ok";""
"Q130869";"Dimetrodon";"Dimetrodon";"vivant";"7";"4";"ok";""
"Q26703430";"Dragonfly 44";"Dragonfly 44";"cosmos";"7";"6";"ok";""
"Q3041916";"Dwingeloo 1";"Dwingeloo 1";"cosmos";"7";"2";"ok";""
"Q193182";"Échidné à nez court";"Short-beaked echidna";"vivant";"7";"1";"ok";""
"Q951385";"Eddie Chapman";"Eddie Chapman";"histoire";"7";"1";"ok";""
"Q1401274";"Effet de désinformation";"Misinformation effect";"esprit";"7";"2";"ok";""
"Q1542752";"Effet McGurk";"McGurk effect";"esprit";"7";"1";"ok";""
"Q262038";"Effet Mozart";"Mozart effect";"esprit";"7";"2";"ok";""
"Q16303139";"Effet placebo";"Placebo effect";"esprit";"7";"1";"ok";""
"Q384176";"Effet Stroop";"Stroop effect";"esprit";"7";"1";"ok";""
"Q586031";"Effet YORP";"YORP effect";"cosmos";"7";"1";"ok";""
"Q485384";"Effondrement du grand magasin Sampoong";"Sampoong Department Store collapse";"histoire";"7";"1";"ok";""
"Q262154";"Elizabeth Loftus";"Elizabeth Loftus";"esprit";"7";"1";"ok";""
"Q133568";"Elysia chlorotica";"Elysia chlorotica";"vivant";"7";"3";"ok";""
"Q180316";"Équation de Drake";"Drake equation";"cosmos";"7";"2";"ok";""
"Q957543";"Ernest Shackleton";"Ernest Shackleton";"histoire";"7";"4";"ok";""
"Q19306194";"Étoile de Scholz";"Scholz's Star";"cosmos";"7";"1";"ok";""
"Q3143";"Europe (lune)";"Europa (moon)";"cosmos";"7";"2";"ok";""
"Q117087960";"Événement de Miyake";"Miyake event";"cosmos";"7";"5";"ok";""
"Q5443923";"Ferdinand Waldo Demara";"Ferdinand Waldo Demara";"histoire";"7";"2";"ok";""
"Q1410831";"Fibrodysplasie ossifiante progressive";"Fibrodysplasia ossificans progressiva";"esprit";"7";"2";"ok";""
"Q15605";"Fond diffus cosmologique";"Cosmic microwave background";"cosmos";"7";"4";"ok";""
"Q116774";"Frank Abagnale, Jr.";"Frank Abagnale";"histoire";"7";"2";"ok";""
"Q767805";"Gaia (satellite)";"Gaia (spacecraft)";"cosmos";"7";"5";"ok";""
"Q950470";"Garum";"Garum";"histoire";"7";"2";"ok";""
"Q617651";"Gemini 8";"Gemini 8";"cosmos";"7";"3";"ok";""
"Q74418";"Genesis (sonde spatiale)";"Genesis (spacecraft)";"cosmos";"7";"2";"ok";""
"Q83321";"Giacomo Casanova";"Giacomo Casanova";"histoire";"7";"1";"ok";""
"Q26189";"Grand schisme d'Occident";"Western Schism";"histoire";"7";"5";"ok";""
"Q370029";"Grande Peur";"Great Fear";"histoire";"7";"2";"ok";""
"Q2089056";"Grolar";"Grizzly–polar bear hybrid";"vivant";"7";"1";"ok";""
"Q940618";"Guerre de la morue";"Cod Wars";"histoire";"7";"3";"ok";""
"Q132406";"Hallucigenia";"Hallucigenia";"vivant";"7";"1";"ok";""
"Q133376";"Helicoprion";"Helicoprion";"vivant";"7";"2";"ok";""
"Q2513";"Hubble (télescope spatial)";"Hubble Space Telescope";"cosmos";"7";"1";"ok";""
"Q178089";"Hyène tachetée";"Spotted hyena";"vivant";"7";"3";"ok";""
"Q609059";"IKAROS";"IKAROS";"cosmos";"7";"2";"ok";""
"Q926299";"Illusion de Müller-Lyer";"Müller-Lyer illusion";"esprit";"7";"1";"ok";""
"Q480310";"Impôt sur les portes et fenêtres";"Window tax";"histoire";"7";"2";"ok";""
"Q1660590";"InSight";"InSight";"cosmos";"7";"2";"ok";""
"Q1475301";"ISEE 3";"International Cometary Explorer";"cosmos";"7";"2";"ok";""
"Q115662149";"JADES-GS-z13-0";"JADES-GS-z13-0";"cosmos";"7";"1";"ok";""
"Q437168";"Jeanne Barret";"Jeanne Baret";"histoire";"7";"5";"ok";""
"Q171136";"Jeanne Ire de Castille";"Joanna of Castile";"histoire";"7";"2";"ok";""
"Q133283";"Lithops";"Lithops";"vivant";"7";"2";"ok";""
"Q310793";"Lomatia tasmanica";"Lomatia tasmanica";"vivant";"7";"3";"ok";""
"Q4287";"Margarine";"Margarine";"histoire";"7";"1";"ok";""
"Q384071";"Message d'Arecibo";"Arecibo message";"cosmos";"7";"2";"ok";""
"Q431381";"Meteor Crater";"Meteor Crater";"cosmos";"7";"2";"ok";""
"Q1344365";"Météorite d'Ensisheim";"Ensisheim meteorite";"cosmos";"7";"2";"ok";""
"Q1134104";"Mimivirus";"Mimivirus";"vivant";"7";"1";"ok";""
"Q12965";"Mira (étoile)";"Mira";"cosmos";"7";"1";"ok";""
"Q546974";"Mokusatsu";"Mokusatsu";"histoire";"7";"1";"ok";""
"Q1456827";"Neurogenèse";"Neurogenesis";"esprit";"7";"1";"ok";""
"Q1544579";"Observatoire de Green Bank";"Green Bank Telescope";"cosmos";"7";"2";"ok";""
"Q320638";"Observatoire solaire et héliosphérique";"Solar and Heliospheric Observatory";"cosmos";"7";"1";"ok";""
"Q18398440";"Onymacris unguicularis";"Onymacris unguicularis";"vivant";"7";"3";"ok";""
"Q427974";"Opération Gold";"Operation Gold";"histoire";"7";"3";"ok";""
"Q127353";"Ophiocordyceps unilateralis";"Ophiocordyceps unilateralis";"vivant";"7";"4";"ok";""
"Q33609";"Ours blanc";"Polar bear";"vivant";"7";"1";"ok";""
"Q243811";"Papesse Jeanne";"Pope Joan";"histoire";"7";"3";"ok";""
"Q1936002";"Peste de Marseille (1720)";"Great Plague of Marseille";"histoire";"7";"7";"ok";""
"Q134950";"Physarum polycephalum";"Physarum polycephalum";"vivant";"7";"1";"ok";""
"Q21446362";"Physeteroidea";"Physeteroidea";"vivant";"7";"1";"ok";""
"Q1411630";"Procès d'animaux";"Animal trial";"histoire";"7";"2";"ok";""
"Q18645284";"Prochlorococcus";"Prochlorococcus";"vivant";"7";"2";"ok";""
"Q83160";"Prométhée";"Prometheus";"vivant";"7";"1";"ok";""
"Q2061593";"Prototaxites";"Prototaxites";"vivant";"7";"5";"ok";""
"Q15057245";"PSO J318.5-22";"PSO J318.5−22";"cosmos";"7";"1";"ok";""
"Q528";"PSR B1257+12";"PSR B1257+12";"cosmos";"7";"3";"ok";""
"Q867906";"PSR B1620-26 b";"PSR B1620−26 b";"cosmos";"7";"2";"ok";""
"Q815835";"R136a1";"R136a1";"cosmos";"7";"6";"ok";""
"Q44547";"Radiotélescope d'Arecibo";"Arecibo Telescope";"cosmos";"7";"3";"ok";""
"Q1827255";"Radiotélescope sphérique de cinq cents mètres d'ouverture";"Five-hundred-meter Aperture Spherical Telescope";"cosmos";"7";"2";"ok";""
"Q1128589";"Radium Girls";"Radium Girls";"histoire";"7";"3";"ok";""
"Q499461";"Requin-lutin";"Goblin shark";"vivant";"7";"2";"ok";""
"Q75844";"Révolution de Zanzibar";"Zanzibar Revolution";"histoire";"7";"3";"ok";""
"Q7322305";"";"Ribeiroia ondatrae";"vivant";"7";"1";"ok";""
"Q133020";"Riftia pachyptila";"Riftia";"vivant";"7";"2";"ok";""
"Q76375549";"";"S5-HVS1";"cosmos";"7";"1";"ok";""
"Q3133742";"Sacculina carcini";"Sacculina carcini";"vivant";"7";"1";"ok";""
"Q237284";"Sagittarius A*";"Sagittarius A*";"cosmos";"7";"2";"ok";""
"Q1813110";"Segue 1";"Segue 1";"cosmos";"7";"2";"ok";""
"Q1141601";"SGR 1806-20";"SGR 1806−20";"cosmos";"7";"2";"ok";""
"Q701094";"Siège de Candie";"Siege of Candia";"histoire";"7";"4";"ok";""
"Q2512355";"Siphonophore géant";"Praya dubia";"vivant";"7";"3";"ok";""
"Q3962041";"";"Sirius B";"cosmos";"7";"1";"ok";""
"Q584905";"SN 1987A";"SN 1987A";"cosmos";"7";"4";"ok";""
"Q509384";"Soyouz 23";"Soyuz 23";"cosmos";"7";"2";"ok";""
"Q176276";"Spirit (rover)";"Spirit (rover)";"cosmos";"7";"1";"ok";""
"Q1029902";"SS 433";"SS 433";"cosmos";"7";"1";"ok";""
"Q2104071";"SuitSat";"SuitSat";"cosmos";"7";"4";"ok";""
"Q367929";"Syndrome de Klüver-Bucy";"Klüver–Bucy syndrome";"esprit";"7";"2";"ok";""
"Q856736";"Syndrome de l'accent étranger";"Foreign accent syndrome";"esprit";"7";"1";"ok";""
"Q180897";"Traité de Tordesillas";"Treaty of Tordesillas";"histoire";"7";"2";"ok";""
"Q1128050";"Transplantation de moelle osseuse";"Hematopoietic stem cell transplantation";"esprit";"7";"3";"ok";""
"Q22329641";"TYC 9486-927-1";"TYC 9486-927-1";"cosmos";"7";"2";"ok";""
"Q291200";"Umberto Nobile";"Umberto Nobile";"histoire";"7";"6";"ok";""
"Q324";"Uranus (planète)";"Uranus";"cosmos";"7";"2";"ok";""
"Q372064";"Venera 13";"Venera 13";"cosmos";"7";"6";"ok";""
"Q313";"Vénus (planète)";"Venus";"cosmos";"7";"2";"ok";""
"Q2092096";"Ver de Pompéi";"Alvinella pompejana";"vivant";"7";"1";"ok";""
"Q234888";"Vera Rubin";"Vera Rubin";"cosmos";"7";"2";"ok";""
"Q3545364";"Vide local";"Local Void";"cosmos";"7";"1";"ok";""
"Q784141";"Vol Eastern Air Lines 401";"Eastern Air Lines Flight 401";"histoire";"7";"2";"ok";""
"Q312389";"William Buckland";"William Buckland";"histoire";"7";"2";"ok";""
"Q283526";"Wolbachia";"Wolbachia";"vivant";"7";"1";"ok";""
"Q199127";"Xanthoria elegans";"Xanthoria elegans";"vivant";"7";"2";"ok";""
"Q609006";"Yasuke";"Yasuke";"histoire";"7";"5";"ok";""
"Q2081504";"Zone d'évitement";"Zone of Avoidance";"cosmos";"7";"4";"ok";""
"Q107517";"(16) Psyché";"16 Psyche";"cosmos";"6";"1";"ok";""
"Q152091";"(3753) Cruithne";"3753 Cruithne";"cosmos";"6";"3";"ok";""
"Q24646251";"(469219) Kamoʻoalewa";"469219 Kamoʻoalewa";"cosmos";"6";"3";"ok";""
"Q844672";"67P/Tchourioumov-Guérassimenko";"67P/Churyumov–Gerasimenko";"cosmos";"6";"2";"ok";""
"Q309029";"Achat de l'Alaska";"Alaska Purchase";"histoire";"6";"3";"ok";""
"Q17143";"Almaz";"Almaz program";"cosmos";"6";"4";"ok";""
"Q454760";"Anna Bågenholm";"Anna Bågenholm";"esprit";"6";"4";"ok";""
"Q1741331";"Aphasie réceptive";"Receptive aphasia";"esprit";"6";"2";"ok";""
"Q1502847";"Apis mellifera capensis";"Cape honey bee";"vivant";"6";"3";"ok";""
"Q2514739";"Cataglyphis";"Cataglyphis";"vivant";"6";"1";"ok";""
"Q863495";"Cellule de grille";"Grid cell";"esprit";"6";"2";"ok";""
"Q684782";"Chair de poule";"Goose bumps";"esprit";"6";"3";"ok";""
"Q160349";"Charles VI (roi de France)";"Charles VI of France";"histoire";"6";"1";"ok";""
"Q146212";"Chou commun";"Brassica oleracea";"vivant";"6";"2";"ok";""
"Q423163";"Complexe majeur d'histocompatibilité";"Major histocompatibility complex";"esprit";"6";"2";"ok";""
"Q41611";"Coriandre";"Coriander";"esprit";"6";"1";"ok";""
"Q469081";"Crepidula fornicata";"Crepidula fornicata";"vivant";"6";"1";"ok";""
"Q1790393";"Cryptomnésie";"Cryptomnesia";"esprit";"6";"1";"ok";""
"Q782859";"Dendrocnide moroides";"Dendrocnide moroides";"vivant";"6";"2";"ok";""
"Q941965";"Dermatobia hominis";"Dermatobia hominis";"vivant";"6";"2";"ok";""
"Q147267";"Didelphis virginiana";"Virginia opossum";"vivant";"6";"1";"ok";""
"Q1920844";"Écholocalisation humaine";"Human echolocation";"esprit";"6";"2";"ok";""
"Q5521563";"Effet Ganzfeld";"Ganzfeld effect";"esprit";"6";"2";"ok";""
"Q28203";"Effet Purkinje";"Purkinje effect";"esprit";"6";"1";"ok";""
"Q1456730";"Effet Troxler";"Troxler's fading";"esprit";"6";"2";"ok";""
"Q2566450";"Étoile de Przybylski";"Przybylski's Star";"cosmos";"6";"1";"ok";""
"Q183579";"Ferdinand Ier (empereur d'Autriche)";"Ferdinand I of Austria";"histoire";"6";"1";"ok";""
"Q1435125";"Fœtus in fœtu";"Fetus in fetu";"esprit";"6";"1";"ok";""
"Q1435409";"Folie à deux";"Folie à deux";"esprit";"6";"1";"ok";""
"Q918795";"Fruit miracle";"Synsepalum dulcificum";"esprit";"6";"2";"ok";""
"Q5537568";"";"George C. Parker";"histoire";"6";"2";"ok";""
"Q312925";"Guéorgui Markov (écrivain bulgare)";"Georgi Markov";"histoire";"6";"4";"ok";""
"Q482469";"Halicephalobus mephisto";"Halicephalobus mephisto";"vivant";"6";"1";"ok";""
"Q1356498";"Harry Harlow";"Harry Harlow";"esprit";"6";"2";"ok";""
"Q272085";"HD 209458 b";"HD 209458 b";"cosmos";"6";"2";"ok";""
"Q166026";"Hémisphérectomie";"Hemispherectomy";"esprit";"6";"3";"ok";""
"Q181741";"Horizon des événements";"Event horizon";"cosmos";"6";"1";"ok";""
"Q714789";"Huygens (sonde spatiale)";"Huygens (spacecraft)";"cosmos";"6";"1";"ok";""
"Q5954107";"Hydnora africana";"Hydnora africana";"vivant";"6";"6";"ok";""
"Q193003";"Hydrocéphalie";"Hydrocephalus";"esprit";"6";"1";"ok";""
"Q45320";"Hyperthymésie";"Hyperthymesia";"esprit";"6";"1";"ok";""
"Q8609";"Hypnose";"Hypnosis";"esprit";"6";"3";"ok";""
"Q179677";"Hypothèse de Sapir-Whorf";"Linguistic relativity";"esprit";"6";"1";"ok";""
"Q3045238";"Insensibilité congénitale à la douleur";"Congenital insensitivity to pain";"esprit";"6";"1";"ok";""
"Q2565461";"Kanzi";"Kanzi";"vivant";"6";"1";"ok";""
"Q592830";"Lignes de Blaschko";"Blaschko's lines";"esprit";"6";"1";"ok";""
"Q1051675";"Lunokhod 2";"Lunokhod 2";"cosmos";"6";"1";"ok";""
"Q14640326";"";"Macrotermes";"vivant";"6";"2";"ok";""
"Q203805";"Mariner 4";"Mariner 4";"cosmos";"6";"2";"ok";""
"Q18645653";"Mars Oxygen ISRU Experiment";"Mars Oxygen ISRU Experiment";"cosmos";"6";"2";"ok";""
"Q2054837";"Misophonie";"Misophonia";"esprit";"6";"3";"ok";""
"Q466163";"Monologue intérieur";"Interior monologue";"esprit";"6";"1";"ok";""
"Q1156848";"Monotrope uniflore";"Monotropa uniflora";"vivant";"6";"3";"ok";""
"Q1953495";"";"Myrmeconema neotropicum";"vivant";"6";"1";"ok";""
"Q189561";"Narcolepsie";"Narcolepsy";"esprit";"6";"1";"ok";""
"Q1355729";"Neil Harbisson";"Neil Harbisson";"esprit";"6";"5";"ok";""
"Q51338449";"NGC 1052-DF2";"NGC 1052-DF2";"cosmos";"6";"3";"ok";""
"Q383187";"";"Notgeld";"histoire";"6";"1";"ok";""
"Q149300";"Nothobranchius furzeri";"Nothobranchius furzeri";"vivant";"6";"3";"ok";""
"Q2296150";"Objet de Thorne-Żytkow";"Thorne–Żytkow object";"cosmos";"6";"2";"ok";""
"Q1057207";"Opération Fortitude";"Operation Fortitude";"histoire";"6";"3";"ok";""
"Q1558713";"Opération Mongoose";"Operation Mongoose";"histoire";"6";"2";"ok";""
"Q213250";"Oreille absolue";"Absolute pitch";"esprit";"6";"2";"ok";""
"Q604428";"OSIRIS-REx";"OSIRIS-REx";"cosmos";"6";"2";"ok";""
"Q33558";"Paradoxe d'Olbers";"Olbers' paradox";"cosmos";"6";"5";"ok";""
"Q1471710";"Paradoxe de l'information";"Black hole information paradox";"cosmos";"6";"1";"ok";""
"Q486851";"Paralysie du sommeil";"Sleep paralysis";"esprit";"6";"1";"ok";""
"Q506422";"Paréidolie";"Pareidolia";"esprit";"6";"2";"ok";""
"Q39747960";"";"Perdita Barran";"esprit";"6";"1";"ok";""
"Q1072103";"Phosphène";"Phosphene";"esprit";"6";"3";"ok";""
"Q47051";"Prion (protéine)";"Prion";"vivant";"6";"4";"ok";""
"Q244438";"Prosopagnosie";"Prosopagnosia";"esprit";"6";"2";"ok";""
"Q24896809";"Prosopométamorphopsie";"Prosopometamorphopsia";"esprit";"6";"3";"ok";""
"Q589284";"Réflexe d'immersion chez les mammifères";"Diving reflex";"esprit";"6";"3";"ok";""
"Q1308639";"Rhabdophis tigrinus";"Rhabdophis tigrinus";"vivant";"6";"2";"ok";""
"Q44580";"Richard Sorge";"Richard Sorge";"histoire";"6";"5";"ok";""
"Q471892";"Robert Smalls";"Robert Smalls";"histoire";"6";"4";"ok";""
"Q2735049";"Sagittarius B2";"Sagittarius B2";"cosmos";"6";"4";"ok";""
"Q756724";"Seiche commune";"Common cuttlefish";"vivant";"6";"1";"ok";""
"Q554280";"SN 1572";"SN 1572";"cosmos";"6";"3";"ok";""
"Q1194382";"Solenopsis invicta";"Red imported fire ant";"vivant";"6";"1";"ok";""
"Q1515119";"Syndrome de Gerstmann";"Gerstmann syndrome";"esprit";"6";"3";"ok";""
"Q622901";"Syndrome de Korsakoff";"Korsakoff syndrome";"esprit";"6";"3";"ok";""
"Q15474254";"Système glymphatique";"Glymphatic system";"esprit";"6";"3";"ok";""
"Q131003";"Toxoplasma gondii";"Toxoplasma gondii";"esprit";"6";"1";"ok";""
"Q1155939";"Trou noir primordial";"Primordial black hole";"cosmos";"6";"1";"ok";""
"Q18657";"Trouble dissociatif de l'identité";"Dissociative identity disorder";"esprit";"6";"1";"ok";""
"Q2103933";"Trouble du comportement en sommeil paradoxal";"Rapid eye movement sleep behavior disorder";"esprit";"6";"1";"ok";""
"Q486088";"Ulugh Beg";"Ulugh Beg";"cosmos";"6";"2";"ok";""
"Q156081";"Ulysses (sonde spatiale)";"Ulysses (spacecraft)";"cosmos";"6";"4";"ok";""
"Q50880311";"Vachellia cornigera";"Vachellia cornigera";"vivant";"6";"1";"ok";""
"Q193155";"Vente de la Louisiane";"Louisiana Purchase";"histoire";"6";"2";"ok";""
"Q1502531";"Ver de Guinée";"Dracunculus medinensis";"vivant";"6";"1";"ok";""
"Q1419";"Vespasien";"Vespasian";"histoire";"6";"1";"ok";""
"Q162070";"Victoria amazonica";"Victoria amazonica";"vivant";"6";"1";"ok";""
"Q104865";"Vladimir Komarov";"Vladimir Komarov";"cosmos";"6";"2";"ok";""
"Q604603";"Voorwerp de Hanny";"Hanny's Voorwerp";"cosmos";"6";"1";"ok";""
"Q1339499";"WR 104";"WR 104";"cosmos";"6";"2";"ok";""
"Q1452606";"Xylospongium";"Xylospongium";"histoire";"6";"6";"ok";""
