qid;univers;titre_fr;titre_en;sources;potentiel;accord;statut;langues_ecrites;ajoute;ecrit;publie;phrase;apercu
Q596;cosmos;"(1) Cérès";"Ceres (dwarf planet)";"phare+saviez";10;4;ecrit;"fr";2026-09-03;2026-09-07;;"Piazzi l'a perdue de vue juste après l'avoir découverte ; un mathématicien de vingt-quatre ans l'a retrouvée par le seul calcul.";"(1) Cérès (désignation internationale (1) Ceres) est un astéroïde et une planète naine du Système solaire. C'est la seule planète naine située dans la ceinture d'astéroïdes, dont elle constitue environ un tiers de la masse totale."
Q242309;cosmos;"51 Pegasi b";"51 Pegasi b";"phare+saviez";10;5;ecrit;"fr";2026-09-03;2026-09-07;;"La première planète découverte autour d'une autre étoile boucle son année en quatre jours, ce que personne ne croyait possible.";"51 Pegasi b (en abrégé 51 Peg b), aussi nommée Dimidium, est une planète extrasolaire (exoplanète) confirmée en orbite autour de l'étoile 51 Pegasi, une sous-géante (classe de luminosité IV) jaune (type spectral G) de magnitude apparente 5,49 et située à une distance d'environ 51 années-lumière (15,"
Q7259;sciences;"Ada Lovelace";"Ada Lovelace";"phare+saviez";10;3;ecrit;"fr";2026-09-03;2026-09-07;;"En 1843, elle a écrit le premier programme de l'histoire pour une machine jamais construite, en prédisant qu'un jour elle composerait de la musique.";"Ada Lovelace, de son nom complet Augusta Ada King, comtesse de Lovelace, née Augusta Ada Byron le 10 décembre 1815 à Londres et morte le 27 novembre 1852 à Marylebone dans la même ville, est une pionnière de la science informatique."
Q23901473;arts;"Ambiancé";"Ambiancé";"insolite+phare";10;3;ecrit;"fr";2026-09-03;2026-09-07;;"Un artiste suédois a annoncé un film de sept cent vingt heures, à projeter une seule fois, sans entracte ni pause.";"Ambiancé est un film expérimental suédois conçu et réalisé par Anders Weberg et supposément sorti en 2020. La version intégrale du film, dont la durée supposée est de 720 heures — soit 30 jours, n'est finalement jamais projetée."
Q736374;sciences;"Ampoule centenaire";"Centennial Light";"insolite+phare+saviez";10;4;ecrit;"fr";2026-09-03;2026-09-07;;"Suspendue dans une caserne californienne, cette ampoule éclaire sans discontinuer depuis 1901 et a survécu à trois webcams chargées de la surveiller.";"L'ampoule centenaire, ou ampoule de Livermore (en anglais Centennial Light, en entier Livermore Centennial Light Bulb), est une lampe à incandescence d'une puissance de quatre watts, qui brillerait depuis 1901."
Q630678;mysteres;"Arbre du Ténéré";"Tree of Ténéré";"insolite+phare+saviez";10;6;publie;"fr";2026-09-03;;2026-09-05;"L'arbre le plus isolé du monde, seul acacia sur quatre cents kilomètres de désert, a été renversé en 1973 par un camionneur qui l'a percuté.";"L'Arbre du Ténéré était un acacia solitaire, de l'espèce Vachellia tortilis (synonymes : Acacia raddiana ou Acacia tortilis), qui fut à une époque considéré comme l'arbre le plus isolé de la Terre."
Q999;sciences;"Astate";"Astatine";"phare+saviez";10;4;ecrit;"fr";2026-09-03;2026-09-07;;"L'élément le plus rare de la croûte terrestre y est présent en moins de trente grammes à tout instant, et personne n'en a jamais vu un morceau.";"L'astate est un radioélément, de symbole At et de numéro atomique 85. C'est le plus rare des éléments chimiques hors transuraniens trouvés naturellement dans la croûte terrestre, où il est produit par décroissance radioactive d'éléments plus lourds."
Q22718;vivant;"Axolotl";"Axolotl";"insolite+phare+saviez";10;4;publie;"fr";2026-09-03;;2026-09-04;"Il reste larve toute sa vie, se reproduit sans jamais devenir adulte et repousse ses pattes, sa mâchoire, son cœur et des morceaux de son cerveau sans cicatrice.";"L’Axolotl \ak.sɔ.lɔtl\, Ambystoma mexicanum, est une espèce de salamandre néoténique faisant partie de l'ordre des urodèles et de la famille des Ambystomatidae."
Q3040;terre;"Baie d'Hudson";"Hudson Bay";"phare+saviez";10;0;ecrit;"fr";2026-09-03;2026-09-07;;"On y pèse légèrement moins qu'ailleurs : la croûte ne s'est pas encore relevée du glacier disparu il y a dix mille ans.";"La baie d'Hudson (prononcé : /bɛ d‿yd.sɔn/ ; /be d‿yd.sõ/ ; en anglais : Hudson Bay) est à la fois une baie et une mer de l'océan Arctique. Située au Canada, elle borde les provinces du Manitoba, de l'Ontario et du Québec ainsi que le territoire du Nunavut."
Q623173;vivant;"Baleine de Cuvier";"Cuvier's beaked whale";"phare+saviez";10;5;ecrit;"fr";2026-09-03;2026-09-07;;"Un individu a plongé à 2 992 mètres et un autre est resté trois heures quarante-deux sous l'eau sans respirer une seule fois.";"La baleine de Cuvier ou baleine à bec de Cuvier ou ziphius de Cuvier, également connue sous le nom de baleine à bec d'oie (Ziphius cavirostris), est la seule espèce actuelle du genre Ziphius."
Q152872;terre;"";"Ball's Pyramid";"insolite+phare+saviez";10;2;publie;"fr";2026-09-03;;2026-09-05;"Sur ce pic océanique de 562 mètres, on a retrouvé vivant un insecte géant déclaré éteint depuis quatre-vingts ans.";"La pyramide de Ball (en anglais : Ball's Pyramid) est une île australienne située dans la mer de Tasman, au sud-est de l'île Lord Howe. Il s'agit d'un neck, les restes érodés d'une cheminée volcanique, culminant à 562 mètres d'altitude, d'une longueur d'environ 1 100 mètres sur 300 mètres de large."
Q133600;mysteres;"Banksy";"Banksy";"phare+saviez";10;0;ecrit;"fr";2026-09-03;2026-09-07;;"Il a fait s'autodétruire un tableau en pleine vente aux enchères, et nul ne sait toujours à qui appartenait la main sur la télécommande.";"Banksy est un artiste d'art urbain qui travaille sous pseudonyme. Son véritable nom et son identité exacte sont inconnus et font l'objet de spéculations."
Q18864;vivant;"Barge rousse";"Bar-tailed godwit";"phare+saviez";10;5;publie;"fr";2026-09-03;;2026-09-05;"Une jeune barge baguée a volé de l'Alaska à la Tasmanie sans se poser une seule fois : 13 560 kilomètres en onze jours sans manger ni boire.";"La Barge rousse (Limosa lapponica) est une espèce d'oiseaux Charadriiformes de la famille des Scolopacidae."
Q48328;arts;"Beowulf";"Beowulf";"phare+saviez";10;2;ecrit;"fr";2026-09-03;2026-09-07;;"L'unique manuscrit a brûlé sur ses bords en 1731 et s'effrite un peu plus à chaque fois qu'on le manipule.";"Le Beowulf (prononcé en vieil anglais [ˈbeːowuɫf]) est un poème épique allitératif en vieil anglais. C'est un texte majeur de la poésie vieil-anglaise : long de 3 182 vers, c'est le plus long texte poétique germanique du haut Moyen Âge connu."
Q211453;histoire;"Bête du Gévaudan";"Beast of Gévaudan";"insolite+phare";10;1;ecrit;"fr";2026-09-03;2026-09-07;;"Elle a tué plus de cent personnes en trois ans, mobilisé les dragons du roi, et personne ne sait toujours ce que c'était.";"La bête du Gévaudan est le surnom d'un ou plusieurs canidés ayant commis des attaques contre des humains en France entre le 30 juin 1764 et le 19 juin 1767. Le plus souvent mortelles, ces agressions (entre 88 et 124 selon certaines sources) ont surtout lieu dans le nord de l'ancien pays du Gévaudan, région d'élevage correspondant globalement à l'actuel département de la Lozère."
Q620634;histoire;"Bir Tawil";"Bir Tawil";"insolite+phare+saviez";10;5;publie;"fr";2026-09-03;;2026-09-04;"Ce territoire entre l'Égypte et le Soudan est refusé par les deux pays, parce que le revendiquer ferait perdre une région bien plus grande.";"Le Bir Tawil ou Bi'r Tawīl (en arabe égyptien : بير طويل Bīr Ṭawīl, /biːɾ tɑˈwiːl/ ; Biˈr بئر signifiant « puits », Ṭawīl طويل signifiant long ou profond) est une petite région de la frontière entre l'Égypte et le Soudan."
Q732267;mysteres;"Bloop";"Bloop";"insolite+phare+saviez";10;2;ecrit;"fr";2026-09-03;2026-09-07;;"Des micros sous-marins ont capté en 1997 un son entendu à cinq mille kilomètres de distance ; la réponse fut un iceberg qui se fissurait.";"Le bloop est un son d'ultra-basse fréquence détecté par le National Oceanic and Atmospheric Administration (NOAA) américain à plusieurs reprises durant l'été 1997 dans l'océan Pacifique au large de l'Amérique du Sud."
Q17069410;arts;"Bouteille de vin de Spire";"Speyer wine bottle";"insolite+phare+saviez";10;5;ecrit;"fr";2026-09-03;2026-09-07;;"Scellée vers l'an 325, la seule bouteille de vin romain encore liquide n'a jamais été ouverte, personne n'osant en briser le sceau.";"La bouteille de vin de Spire, qui contient probablement du vin, a été trouvée à proximité de Spire, en Allemagne, en 1867 et est qualifiée de « plus vieille bouteille de vin existante » au monde."
Q7514916;terre;"";"Bridgmanite";"phare+saviez";10;2;ecrit;"fr";2026-09-03;2026-09-07;;"Le minéral le plus abondant de la planète n'a reçu un nom qu'en 2014, faute d'avoir jamais pu en tenir un grain dans la main.";"La bridgmanite, une pérovskite silicatée, est le minéral le plus abondant sur Terre et le principal minéral du manteau inférieur terrestre."
Q12138;histoire;"Calendrier grégorien";"Gregorian calendar";"phare+saviez";10;5;ecrit;"fr";2026-09-03;2026-09-07;;"En octobre 1582, les catholiques se sont couchés le jeudi 4 et réveillés le vendredi 15; dix jours n'ont jamais existé.";"Le calendrier grégorien est un calendrier solaire conçu à la fin du XVIe siècle pour prendre en compte la dérive séculaire du calendrier julien alors en usage. À la demande du pape Grégoire XIII, des mathématiciens et des astronomes jésuites, dont Christophorus Clavius, préparaient les bases d'un nouveau calendrier depuis 1579."
Q1550228;histoire;"Catastrophe de Courrières";"Courrières mine disaster";"phare+saviez";10;6;ecrit;"fr";2026-09-03;2026-09-07;;"Onze cents mineurs sont morts en 1906, et treize hommes sont ressortis vivants après vingt jours sous terre, alors que les recherches avaient cessé.";"La catastrophe de Courrières est une catastrophe minière qui s'est produite entre Courrières et Lens, le samedi 10 mars 1906, faisant officiellement 1 099 morts."
Q386074;cosmos;"Catastrophe de Nedeline";"Nedelin catastrophe";"phare+saviez";10;2;publie;"fr";2026-09-03;;2026-09-05;"En 1960, une fusée s'enflamme sur son pas de tir avec les ingénieurs tout autour : une centaine de morts, tus pendant trente ans.";"La catastrophe de Nedeline, ou désastre de Nedeline, est un accident survenu le 24 octobre 1960 au cosmodrome de Baïkonour, dans la République socialiste soviétique kazakhe, en Union soviétique."
Q492386;mysteres;"Centralia (Pennsylvanie)";"Centralia, Pennsylvania";"insolite+phare+saviez";10;6;publie;"fr";2026-09-03;;2026-09-05;"Un feu de mine allumé en 1962 brûle toujours sous la ville ; il reste une poignée d'habitants et le code postal a été supprimé.";"Centralia est une ville fantôme du comté de Columbia, dans l'État de Pennsylvanie, aux États-Unis, aujourd’hui pratiquement abandonnée à la suite d'un incendie accidentel dans la mine de charbon souterraine s'étendant sous la ville, qui brûle depuis 1962 et ne s'éteint pas."
Q193330;mysteres;"Cercle de culture";"Crop circle";"insolite+phare";10;2;ecrit;"fr";2026-09-03;2026-09-07;;"Deux Anglais ont avoué en 1991 avoir tracé les premiers cercles de culture avec une planche et une corde, après quinze ans de mystère mondial.";"Un cercle de culture (traduction de la dénomination anglaise « crop circle »), ou parfois « agrogramme » ou « agroglyphe », est un vaste motif ou ensemble de motifs géométriques créés dans un champ de céréales (généralement de blé) par courbure et couchage des épis."
Q391632;histoire;"Cher Ami";"Cher Ami";"insolite+phare+saviez";10;3;ecrit;"fr";2026-09-03;2026-09-07;;"Un pigeon a livré le message qui a sauvé deux cents Américains encerclés en 1918, avec une patte arrachée et une balle dans la poitrine.";"Cher Ami est un pigeon voyageur donné par des colombophiles du Royaume-Uni, entraîné par des colombophiles américains, puis reversé à l'United States Army Signal Corps pour un usage en France lors de la Première Guerre mondiale."
Q1022918;arts;"Citadelle de Kowloon";"Kowloon Walled City";"insolite+phare+saviez";10;1;publie;"fr";2026-09-03;;2026-09-05;"Trente mille personnes vivaient dans un bloc bâti sans aucun architecte, où la lumière du jour n'atteignait jamais le sol.";"La citadelle de Kowloon (en chinois simplifié : 九龙城寨 ; chinois traditionnel : 九龍城寨 ; pinyin : Jiǔlóng Chéng Zhài ; cantonais Jyutping : gau2 lung4 sing4 zaai6), dans la péninsule de Kowloon, était une enclave chinoise au milieu de la colonie de Hong Kong, jusqu'à sa démolition au début des années 1990."
Q1414811;histoire;"Concile cadavérique";"Cadaver Synod";"insolite+phare+saviez";10;1;publie;"fr";2026-09-03;;2026-09-05;"Un pape déterré, rhabillé, assis sur un trône et jugé neuf mois après sa mort.";"Le concile cadavérique (en latin Synodus Horrenda) est une assemblée de prélats convoquée à Rome, en janvier 897, par le pape Étienne VI qui la préside, afin de juger à titre posthume le pape Formose."
Q2658232;arts;"Cristina Calderón";"Cristina Calderón";"phare+saviez";10;4;ecrit;"fr";2026-09-03;2026-09-07;;"Elle fut jusqu'en 2022 la dernière personne au monde à parler le yagan, la langue de la Terre de Feu.";"Cristina Calderón, née le 24 mai 1928 à Robalo sur l'île Navarino et morte le 16 février 2022 à Punta Arenas, est l'une des dernières représentantes du peuple yagan et la dernière locutrice native de la langue yagan, après la mort de sa sœur Úrsula en 2003, puis de sa belle-sœur Emelinda Acuña survenue le 12 octobre 2005."
Q48558;cosmos;"Dawn (sonde spatiale)";"Dawn (spacecraft)";"phare+saviez";10;3;ecrit;"fr";2026-09-03;2026-09-07;;"Grâce à ses moteurs ioniques, elle est la seule sonde à s'être mise en orbite autour de deux mondes différents.";"Dawn (« Aube » en anglais) est une sonde spatiale de la NASA, dont la mission consistait à étudier Vesta et Cérès, les deux principaux corps de la ceinture d'astéroïdes."
Q4205186;mysteres;"Disparition des enfants Beaumont";"Disappearance of the Beaumont children";"phare+saviez";10;6;ecrit;"fr";2026-09-03;2026-09-07;;"Trois enfants partis seuls à la plage un matin de 1966 à Adélaïde ; un pays entier cherche depuis soixante ans sans un indice décisif.";"Jane Nartare Beaumont (née le 10 septembre 1956), Arnna Kathleen Beaumont (née le 11 novembre 1958) et Grant Ellis Beaumont (né le 12 juillet 1961), collectivement désignés dans les médias comme les enfants Beaumont, sont trois sœurs et frère australiens qui ont disparu de la plage de Glenelg, près"
Q465338;mysteres;"Disque de Phaistos";"Phaistos Disc";"insolite+phare+saviez";10;3;ecrit;"fr";2026-09-03;2026-09-07;;"Deux cent quarante et un signes imprimés sur de l'argile il y a trois mille cinq cents ans. Toujours indéchiffrés.";"Le disque de Phaistos ou disque de Phaestos est un disque d'argile cuite découvert en 1908 par l'archéologue italien Luigi Pernier sur le site archéologique du palais minoen de Phaistos, en Crète."
Q254117;terre;"Eisriesenwelt";"Eisriesenwelt";"phare+saviez";10;2;ecrit;"fr";2026-09-03;2026-09-07;;"Quarante-deux kilomètres de grotte autrichienne dont la glace ne fond jamais, entretenue par un courant d'air qui ne souffle qu'en hiver.";"Eisriesenwelt (en allemand : Le monde des géants de glace) est une cavité souterraine formant une glacière naturelle située près de la ville de Werfen en Autriche dans le Land de Salzbourg, district de Sankt Johann im Pongau."
Q232505;arts;"Enheduana";"Enheduanna";"phare+saviez";10;3;ecrit;"fr";2026-09-03;2026-09-07;;"La première personne de l'histoire à signer un texte de son nom était une prêtresse sumérienne, il y a plus de quatre mille ans.";"Enheduana (mais, aussi Enheduanna, en sumérien En-hedu-ana, généralement traduit par « La grande prêtresse est l'ornement du Ciel ») est une princesse de la dynastie d'Akkad qui a vécu au XXIIIe siècle av."
Q8753;sciences;"Enrico Fermi";"Enrico Fermi";"phare+saviez";10;4;ecrit;"fr";2026-09-03;2026-09-07;;"Son Nobel de 1938 récompensait des éléments nouveaux qu'il n'avait jamais fabriqués : il avait en réalité cassé des noyaux sans s'en rendre compte.";"Enrico Fermi est un physicien italien naturalisé américain, né le 29 septembre 1901 à Rome et mort le 28 novembre 1954 à Chicago."
Q1356041;arts;"";"Ern Malley";"phare+saviez";10;1;a-ecrire;"";2026-09-03;;;"Deux poètes ont fabriqué en une après-midi un poète mort et ses vers pris au hasard ; la revue dupée ne s'en est jamais remise.";"Ernest Lalor Malley, connu sous le nom Ern Malley, est un poète fictif et la figure centrale du plus célèbre canular littéraire d'Australie, communément appelé canular Ern Malley ou affaire Ern Malley."
Q899222;mysteres;"Expérience de la goutte de poix";"Pitch drop experiment";"insolite+phare+saviez";10;3;ecrit;"fr";2026-09-03;2026-09-07;;"L'expérience la plus longue du monde : une goutte tombe tous les dix ans. Personne n'en avait jamais vu tomber une avant 2013.";"L'expérience de la goutte de poix est une expérience scientifique de longue durée destinée à mesurer l'écoulement d'un fragment de poix sur de nombreuses années."
Q502073;histoire;"Explosion d'Halifax";"Halifax Explosion";"phare+saviez";10;3;ecrit;"fr";2026-09-03;2026-09-07;;"En 1917 deux navires se sont frôlés dans un port canadien et ont produit la plus grande explosion humaine d'avant la bombe atomique.";"L'explosion d'Halifax est l'une des plus puissantes explosions non nucléaires de l'Histoire, survenue par accident à la suite de la collision de deux navires (dont l'un transportant de grosses quantités d'explosifs) le 6 décembre 1917 dans le port de la ville canadienne d'Halifax, en Nouvelle-Écosse."
Q816838;cosmos;"Face cachée de la Lune";"Far side of the Moon";"phare+saviez";10;4;ecrit;"fr";2026-09-03;2026-09-07;;"Elle n'a été vue par des yeux humains qu'en 1968, alors que des milliards d'humains regardaient l'autre face depuis toujours.";"La face cachée de la Lune est l'hémisphère de la Lune qui se situe en permanence du côté opposé à la Terre, l'autre étant nommé face visible de la Lune. En effet, un seul et même hémisphère de la Lune est visible depuis la Terre, car la Lune possède une période de rotation égale à sa période de révolution (27,321 7 jours), phénomène appelé rotation synchrone."
Q1161218;arts;"Fallen Astronaut";"Fallen Astronaut";"insolite+phare+saviez";10;4;ecrit;"fr";2026-09-03;2026-09-07;;"Une figurine d'aluminium de huit centimètres a été déposée en secret sur la Lune en 1971, à côté d'une liste de morts.";"Fallen Astronaut (de l'anglais, litt. « Astronaute tombé ») est une statuette en aluminium de 8,5 cm de haut, représentant de façon stylisée un astronaute dans sa combinaison spatiale."
Q2051704;esprit;"Faux souvenirs";"False memory";"insolite+phare";10;1;ecrit;"fr";2026-09-03;2026-09-07;;"Des millions de personnes se souviennent avec précision d'un logo, d'une réplique ou d'une mort qui n'ont jamais existé sous cette forme.";"Un faux souvenir est un phénomène psychologique qui se produit lorsqu'une personne se remémore un événement qui ne s'est pas réellement produit. L'idée de faux souvenirs remonte aux débuts de la psychanalyse avec Sigmund Freud et Pierre Janet."
Q833975;terre;"Ferdinandea";"Graham Island (Mediterranean Sea)";"insolite+phare+saviez";10;2;publie;"fr";2026-09-03;;2026-09-05;"Cette île sicilienne a surgi de la mer en 1831, a été revendiquée par trois pays, puis a coulé avant que le conflit ne soit tranché.";"Ferdinandea est une île éphémère créée par le volcan sous-marin Empédocle et faisant partie des champs Phlégréens de la mer de Sicile. Elle est située dans les eaux territoriales de l'Italie, entre la Sicile au nord-est et l'île de Pantelleria au sud-ouest."
Q223085;histoire;"";"Football War";"insolite+phare+saviez";10;5;publie;"fr";2026-09-03;;2026-09-04;"Un match de qualification pour la Coupe du monde 1969 a servi de détonateur à une guerre de cent heures entre le Salvador et le Honduras.";"La guerre de Cent Heures est un conflit qui opposa le Salvador et le Honduras en juillet 1969. Elle est surnommée « guerre du football », même si le football n’a été que le catalyseur et non la cause profonde de cette guerre."
Q433609;mysteres;"Frédéric Bourdin";"";"insolite+phare";10;2;publie;"fr";2026-09-03;;2026-09-05;"Ce Français de 23 ans aux yeux bruns s'est fait passer pour un adolescent américain disparu aux yeux bleus, et sa « famille » l'a hébergé cinq mois.";"Frédéric Bourdin, né le 13 juin 1974 à Nanterre (Hauts-de-Seine), surnommé « Le caméléon », est un usurpateur d'identités français. Il est également connu pour être un très grand manipulateur."
Q180381;sciences;"Fusion froide";"Cold fusion";"phare+saviez";10;2;ecrit;"fr";2026-09-03;2026-09-07;;"En 1989, deux chimistes ont annoncé en conférence de presse une énergie illimitée dans un bocal ; des centaines de laboratoires n'ont jamais rien reproduit.";"« Fusion froide » est une expression médiatique qui désigne des réactions supposées nucléaires à température et pression ambiantes. La plus connue est celle qui semble être une fusion nucléaire réalisée selon des techniques dérivées d'une expérience réalisée par Martin Fleischmann et Stanley Pons en mars 1989."
Q18207282;arts;"";"Future Library project";"insolite+phare+saviez";10;1;publie;"fr";2026-09-03;;2026-09-05;"Cent écrivains déposent un texte scellé jusqu'en 2114, qui sera imprimé sur une forêt norvégienne plantée exprès pour lui.";"La « bibliothèque du futur » (anglais : Future Library, norvégien : Framtidsbiblioteket) est un projet mené par l'artiste écossaise Katie Paterson (en) : celle-ci prévoit d'accumuler 100 manuscrits pour les éditer et les publier en 2114."
Q2620036;mysteres;"Géoglyphes de Nazca";"Nazca lines";"insolite+phare+saviez";10;3;publie;"fr";2026-09-03;;2026-09-04;"Des figures de plusieurs centaines de mètres que personne au sol ne peut voir en entier, tracées mille cinq cents ans avant le premier avion.";"Les géoglyphes de Nazca (ou Nasca), appelés communément lignes de Nazca, sont de grandes figures tracées sur le sol représentant des animaux stylisés ou de simples lignes longues de plusieurs kilomètres, visibles dans le désert de Nazca dans le sud du Pérou."
Q958391;mysteres;"Georgia Guidestones";"Georgia Guidestones";"insolite+phare+saviez";10;4;publie;"fr";2026-09-03;;2026-09-05;"Un inconnu sous pseudonyme a payé en 1979 un monument de granit gravé de dix préceptes en huit langues ; une explosion l'a détruit en 2022.";"Les Georgia Guidestones, en français pierres guides de Géorgie, appelées aussi le « Stonehenge américain », étaient un monument en granite érigé le 22 mars 1980 près d'Elberton en Géorgie, aux États-Unis, et détruit le 6 juillet 2022."
Q43284;vivant;"Ginkgo biloba";"Ginkgo biloba";"phare+saviez";10;0;ecrit;"fr";2026-09-03;2026-09-07;;"Six de ces arbres poussaient à moins de deux kilomètres de l'explosion d'Hiroshima : ils ont bourgeonné dès le printemps suivant et sont toujours debout.";"Le Ginkgo, aussi appelé arbre aux quarante écus, arbre aux mille écus, ou encore arbre aux abricots d'argent (Ginkgo biloba L., 1771) (银杏 yínxìng en chinois), est une espèce d'arbre gymnosperme et la seule représentante actuelle de la famille des Ginkgoaceae."
Q40605;sciences;"Grand collisionneur de hadrons";"Large Hadron Collider";"phare+saviez";10;2;ecrit;"fr";2026-09-03;2026-09-07;;"La machine la plus complexe jamais construite a été mise à l'arrêt une fois par une fouine et une autre fois par un morceau de pain tombé d'un oiseau.";"Le Grand collisionneur de hadrons (en anglais : Large Hadron Collider — LHC) est un accélérateur de particules mis en fonction en 2008 au CERN et situé dans la région frontalière entre la France et la Suisse, entre la périphérie nord-ouest de Genève et le pays de Gex (France)."
Q1129089;histoire;"Grande inondation de mélasse de Boston";"Great Molasses Flood";"insolite+phare+saviez";10;1;publie;"fr";2026-09-03;;2026-09-05;"Une vague de mélasse de huit mètres à trente-cinq kilomètres-heure. Vingt et un morts.";"La grande inondation de mélasse de Boston (en anglais : Boston Molasses Disaster, Great Molasses Flood ou The Great Boston Molasses Tragedy) est une catastrophe industrielle qui eut lieu le 15 janvier 1919 dans le North End de Boston (Massachusetts, États-Unis)."
Q748231;vivant;"Graneledone boreopacifica";"";"phare+saviez";10;1;publie;"fr";2026-09-03;;2026-09-05;"Une pieuvre observée au fond du Pacifique a couvé ses œufs pendant cinquante-trois mois sans jamais manger, puis est morte à leur éclosion.";"Graneledone boreopacifica est une espèce de pieuvres de la famille des Octopodidae. L’espèce est présente dans la zone bathyale des océans Pacifique et Atlantique ; des individus ont été repérés jusqu’à 3 000 mètres de profondeur."
Q380146;arts;"";"Graun im Vinschgau";"insolite+phare";10;2;ecrit;"fr";2026-09-03;2026-09-07;;"Un clocher roman émerge seul d'un lac du Tyrol du Sud, dernier vestige d'un village noyé sous les eaux en 1950.";"Curon Venosta (en allemand, Graun im Vinschgau) est une commune italienne d'environ 2 400 habitants située dans la province autonome de Bolzano dans la région du Trentin-Haut-Adige, au nord-est de l'Italie."
Q1054482;histoire;"Guerre de Trois cent trente-cinq Ans";"Three Hundred and Thirty Five Years' War";"insolite+phare+saviez";10;3;ecrit;"fr";2026-09-03;2026-09-07;;"Les Pays-Bas et l'archipel des Scilly sont restés officiellement en guerre de 1651 à 1986, sans un seul coup de feu tiré.";"La guerre de Trois cent trente-cinq Ans (anglais : Three Hundred and Thirty Five Years' War, néerlandais : Driehonderdvijfendertigjarige Oorlog) est une guerre entre les Provinces-Unies (devenues les Pays-Bas) et les Sorlingues (situées au sud-ouest de la Cornouailles)."
Q730222;sciences;"";"Ham sandwich theorem";"insolite+phare+saviez";10;3;ecrit;"fr";2026-09-03;2026-09-07;;"Où qu'on jette le pain, le jambon et le fromage dans la pièce, un unique coup de couteau plat les coupe tous les trois en deux.";"En mathématiques, le théorème du sandwich au jambon, ou théorème de Stone-Tukey, s'exprime, de façon imagée, comme la possibilité de couper en quantités égales, d'un seul coup de couteau, le jambon, le fromage et le pain d'un sandwich."
Q312722;mysteres;"Harold Holt";"Harold Holt";"insolite+phare+saviez";10;5;publie;"fr";2026-09-03;;2026-09-04;"Le Premier ministre australien se baigne un matin de 1967 et ne revient pas ; on a baptisé une piscine municipale en sa mémoire.";"Harold Edward Holt, né le 5 août 1908 à Sydney (Nouvelle-Galles du Sud) et présumé mort le 17 décembre 1967, est un homme d'État australien, dix-septième Premier ministre d'Australie en 1966."
Q44822;histoire;"Henry Gunther";"";"insolite+phare+saviez";10;4;ecrit;"fr";2026-09-03;2026-09-07;;"Un soldat américain a chargé un poste de mitrailleuses à dix heures cinquante-neuf le 11 novembre 1918, et les Allemands lui faisaient signe de reculer.";"Henry Nicholas Gunther, né le 6 juin 1895 à Baltimore aux États-Unis et mort au combat le 11 novembre 1918 à Chaumont-devant-Damvillers en France, est un soldat américain qui a combattu durant la Première Guerre mondiale."
Q295162;histoire;"Hirō Onoda";"Hiroo Onoda";"insolite+phare+saviez";10;7;publie;"fr";2026-09-03;;2026-09-04;"Il a continué la Seconde Guerre mondiale seul dans la jungle jusqu'en 1974, refusant de croire qu'elle était finie.";"Hirō Onoda (小野田 寛郎, Onoda Hirō), né le 19 mars 1922 (an 11 de l'ère Taishō) dans le village de Kamekawa (aujourd'hui situé dans la ville de Kainan) dans la préfecture de Wakayama au Japon, et mort le 16 janvier 2014, est un soldat japonais en poste sur l'île de Lubang, dans les Philippines, qui refu"
Q216876;terre;"";"Hoba meteorite";"insolite+phare+saviez";10;5;ecrit;"fr";2026-09-03;2026-09-07;;"Soixante tonnes de fer tombées en Namibie n'ont jamais été déplacées : c'est le plus gros bloc de métal naturel connu à la surface.";"La météorite d'Hoba, située sur la ferme d'Hoba West, près de Grootfontein, en Namibie, est la plus grande météorite connue (60 tonnes en un seul morceau) et le plus gros bloc naturel de fer connu à la surface de la Terre."
Q3143318;terre;"";"Hunga Tonga–Hunga Haʻapai";"insolite+phare";10;2;ecrit;"fr";2026-09-03;2026-09-07;;"L'explosion de 2022 a projeté un panache à cinquante-sept kilomètres d'altitude et son onde de choc a fait plusieurs fois le tour du globe.";"Hunga Tonga est un volcan sous-marin du royaume des Tonga dans le sud-ouest de l'océan Pacifique. En 2015, une éruption relie les deux îles Hunga Tonga et Hunga Ha'apai par un isthme."
Q738556;terre;"";"Iceberg B-15";"phare+saviez";10;4;ecrit;"fr";2026-09-03;2026-09-07;;"Un iceberg plus grand que la Jamaïque s'est détaché en 2000 et a dérivé pendant dix-huit ans avant de fondre.";"L'iceberg B-15 est un iceberg détaché de la barrière de glace de Ross en Antarctique en l'an 2000. C'est le plus grand iceberg dont l’existence ait été jamais enregistrée (à la date de mai 2021) avec une superficie de plus de 11 000 km2."
Q59736;sciences;"Ignace Philippe Semmelweis";"Ignaz Semmelweis";"insolite+phare+saviez";10;2;publie;"fr";2026-09-03;;2026-09-04;"Il a divisé par dix la mortalité des accouchées en imposant le lavage des mains, et ses confrères l'ont fait interner.";"Ignaz Philipp Semmelweis (en hongrois : Semmelweis Ignác Fülöp), né le 1er juillet 1818 à Buda (qui fait aujourd'hui partie de Budapest en Hongrie) et mort le 13 août 1865 à Döbling près de Vienne, est un médecin obstétricien hongrois qui œuvra pour l'hygiène des mains."
Q373767;histoire;"Île des Faisans";"Pheasant Island";"insolite+phare+saviez";10;1;ecrit;"fr";2026-09-03;2026-09-07;;"Un îlot de trois mille mètres carrés sur la Bidassoa change de nationalité tous les six mois depuis 1659, et personne n'y habite.";"L'île des Faisans (en basque : Faisaien uhartea/irla ; en espagnol : Isla de los Faisanes) ou île de la Conférence (en basque : Konpantzia) est une petite île fluviale située sur la Bidassoa, près de son embouchure et de la baie de Chingoudy, sur la frontière franco-espagnole."
Q1150973;terre;"Inondations de 1931 en Chine";"1931 China floods";"phare+saviez";10;4;ecrit;"fr";2026-09-03;2026-09-07;;"La pire catastrophe naturelle jamais enregistrée a noyé une surface grande comme l'Angleterre et tué jusqu'à quatre millions de personnes.";"Les inondations de 1931 en Chine sont l’une des catastrophes naturelles les plus meurtrières du XXe siècle, hors pandémies et famines. Un hiver neigeux suivi d'un printemps et d'un été pluvieux causent une crue exceptionnelle du Yangzi Jiang et du fleuve Jaune, ainsi que de la rivière Huai He."
Q1294046;mysteres;"James Barry (médecin)";"James Barry (surgeon)";"phare+saviez";10;5;publie;"fr";2026-09-03;;2026-09-05;"Chirurgien vedette de l'armée britannique pendant quarante ans, il fut découvert au moment de sa toilette mortuaire en 1865 avoir un corps de femme.";"James Miranda Stuart Barry, né Margaret Ann Bulkley vers 1789-1799 à Belfast ou Cork, et mort le 25 juillet 1865 à Londres, est un chirurgien militaire de l'armée britannique."
Q182260;mysteres;"Jeanne Calment";"Jeanne Calment";"insolite+phare+saviez";10;2;publie;"fr";2026-09-03;;2026-09-04;"Morte à 122 ans, elle avait vendu son appartement en viager à un notaire de 47 ans, qui est décédé avant elle après lui avoir versé plus que sa valeur.";"Jeanne Calment est une supercentenaire française née le 21 février 1875 à Arles (Bouches-du-Rhône) et morte le 4 août 1997 dans la même ville, à l'âge de 122 ans, 5 mois et 14 jours."
Q497072;esprit;"Joseph Meister";"";"phare+saviez";10;5;ecrit;"fr";2026-09-03;2026-09-07;;"Enfant mordu par un chien enragé, il a reçu en 1885 un vaccin jamais essayé sur l'être humain, et il a survécu.";"Joseph Meister, né le 21 février 1876 à Paris et mort le 24 juin 1940 dans la même ville, est un Alsacien qui, à l'âge de neuf ans, après avoir été mordu 14 fois par un chien, fut vacciné contre la rage par le Professeur Grancher."
Q595140;arts;"La Disparition (roman)";"";"insolite+phare+saviez";10;6;publie;"fr";2026-09-03;;2026-09-05;"Un roman de trois cents pages sans une seule lettre e, traduit dans plusieurs langues en respectant la même contrainte.";"La Disparition est un roman en lipogramme de Georges Perec publié en 1969, qui sur près de trois cents pages, ne comporte pas une seule fois la lettre e, pourtant la plus utilisée dans la langue française."
Q1544731;terre;"";"Lake Peigneur";"insolite+phare+saviez";10;1;publie;"fr";2026-09-03;;2026-09-05;"Une foreuse a percé le plafond d'une mine de sel sous le lac en 1980 : l'eau s'est engouffrée et le lac tout entier a disparu dans le trou.";"Le lac Peigneur (Peigneur Lake) est un petit plan d'eau situé dans la paroisse de l'Ibérie en Louisiane, aux États-Unis. Il est particulièrement connu pour la catastrophe industrielle qui l'a frappé le 20 novembre 1980."
Q7604;sciences;"Leonhard Euler";"Leonhard Euler";"phare+saviez";10;0;ecrit;"fr";2026-09-03;2026-09-07;;"Devenu totalement aveugle, il a doublé sa production et dicté tant de mémoires qu'on en publiait encore cinquante ans après sa mort.";"Leonhard Euler (en allemand : [ˈleːɔnhaʁt ˈɔɪ̯lɐ] ), né le 15 avril 1707 à Bâle (Suisse) et mort le 7 septembre 1783 (18 septembre dans le calendrier grégorien) à Saint-Pétersbourg (Empire russe), est un mathématicien et physicien suisse, qui passa la plus grande partie de sa vie dans l'Empire russe et en Allemagne."
Q16570;vivant;"";"Lonesome George";"insolite+phare";10;2;ecrit;"fr";2026-09-03;2026-09-07;;"Dernier de sa sous-espèce, il a refusé pendant quarante ans toutes les femelles qu'on lui présentait et l'a emportée avec lui en 2012.";"Georges le solitaire, originellement el Solitario Jorge en espagnol, est le nom donné à celui que l'on pensait être la dernière tortue connue de l'espèce Chelonoidis abingdonii, une des dix espèces de tortues géantes des Galápagos."
Q179492;mysteres;"Manuscrit de Voynich";"Voynich manuscript";"insolite+phare+saviez";10;2;publie;"fr";2026-09-03;;2026-09-04;"Deux cent quarante pages dans une écriture que personne n'a jamais lue, illustrées de plantes qui n'existent pas.";"Le manuscrit de Voynich est un livre illustré anonyme rédigé dans une écriture à ce jour non déchiffrée et une langue non identifiée."
Q574464;cosmos;"Mars Climate Orbiter";"Mars Climate Orbiter";"insolite+phare+saviez";10;2;ecrit;"fr";2026-09-03;2026-09-07;;"Une sonde à 300 millions de dollars détruite parce qu'une équipe travaillait en unités impériales et l'autre en métrique.";"Mars Climate Orbiter (anciennement Mars Surveyor Orbiter) est une des deux sondes spatiales de l'agence spatiale américaine, la NASA, lancée en 1998 pour étudier la planète Mars."
Q1139250;arts;"Mémorial Crazy Horse";"Crazy Horse Memorial";"insolite+phare";10;2;ecrit;"fr";2026-09-03;2026-09-07;;"Commencée en 1948, la sculpture n'a encore que le visage terminé ; son nez mesure à lui seul près de huit mètres.";"Le mémorial Crazy Horse, en anglais Crazy Horse Memorial, est un monument sculpté dans la montagne d'après le projet de Korczak Ziółkowski et situé dans les Black Hills, dans le Dakota du Sud aux États-Unis, représentant Crazy Horse, un guerrier et chef sioux du clan Oglala, tribu des Lakota, monté"
Q1757822;arts;"Merde d'artiste";"Artist's Shit";"insolite+phare";10;3;publie;"fr";2026-09-03;;2026-09-05;"Quatre-vingt-dix boîtes de conserve scellées en 1961 se vendent aujourd'hui bien plus cher que leur poids en or.";"Merde d'artiste (ou en italien Merda d’artista) est une œuvre de l’artiste italien Piero Manzoni influencée par les ready-mades de Marcel Duchamp. L'œuvre réalisée en 1961 se compose de 90 boîtes de conserve cylindriques en métal (4,8 × 6 cm), hermétiquement fermées, qui contiennent les excréments de l'artiste, étiquetées, numérotées et signées."
Q4661508;cosmos;"Météore de Tcheliabinsk";"Chelyabinsk meteor";"phare+saviez";10;1;ecrit;"fr";2026-09-03;2026-09-07;;"Un rocher de vingt mètres invisible jusqu'au dernier instant a blessé 1 500 personnes avec ses seules ondes de choc en 2013.";"Le météore de Tcheliabinsk ou bolide de Tcheliabinsk, parfois qualifié de superbolide de Tcheliabinsk, est un bolide qui a été observé dans le ciel du sud de l’Oural, au-dessus de l’oblast de Tcheliabinsk près du Kazakhstan, le matin du 15 février 2013 vers 9 h 20 locales (3 h 20 UTC)."
Q2564923;mysteres;"Météorite de Sylacauga";"";"insolite+phare+saviez";10;2;ecrit;"fr";2026-09-03;2026-09-07;;"En 1954, une pierre de quatre kilos traverse un toit, rebondit sur un poste de radio et meurtrit Ann Hodges endormie sur son canapé.";"La météorite de Sylacauga, en anglais Sylacauga meteorite, est une météorite tombée sur Terre le 30 novembre 1954 à Oak Grove, un faubourg de Sylacauga, dans l'Alabama, aux États-Unis."
Q10934;cosmos;"Nébuleuse du Crabe";"Crab Nebula";"phare+saviez";10;5;ecrit;"fr";2026-09-03;2026-09-07;;"Les Chinois ont noté en 1054 une étoile visible en plein jour pendant vingt-trois jours ; ses débris filent toujours à 1 500 km/s.";"La nébuleuse du Crabe (M1, NGC 1952, Taurus A, Taurus X-1, Sh2-244) est une nébuleuse de vent de pulsar (plérion) et un rémanent de supernova de la constellation du Taureau, du bras de Persée de la Voie lactée."
Q2126;cosmos;"Neutrino";"Neutrino";"phare+saviez";10;1;ecrit;"fr";2026-09-03;2026-09-07;;"Cent mille milliards de neutrinos traversent votre corps chaque seconde sans jamais rien toucher.";"Le neutrino est une particule élémentaire du modèle standard de la physique des particules. Les neutrinos sont des fermions de spin ½, plus précisément des leptons."
Q649549;vivant;"";"Nine-banded armadillo";"phare+saviez";10;0;ecrit;"fr";2026-09-03;2026-09-07;;"Il donne toujours naissance à quatre petits génétiquement identiques issus d'un seul œuf, et c'est l'un des rares animaux à contracter la lèpre.";"Le tatou à neuf bandes ou tatou commun (Dasypus novemcinctus) est une espèce de tatous de la sous-famille des Dasypodinae. C'est l'espèce la plus répandue du genre."
Q186875;sciences;"Nombre de Mersenne premier";"Mersenne prime";"phare+saviez";10;2;ecrit;"fr";2026-09-03;2026-09-07;;"Le plus grand nombre premier connu compte plus de quarante millions de chiffres : l'imprimer remplirait plusieurs dizaines de milliers de pages serrées.";"En mathématiques et plus précisément en arithmétique, un nombre de Mersenne est un nombre de la forme 2n − 1 (souvent noté Mn), où n est un entier naturel non nul ; un nombre de Mersenne premier (ou nombre premier de Mersenne) est donc un nombre premier de cette forme."
Q746787;terre;"Ol Doinyo Lengaï";"Ol Doinyo Lengai";"phare+saviez";10;0;ecrit;"fr";2026-09-03;2026-09-07;;"Sa lave, unique au monde, coule noire à cinq cents degrés seulement et blanchit comme de la neige en quelques heures.";"L’Ol Doinyo Lengaï est un stratovolcan de Tanzanie situé sur l'escarpement du rift de Gregory, branche orientale du rift est-africain qui parcourt l'Afrique de l'Est du nord au sud."
Q19627509;arts;"Once Upon a Time in Shaolin";"Once Upon a Time in Shaolin";"insolite+phare";10;7;ecrit;"fr";2026-09-03;2026-09-07;;"L'album n'existe qu'en un seul exemplaire, vendu deux millions de dollars, avec interdiction contractuelle de le diffuser avant 2103.";"Once Upon a Time in Shaolin est un double album du Wu-Tang Clan enregistré entre 2008 et 2013 et produit à un seul exemplaire. L'exemplaire unique a été vendu en 2015 aux enchères pour 2 millions de dollars, un record."
Q422326;histoire;"Opération Bernhard";"Operation Bernhard";"insolite+phare+saviez";10;5;ecrit;"fr";2026-09-03;2026-09-07;;"Des prisonniers de Sachsenhausen ont imprimé pour cent trente millions de livres de faux billets britanniques, jetés dans un lac autrichien en 1945.";"L'opération Bernhard était un projet de l'Allemagne nazie visant à falsifier des billets de banque britanniques. Le plan initial consistait à larguer les billets sur la Grande-Bretagne pour provoquer l'effondrement de l'économie britannique pendant la Seconde Guerre mondiale."
Q2739742;histoire;"Opération Chaton acoustique";"Acoustic Kitty";"insolite+phare+saviez";10;6;publie;"fr";2026-09-03;;2026-09-05;"La CIA a dépensé des millions pour câbler un chat espion, relâché près d'un parc de Washington et écrasé par un taxi lors de sa première mission.";"L'opération Chaton acoustique (en anglais Acoustic Kitty) est une opération de la direction de la science et technologie de la CIA en projet entre 1961 et 1966 L'opération et ses détails sont rendus publics en 2001 dans le cadre de la déclassification de documents."
Q205073;histoire;"Pacte Briand-Kellogg";"Kellogg–Briand Pact";"phare+saviez";10;4;ecrit;"fr";2026-09-03;2026-09-07;;"Soixante-trois pays ont solennellement mis la guerre hors la loi en 1928, onze ans avant la plus grande guerre de l'histoire.";"Le pacte Briand-Kellogg, ou pacte de Paris, est un traité de paix signé en 1928 par soixante-trois pays qui « condamnent le recours à la guerre pour le règlement des différends internationaux et y renoncent en tant qu'instrument de politique nationale dans leurs relations mutuelles »."
Q18350297;sciences;"Passage du calendrier julien au calendrier grégorien";"Adoption of the Gregorian calendar";"insolite+phare+saviez";10;3;ecrit;"fr";2026-09-03;2026-09-07;;"En octobre 1582, le lendemain du jeudi 4 fut le vendredi 15 : dix jours entiers ont été rayés du calendrier d'un trait de plume.";"Le passage du calendrier julien au calendrier grégorien, promulgué par le pape Grégoire XIII en février 1582, a eu lieu dans un court délai, souvent moins d'un an, dans la plupart des pays catholiques ; en revanche, les pays protestants comme les pays orthodoxes ont alors ignoré ou refusé ce changem"
Q207669;histoire;"Pengő";"Hungarian pengő";"insolite+phare+saviez";10;4;publie;"fr";2026-09-03;;2026-09-05;"En 1946, la Hongrie a imprimé un billet de cent millions de milliards de pengő, et les prix changeaient plusieurs fois par jour.";"Le pengő (prononcé [ˈpɛŋgøː]) a été l'unité monétaire de la Hongrie du 1er janvier 1927, date à laquelle il remplaça la couronne austro-hongroise, au 31 juillet 1946, où il fut remplacé par le forint."
Q412;cosmos;"Plaque de Pioneer";"Pioneer plaque";"phare+saviez";10;1;ecrit;"fr";2026-09-03;2026-09-07;;"Une plaque en or gravée d'un couple nu file vers les étoiles depuis cinquante ans, et personne ne la reverra jamais.";"La plaque de Pioneer est une plaque métallique embarquée à bord de Pioneer 10 et Pioneer 11, deux sondes spatiales lancées respectivement en mars 1972 et avril 1973."
Q201876;mysteres;"Poon Lim";"Poon Lim";"insolite+phare";10;5;publie;"fr";2026-09-03;;2026-09-05;"Torpillé en 1942, il a passé cent trente-trois jours seul sur un radeau, pêchant avec un hameçon fabriqué dans un clou de lampe torche.";"Poon Lim, né le 8 mars 1918 sur l'île de Hainan et mort le 4 janvier 1991 à Brooklyn, est un marin chinois de la marine marchande britannique, puis américaine, connu pour avoir survécu 133 jours seul dans l'océan Atlantique Sud entre 1942 et 1943."
Q70458;terre;"Porte de l'Enfer (Turkménistan)";"Darvaza gas crater";"insolite+phare+saviez";10;1;publie;"fr";2026-09-03;;2026-09-04;"Un cratère de gaz allumé en 1971 « pour quelques jours ». Il brûle toujours.";"La Porte de l'Enfer est un champ de gaz naturel situé à Derweze (également orthographié Darvaza, ce qui signifie « porte »), dans la province d'Ahal au Turkménistan."
Q3305462;mysteres;"R v. Dudley and Stephens";"R v Dudley and Stephens";"phare+saviez";10;5;publie;"fr";2026-09-03;;2026-09-05;"Trois naufragés anglais ont mangé le mousse en 1884, et leur procès a fixé pour toujours que la nécessité n'excuse pas le meurtre.";"R v. Dudley and Stephens (Regina versus Dudley and Stephens - 1884) est une affaire criminelle majeure en droit anglais qui constitua un précédent au sein de la common law, établissant que la nécessité n'était pas une défense à une accusation de meurtre."
Q32980;sciences;"Racine carrée inverse rapide";"Fast inverse square root";"phare+saviez";10;5;ecrit;"fr";2026-09-03;2026-09-07;;"Un fragment de code de jeu vidéo calcule une racine à l'aide d'une constante magique dont personne ne sait vraiment qui l'a trouvée.";"La racine carrée inverse rapide (en anglais fast inverse square root, parfois abrégé Fast InvSqrt() ou par la constante 0x5f3759df en hexadécimal) est une méthode pour calculer x−½, aussi notée 1/√x, l'inverse de la racine carrée d'un nombre à virgule flottante à simple précision sur 32 bits."
Q105494;sciences;"Ralph Steinman";"Ralph M. Steinman";"phare+saviez";10;3;ecrit;"fr";2026-09-03;2026-09-07;;"Le comité Nobel a appris trois jours trop tard que son lauréat était mort, et a maintenu le prix pour la première fois de son histoire.";"Ralph Marvin Steinman (né le 14 janvier 1943 à Montréal et mort le 30 septembre 2011 à New York) est un spécialiste canadien en immunologie, rattaché à l’université Rockefeller (New York), de laquelle il détient son doctorat, après des études à l'université McGill (Montréal) et au Harvard Medical School (Boston)."
Q12029714;sciences;"Réacteur nucléaire naturel d'Oklo";"Oklo Mine";"insolite+phare+saviez";10;5;publie;"fr";2026-09-03;;2026-09-05;"Il y a deux milliards d'années, au Gabon, des veines d'uranium se sont mises à fonctionner toutes seules comme des réacteurs pendant des centaines de milliers d'années.";"Les réacteurs nucléaires naturels d’Oklo sont des réacteurs nucléaires naturels qui ont fonctionné il y a environ deux milliards d'années."
Q187484;vivant;"Rhytine de Steller";"Steller's sea cow";"phare+saviez";10;4;ecrit;"fr";2026-09-03;2026-09-07;;"Ce mammifère marin de huit tonnes a été décrit par la science en 1741 et exterminé vingt-sept ans plus tard.";"La Rhytine de Steller (Hydrodamalis gigas), aussi connue sous le nom de vache de mer, était un grand mammifère marin, du genre Hydrodamalis appartenant à la famille des dugongidés, qui vivait dans les eaux arctiques des îles du Commandeur, dans la mer de Béring."
Q206137;histoire;"Rockall";"Rockall";"phare+saviez";10;5;ecrit;"fr";2026-09-03;2026-09-07;;"Un rocher de trente mètres perdu en Atlantique nord a été annexé par un sergent britannique en 1955, et trois pays s'en disputent encore les fonds marins.";"Rockall (/ˈɹɒk.ɔːl/) est un rocher isolé de l'Atlantique nord, situé entre l'Irlande et l'Islande, à l'ouest de l'Écosse. Le rocher est bien connu des marins britanniques pour avoir donné son nom à une des zones du bulletin météorologique marin radiodiffusé par la BBC."
Q209764;arts;"Rongorongo";"Rongorongo";"phare+saviez";10;2;ecrit;"fr";2026-09-03;2026-09-07;;"Vingt-six tablettes gravées de l'île de Pâques survivent, et nul ne sait si elles portent une véritable écriture ou autre chose.";"Rongorongo est le nom donné à un système de signes gravés sur bois qui pourraient constituer soit une écriture, soit un moyen mnémotechnique pour des récitations de mythes ou de généalogies."
Q434846;histoire;"";"Roy Sullivan";"insolite+phare+saviez";10;0;publie;"fr";2026-09-03;;2026-09-05;"Un garde forestier a été frappé sept fois par la foudre en trente-cinq ans, et est mort d'une balle par chagrin d'amour.";"Roy Cleveland Sullivan (February 7, 1912 – September 28, 1983) was an American park ranger in Shenandoah National Park in Virginia. Between 1942 and 1977, Sullivan was claimed to have survived being struck by lightning seven times."
Q350420;histoire;"";"Salomon August Andrée";"phare+saviez";10;3;publie;"fr";2026-09-03;;2026-09-05;"Trois Suédois sont partis au pôle Nord en ballon en 1897 ; on a retrouvé leurs corps et leurs pellicules encore développables trente-trois ans plus tard.";"Salomon August Andrée, né le 18 octobre 1854 à Gränna et mort en octobre 1897 sur l'île de Kvitøya, dans l'archipel du Svalbard, est un ingénieur et aéronaute suédois."
Q33297;cosmos;"Signal Wow!";"Wow! signal";"insolite+phare+saviez";10;4;ecrit;"fr";2026-09-03;2026-09-07;;"Soixante-douze secondes de signal radio en 1977, jamais réexpliqué, jamais réentendu.";"Le signal « Wow! » est un signal radio puissant, à bande étroite et centré sur la raie à 21 centimètres, capté le 15 août 1977 par le radiotélescope de l'université d'État de l'Ohio surnommé The Big Ear."
Q1049;vivant;"Soudan";"Sudan";"phare+saviez";10;0;ecrit;"fr";2026-09-03;2026-09-07;;"À sa mort en 2018, il ne restait plus au monde que deux femelles de sa sous-espèce, et aucun mâle capable de les féconder.";"Le Soudan (prononcé en français : /sudɑ̃/ ; en arabe : السودان as-Sūdān), en forme longue la république du Soudan (جمهورية السودان Jumhūrīyat as-Sūdān), est un pays d'Afrique de l’Est."
Q52412;histoire;"Stanislav Petrov";"Stanislav Petrov";"insolite+phare+saviez";10;8;publie;"fr";2026-09-03;;2026-09-04;"Un officier soviétique a désobéi à son propre système d'alerte en 1983 et empêché seul une riposte nucléaire contre les États-Unis.";"Stanislav Ievgrafovitch Petrov (en russe : Станислав Евграфович Петров), né le 9 septembre 1939 à Vladivostok (RSFSR, URSS) et mort le 19 mai 2017 à Friazino (Russie), est un officier de la Voyska PVO, la force de défense anti-aérienne de l'Armée soviétique."
Q13229;arts;"Taa";"Taa language";"insolite+phare";10;2;ecrit;"fr";2026-09-03;2026-09-07;;"Plus de cent consonnes, dont des dizaines de clics : le plus vaste inventaire de sons jamais décrit dans une langue humaine.";"Le taa, aussi appelé ǃxóõ, aussi écrit ǃxoon, est une langue tuu parlée au Botswana et en Namibie. Cette langue est notable pour son nombre élevé de phonèmes."
Q5194;vivant;"Tardigrada";"Tardigrade";"phare+saviez";10;3;ecrit;"fr";2026-09-03;2026-09-07;;"Il survit au vide spatial, à 150 °C, à -272 °C et à mille fois la dose de radiations qui nous tuerait.";"Les tardigrades (Tardigrada), parfois surnommés oursons d'eau, forment un phylum du règne animal, regroupé avec les arthropodes et les onychophores au sein du clade des panarthropodes."
Q745767;terre;"Terre Marie Byrd";"Marie Byrd Land";"insolite+phare+saviez";10;3;ecrit;"fr";2026-09-03;2026-09-07;;"Un million et demi de kilomètres carrés d'Antarctique que pas un seul pays au monde ne revendique.";"La terre Marie Byrd ou terre de Marie Byrd est une région de l'Antarctique occidental."
Q1077741;sciences;"Théorème de la boule chevelue";"Hairy ball theorem";"insolite+phare+saviez";10;2;ecrit;"fr";2026-09-03;2026-09-07;;"Il est mathématiquement impossible de coiffer une sphère sans épi, ce qui garantit qu'il existe toujours un point sans vent sur Terre.";"En mathématiques, le théorème de la boule chevelue est un résultat de topologie différentielle. Il s'applique à une sphère supportant en chaque point un vecteur, imaginé comme un cheveu, tangent à la surface."
Q123102;vivant;"Thylacine";"Thylacine";"phare+saviez";10;2;ecrit;"fr";2026-09-03;2026-09-07;;"Ce marsupial rayé ouvrait la gueule à quatre-vingts degrés ; le dernier est mort de froid en 1936, oublié dehors la nuit par un gardien.";"Le thylacine, également appelé loup marsupial, loup de Tasmanie ou tigre de Tasmanie (en palawa kani : kaparunina, nom scientifique : Thylacinus cynocephalus), est un mammifère carnivore de la taille d’un loup, au pelage tigré."
Q23986556;cosmos;"TRAPPIST-1";"TRAPPIST-1";"phare+saviez";10;5;ecrit;"fr";2026-09-03;2026-09-07;;"Sept planètes rocheuses tiennent dans un espace plus petit que l'orbite de Mercure ; depuis l'une, les autres paraissent aussi grosses que notre Lune.";"TRAPPIST-1, aussi nommé 2MASS J23062928-0502285, est une naine rouge ultra-froide, un peu plus grande mais beaucoup plus massive que la planète Jupiter, et beaucoup plus froide que le Soleil."
Q219217;histoire;"Tulipomanie";"Tulip mania";"insolite+phare+saviez";10;5;ecrit;"fr";2026-09-03;2026-09-07;;"Un seul bulbe de tulipe s'est échangé contre une maison sur un canal d'Amsterdam avant l'effondrement du marché en 1637.";"La tulipomanie (en néerlandais : tulpenmanie ; en anglais : tulip mania) est le soudain engouement pour les tulipes dans le nord des Provinces-Unies au milieu du XVIIe siècle, qui entraîna l'augmentation démesurée puis l'effondrement des cours du bulbe de tulipe : ce qu’on appelle la « crise de la tulipe » en histoire économique."
Q36931;arts;"";"Ubykh language";"insolite+phare+saviez";10;1;publie;"fr";2026-09-03;;2026-09-04;"La dernière voix s'est tue en 1992, emportant une langue du Caucase à quatre-vingts consonnes et deux voyelles.";"L’oubykh (autonyme tʷaχəbza) est une langue caucasienne de la famille des langues abkhazo-adygiennes parlée autrefois en Turquie et en Circassie."
Q118388;terre;"Vallée de la Mort";"Death Valley";"phare+saviez";10;1;ecrit;"fr";2026-09-03;2026-09-07;;"Le thermomètre y a affiché cinquante-six degrés et sept dixièmes en 1913, record mondial jamais égalé depuis.";"La vallée de la Mort (en anglais : Death Valley) est une vallée du désert des Mojaves (États-Unis) située en Californie et incluse dans le parc national de la vallée de la Mort."
Q676802;cosmos;"Vanguard 1";"Vanguard 1";"phare+saviez";10;4;ecrit;"fr";2026-09-03;2026-09-07;;"Lancé en 1958, ce satellite mort de la taille d'un pamplemousse est le plus vieil objet humain encore en orbite.";"Vanguard 1 est le deuxième satellite artificiel lancé par les États-Unis et le premier lancement réussi dans le cadre du programme Vanguard. Vanguard 1 est un petit satellite (1,47 kg) placé en orbite terrestre le 17 mars 1958."
Q1395757;histoire;"Vassili Arkhipov";"Vasily Arkhipov";"insolite+phare+saviez";10;5;publie;"fr";2026-09-03;;2026-09-05;"Sur un sous-marin soviétique asphyxié pendant la crise de Cuba, un seul homme a refusé de valider le tir d'une torpille nucléaire.";"Vassili Aleksandrovitch Arkhipov (en russe : Василий Александрович Архипов) est un officier de la marine soviétique, né le 30 janvier 1926 à Zvorkovo et mort le 19 août 1998 à Staraïa Koupavna."
Q1192659;histoire;"";"Vela incident";"phare+saviez";10;8;ecrit;"fr";2026-09-03;2026-09-07;;"Un satellite américain a détecté en 1979 un double flash d'explosion nucléaire dans l'Atlantique sud, et personne n'a jamais reconnu l'essai.";"L'incident de Vela est la possible détection d'un essai nucléaire par un satellite américain de détection d'essais atomiques nommé Vela. Cet incident eut lieu le 22 septembre 1979."
Q248404;mysteres;"Vesna Vulović";"Vesna Vulović";"insolite+phare";10;2;publie;"fr";2026-09-03;;2026-09-05;"Éjectée dans un fragment de fuselage à plus de dix kilomètres d'altitude en 1972, elle a survécu et a repris l'avion sans jamais avoir peur.";"Vesna Vulović (en serbe en écriture cyrillique : Весна Вуловић), née le 3 janvier 1950 à Belgrade (Yougoslavie) et morte le 23 décembre 2016 à Belgrade (Serbie), est une hôtesse de l'air yougoslave qui a été l'unique survivante après l'explosion du vol JAT 367 en 1972."
Q2060108;arts;"";"Vexations";"phare+saviez";10;3;ecrit;"fr";2026-09-03;2026-09-07;;"Satie a écrit une page à répéter 840 fois : la première exécution intégrale a duré dix-huit heures et épuisé plusieurs pianistes relayés.";"Vexations est une œuvre pour piano composée par Erik Satie en 1893. En tête de partition, le compositeur a écrit cette « Note de l'auteur » : « Pour se jouer 840 fois de suite ce motif, il sera bon de se préparer au préalable, et dans le plus grand silence, par des immobilités sérieuses."
Q48469;cosmos;"Voyager 1";"Voyager 1";"phare+saviez";10;3;ecrit;"fr";2026-09-03;2026-09-07;;"Sa sonde emporte un ordinateur moins puissant qu'une clé de voiture et communique encore avec un émetteur de 23 watts à 24 milliards de kilomètres.";"Voyager 1 est une sonde spatiale, jumelle de Voyager 2, du programme spatial Voyager de la NASA. Lancée le 5 septembre 1977, elle est destinée à l'étude des planètes externes du Système solaire, qui n'ont avant elles été observées qu'au moyen de télescopes situés sur Terre, notamment les systèmes de Jupiter et de Saturne."
Q156926;vivant;"Welwitschia mirabilis";"Welwitschia";"phare+saviez";10;3;ecrit;"fr";2026-09-03;2026-09-07;;"Cette plante du désert de Namibie ne fabrique que deux feuilles dans toute son existence, et elles poussent sans jamais s'arrêter pendant plus de mille ans.";"Welwitschia mirabilis est une espèce de plantes. C'est la seule espèce du genre Welwitschia et de la famille des Welwitschiaceae."
Q901206;mysteres;"Xin Zhui";"Xin Zhui";"insolite+phare+saviez";10;1;publie;"fr";2026-09-03;;2026-09-05;"Cette femme morte il y a 2 100 ans a été exhumée avec la peau souple, les articulations mobiles et du sang liquide dans les veines.";"Xin Zhui (chinois : 辛追 ; morte en 163 avant notre ère), également connue sous le nom de madame Dai ou marquise de Dai, était une noble chinoise, épouse de Li Cang (利 苍), le marquis de Dai, au cours de la dynastie des Han (de -206 à 220 apr."
Q18325885;cosmos;"(486958) Arrokoth";"486958 Arrokoth";"phare+saviez";9;4;ecrit;"fr";2026-09-03;2026-09-07;;"Cet objet de 36 kilomètres survolé en 2019 ressemble à un bonhomme de neige et n'a pas changé depuis 4,5 milliards d'années.";"(486958) Arrokoth (prononcé /ˈærəkɒθ/, désignation provisoire 2014 MU69), d'abord surnommé officieusement Ultima Thulé, est un petit corps du système solaire binaire à contact de 33,5 × 19,5 km, située à 43,4 ua du Soleil."
Q211498;cosmos;"2006 RH120";"2006 RH120";"phare+saviez";9;5;ecrit;"fr";2026-09-03;2026-09-07;;"La Terre a possédé une deuxième lune pendant treize mois en 2006 : elle mesurait cinq mètres.";"2006 RH120 est un petit astéroïde d'environ 4 mètres de diamètre qui, entre septembre 2006 et juin 2007, était temporairement en orbite autour de la Terre. Ce corps céleste a été éjecté de son orbite terrestre en juillet 2007, après avoir parcouru quatre orbites autour de la Terre pendant une durée totale d'environ un an."
Q12030;arts;"4′33″";"4′33″";"insolite+phare+saviez";9;6;ecrit;"fr";2026-09-03;2026-09-07;;"Le pianiste ne joue aucune note pendant quatre minutes trente-trois, et cette absence de musique est protégée par le droit d'auteur.";"4′33″ est une œuvre musicale composée par John Cage, souvent décrite comme « quatre minutes trente-trois secondes de silence » mais qui est en fait constituée de sons de l'environnement que les auditeurs entendent ou créent lorsqu'elle est interprétée."
Q50668;cosmos;"55 Cancri e";"55 Cancri Ae";"phare";9;2;ecrit;"fr";2026-09-03;2026-09-07;;"Une planète deux fois plus grande que la Terre dont une partie du manteau pourrait être du carbone cristallisé.";"55 Cancri e, formellement 55 Cancri Ae, également appelée Rho1 Cancri (A)e, HD 75732 (A)e ou encore Janssen depuis décembre 2015, est une planète extrasolaire (exoplanète) en orbite autour de l'étoile 55 Cancri A, une naine jaune située à une distance d'environ 40 années-lumière du Soleil, dans la constellation zodiacale du Cancer."
Q249302;cosmos;"61 Cygni";"61 Cygni";"phare";9;1;ecrit;"fr";2026-09-03;2026-09-07;;"La première distance stellaire jamais mesurée a fait bondir l'univers connu à des dizaines de milliers de milliards de kilomètres.";"61 Cygni (V1808 Cyg), dite étoile de Bessel ou étoile volante de Piazzi, est un système binaire de deux étoiles naines orange de classe spectrale K quasi identiques située dans la constellation du Cygne."
Q1421821;arts;"";"A Hundred Thousand Billion Poems";"insolite+phare+saviez";9;4;ecrit;"fr";2026-09-03;2026-09-07;;"Dix sonnets découpés en bandes produisent cent mille milliards de poèmes : plus de deux cents millions d'années de lecture.";"Cent mille milliards de poèmes est un livre animé de poésie combinatoire de Raymond Queneau, publié en 1961 aux éditions Gallimard."
Q113382;histoire;"Accident nucléaire de Palomares";"1966 Palomares accident";"phare+saviez";9;4;publie;"fr";2026-09-03;;2026-09-05;"Quatre bombes H sont tombées sur un village espagnol en 1966, et un ambassadeur américain s'est baigné devant les photographes pour rassurer les touristes.";"L'accident nucléaire de Palomares, survenu le 17 janvier 1966, est la conséquence d'une collision entre un Boeing B-52G du Strategic Air Command et un KC-135 Stratotanker de l'US Air Force, au cours d'un ravitaillement en vol."
Q475736;arts;"Acier de Damas";"Damascus steel";"phare";9;4;ecrit;"fr";2026-09-03;2026-09-07;;"Les lames à motifs ondés fabriquées jusqu'au XVIIIe siècle contenaient des nanotubes de carbone, et le procédé n'a jamais été retrouvé.";"L'acier de Damas (aussi appelé acier damassé, ou encore acier Damas) est le nom donné à deux types d'aciers à l'apparence particulière : en premier lieu, historiquement, il s'agit d'un acier, aussi appelé wootz, élaboré en Inde et forgé sur place ainsi qu'au Moyen-Orient, réputé pour sa qualité et c"
Q13420313;mysteres;"Affaire du pain maudit";"1951 Pont-Saint-Esprit mass poisoning";"phare";9;3;publie;"fr";2026-09-03;;2026-09-05;"En 1951, un village du Gard bascule en une nuit dans l'hallucination collective : cinq morts, des dizaines d'internements, cause toujours débattue.";"L’affaire du pain maudit est une série d'intoxications alimentaires qui frappe la France pendant l'été 1951, dont la plus sérieuse à partir du 16 août à Pont-Saint-Esprit (Gard) où elle fera cinq, voire sept morts, cinquante personnes étant internées dans des hôpitaux psychiatriques, et deux cent ci"
Q133868166;mysteres;"Affaire Elizabeth Canning";"";"phare";9;3;ecrit;"fr";2026-09-03;2026-09-07;;"En 1753, une servante disparue un mois est revenue squelettique en accusant deux femmes ; c'est elle qui fut déportée pour parjure, et le débat dure toujours.";"Elizabeth Canning, née le 17 septembre 1734 et décédée en juin 1773, est une servante anglaise qui a été au centre d'une affaire judiciaire qui compte parmi les plus célèbres débats criminels du XVIIIe siècle en Angleterre."
Q1049105;sciences;"Affaire Sokal";"Sokal affair";"insolite+phare";9;2;ecrit;"fr";2026-09-03;2026-09-07;;"Un physicien a fait accepter dans une revue prestigieuse un article volontairement dépourvu de sens, puis a révélé la supercherie le jour même de sa parution.";"L’affaire Sokal est l'ensemble des suites en matière de controverses de la publication dans la revue Social Text d'un article du physicien Alan Sokal qui s'avéra être un canular."
Q2745712;terre;"Aïn Sefra";"Aïn Séfra";"phare";9;0;ecrit;"fr";2026-09-03;2026-09-07;;"Il a neigé sur les dunes du Sahara algérien à plusieurs reprises depuis 2016, après trente-sept ans sans un seul flocon.";"Aïn Sefra (en arabe: عين الصفراء), est une commune de la wilaya de Naâma en Algérie, située dans l'ouest du pays. C'est une oasis située dans les monts des Ksour."
Q504969;arts;"Alessandro Moreschi";"";"phare";9;1;publie;"fr";2026-09-03;;2026-09-05;"Seule voix de castrat jamais enregistrée : quelques cylindres de 1902 conservent un timbre que plus personne n'entendra jamais en vrai.";"Alessandro Moreschi, né le 11 novembre 1858 à Monte Compatri et mort le 21 avril 1922 à Rome, est un chanteur italien, un des derniers castrats de la fin du XIXe siècle, surnommé « l'ange de Rome »""."
Q24628;vivant;"Alex (perroquet)";"Alex (parrot)";"insolite+phare+saviez";9;2;publie;"fr";2026-09-03;;2026-09-05;"Ce perroquet gris répondait « aucun » quand deux objets ne différaient par rien, une notion de zéro qu'on croyait hors de portée d'un cerveau d'oiseau.";"Alex, né en 1976 au Royaume-Uni et mort le 6 septembre 2007 à Waltham (Massachusetts), est un perroquet gris du Gabon. De 1977 à sa mort, il a fait l'objet d'une expérience scientifique menée par l'éthologue Irene Pepperberg visant à étudier les capacités cognitives des animaux et en particulier les capacités du perroquet à comprendre le langage humain."
Q76323;sciences;"Alfred Wegener";"Alfred Wegener";"phare";9;3;ecrit;"fr";2026-09-03;2026-09-07;;"Il a proposé la dérive des continents en 1912, s'est fait rire au nez pendant cinquante ans, et est mort dans les glaces avant d'avoir raison.";"Alfred Wegener, né le 1er novembre 1880 à Berlin et mort en novembre 1930 au Groenland près de la base Eismitte, est un astronome et météorologue allemand de formation et principalement connu pour sa théorie de la « dérive des continents » proposée en 1912 puis publiée en 1915."
Q1970098;arts;"Alphabet shavien";"Shavian alphabet";"insolite+phare";9;3;ecrit;"fr";2026-09-03;2026-09-07;;"Bernard Shaw a légué sa fortune à qui créerait un alphabet anglais vraiment phonétique ; un concours a désigné le vainqueur après sa mort.";"L’alphabet shavien ou l’alphabet de Shaw est une écriture construite, un alphabet créé en 1950 pour une écriture simple et phonétique de la langue anglaise sans les difficultés de l’orthographe conventionnelle."
Q2278545;cosmos;"";"AMSAT-OSCAR 7";"phare";9;2;publie;"fr";2026-09-03;;2026-09-05;"Déclaré mort en 1981, ce satellite radioamateur s'est réveillé vingt-et-un ans plus tard quand sa batterie en court-circuit s'est ouverte.";"AMSAT-OSCAR 7, or AO-7, is the second Phase 2 amateur radio satellite constructed by the Radio Amateur Satellite Corporation (AMSAT). It was launched into Low Earth Orbit on November 15, 1974 and remained operational until a battery failure in 1981."
Q133818;vivant;"";"Angraecum sesquipedale";"phare";9;1;ecrit;"fr";2026-09-03;2026-09-07;;"Devant son éperon de trente centimètres, Darwin a prédit l'existence d'un papillon à trompe démesurée ; on l'a trouvé quarante et un ans après sa mort.";"Angraecum sesquipedale, l'étoile de Madagascar, est une espèce de plantes à fleurs de la famille des Orchidaceae endémique de Madagascar."
Q26387;mysteres;"Anguilla anguilla";"European eel";"phare";9;1;ecrit;"fr";2026-09-03;2026-09-07;;"Elle traverse l'Atlantique pour se reproduire dans la mer des Sargasses, et personne n'a jamais observé deux anguilles s'y accoupler.";"Anguilla anguilla, l’Anguille d'Europe ou Anguille commune est une espèce de poissons appartenant à la famille des Anguillidés. Elle mesure de 40 cm à 150 cm et pèse jusqu'à 4 kg pour les femelles."
Q285563;histoire;"Anna Anderson";"Anna Anderson";"phare+saviez";9;3;ecrit;"fr";2026-09-03;2026-09-07;;"Pendant soixante ans elle a convaincu le monde d'être la grande-duchesse Anastasia ; l'ADN a révélé après sa mort qu'elle était une ouvrière polonaise.";"Anna Anderson, morte le 12 février 1984 à Charlottesville, aux États-Unis sous le nom d'Anastasia Manahan, serait, selon une théorie populaire, la princesse Anastasia de Russie, la quatrième fille du tsar Nicolas II, qui aurait échappé à la mort lors du massacre de sa famille le 17 juillet 1918 à Iekaterinbourg."
Q19606402;cosmos;"Anneau de Phœbé";"";"phare+saviez";9;4;ecrit;"fr";2026-09-03;2026-09-07;;"Le plus grand anneau du Système solaire est si ténu qu'il a fallu attendre 2009 et l'infrarouge pour le remarquer.";"L'anneau de Phœbé est le plus grand des anneaux de Saturne et des anneaux planétaires du Système solaire : s'il était observable à l'œil nu depuis la Terre, sa taille apparente dans le ciel nocturne serait de l'ordre du double de celle d'une pleine lune."
Q2908;mysteres;"Antoine de Saint-Exupéry";"Antoine de Saint-Exupéry";"phare+saviez";9;2;ecrit;"fr";2026-09-03;2026-09-07;;"Sa gourmette a été remontée dans un filet de pêche en 1998, et l'épave de son avion identifiée au large de Marseille deux ans plus tard.";"Antoine de Saint-Exupéry, né le 29 juin 1900 à Lyon et disparu en vol le 31 juillet 1944 au large des côtes de Marseille, est un aviateur, écrivain, poète et reporter français."
Q273314;sciences;"Antonio Meucci";"Antonio Meucci";"phare+saviez";9;0;ecrit;"fr";2026-09-03;2026-09-07;;"Faute des dix dollars nécessaires au renouvellement de son brevet, l'homme qui avait fait parler un fil est mort ruiné à New York.";"Antonio Meucci (né le 13 avril 1808 à San Frediano, un quartier de la commune de Florence, alors dans l'Empire français, et mort le 18 octobre 1889 à Staten Island, quartier de New York, aux États-Unis) est un inventeur italien, notamment connu pour sa contribution à l'invention du téléphone."
Q615578;terre;"Aoga-shima";"Aogashima";"phare";9;4;ecrit;"fr";2026-09-03;2026-09-07;;"Cent soixante personnes vivent au fond d'un cratère volcanique lui-même niché dans un cratère plus grand, à 350 kilomètres de Tokyo.";"Aoga-shima ou Ao-ga-shima (青ヶ島, Aogashima) est une île volcanique japonaise de la mer des Philippines, située à environ 358 kilomètres au sud de Tokyo et 64 kilomètres au sud de Hachijō-jima."
Q43653;cosmos;"Apollo 11";"Apollo 11";"phare+saviez";9;1;ecrit;"fr";2026-09-03;2026-09-07;;"Le calculateur de bord a lancé cinq alarmes de surcharge pendant la descente finale, et un ingénieur de 26 ans a dit de continuer.";"Apollo 11 est une mission du programme spatial américain Apollo au cours de laquelle, pour la première fois, des hommes se sont posés sur la Lune, le lundi 21 juillet 1969."
Q674275;vivant;"";"Arctic ground squirrel";"insolite+phare";9;0;publie;"fr";2026-09-03;;2026-09-05;"Ce petit rongeur laisse son sang descendre à moins trois degrés sans geler et reste ainsi surfondu des semaines, seul mammifère connu à le faire.";"Urocitellus parryii, communément appelé le Spermophile arctique, est une espèce de rongeurs de la famille des Sciuridés."
Q917989;vivant;"Armillaria solidipes";"Armillaria ostoyae";"phare+saviez";9;3;ecrit;"fr";2026-09-03;2026-09-07;;"Un seul individu de ce champignon couvre neuf kilomètres carrés de forêt de l'Oregon sous terre et pèse peut-être des centaines de tonnes.";"Armillaria solidipes, armillaire à squames foncées ou armillaire sombre, anciennement Armillaria ostoyae est une espèce de champignons de la famille des Physalacriaceae."
Q177524;sciences;"ARPANET";"ARPANET";"phare+saviez";9;3;ecrit;"fr";2026-09-03;2026-09-07;;"Le premier message envoyé sur l'ancêtre d'Internet devait dire « login » ; le système a planté après les deux premières lettres.";"ARPANET, ou Arpanet (de l'anglais Advanced Research Projects Agency Network, aussi typographié « ARPAnet ») est l'acronyme du premier réseau à transfert de paquets de données conçu aux États-Unis par la Defense Advanced Research Projects Agency (DARPA)."
Q4804942;terre;"";"Ashfall Fossil Beds";"phare";9;1;publie;"fr";2026-09-03;;2026-09-05;"Des troupeaux entiers de rhinocéros gisent exactement là où ils sont morts asphyxiés par la cendre d'un volcan situé à seize cents kilomètres.";"The Ashfall Fossil Beds of Antelope County in northeastern Nebraska are rare fossil sites of the type called lagerstätten that, due to extraordinary local conditions, capture an ecological ""snapshot"" in time of a range of well-preserved fossilized organisms."
Q1549160;terre;"Asperitas";"Asperitas (cloud)";"phare";9;5;ecrit;"fr";2026-09-03;2026-09-07;;"Ce ciel de vagues retournées a dû attendre 2017 pour entrer dans l'atlas officiel des nuages, une première depuis plus de cinquante ans.";"Un asperitas (du latin : brutal) est une caractéristique supplémentaire de plusieurs genres de nuages et non un nuage particulier. Il fut proposé pour la première fois en 2009, sous le nom asperatus, à l'Atlas international des nuages de l'Organisation météorologique mondiale (OMM), comme formation nuageuse distincte."
Q662865;arts;"";"Baalbek Stones";"phare";9;3;ecrit;"fr";2026-09-03;2026-09-07;;"À Baalbek, un bloc taillé de mille tonnes est resté couché dans sa carrière, jamais déplacé par ceux qui l'avaient extrait.";"La Pierre de la femme enceinte, ou Pierre du sud (en arabe : Hajar el Hibla), est située à Baalbek (anciennement Héliopolis), au Liban. Tout comme deux blocs anciens se trouvant à proximité, elle figure parmi les plus longs monolithes jamais taillés par l'homme."
Q804566;histoire;"Bal des ardents";"Bal des Ardents";"insolite+phare+saviez";9;2;publie;"fr";2026-09-03;;2026-09-05;"Le roi de France a failli brûler vif pendant un bal costumé en 1393, sauvé par une duchesse qui l'a couvert de sa robe.";"Le Bal des ardents ou Bal des sauvages désigne un charivari (aussi appelé momerie), sorte de bal masqué organisé le 28 janvier 1393 à l'Hôtel de la Reine Blanche, à Paris, auquel participe le roi de France Charles VI, et passé à la postérité en raison de l'accident dramatique qui en résulta."
Q595288;histoire;"Barrage de Banqiao";"Banqiao Dam";"phare+saviez";9;2;publie;"fr";2026-09-03;;2026-09-05;"Un barrage conçu pour résister à une crue millénaire a cédé en 1975, tuant des dizaines de milliers de personnes dans un silence officiel de vingt ans.";"Le barrage de Banqiao (en chinois simplifié : 板桥水库大坝 ; en chinois traditionnel : 板橋水庫大壩 ; en pinyin : Bǎn qiáo Shuǐ kù Dà bà) est un barrage construit en 1952 sur la rivière Ru, un affluent du Huai He, près de Zhumadian, dans la province du Henan, en république populaire de Chine."
Q2309898;histoire;"Bataille de Karánsebes";"Battle of Karánsebes";"insolite+phare";9;4;ecrit;"fr";2026-09-03;2026-09-07;;"L'armée autrichienne se serait battue contre elle-même une nuit de 1788 après une dispute d'ivrognes sur un tonneau d'eau-de-vie.";"La bataille de Karánsebes (hongrois : Karánsebesi csata ; allemand : Rückzug von Karánsebes ; roumain : Bătălia de la Caransebeș ; turc : Şebeş Muharebesi) est un épisode probablement apocryphe de la guerre austro-turque de 1788-1791 survenu dans la nuit du 17 et 18 septembre 1788, durant laquelle l"
Q1066650;histoire;"Bataille de Los Angeles";"Battle of Los Angeles";"phare";9;3;ecrit;"fr";2026-09-03;2026-09-07;;"Dans la nuit du 25 février 1942, la ville a tiré environ mille quatre cents obus antiaériens sur un ennemi qui n'a jamais été identifié.";"La bataille de Los Angeles (appelée en anglais « The Battle of Los Angeles » ou encore « The Great Los Angeles Air Raid ») est le nom donné à un événement survenu dans la nuit du 24 au 25 février 1942, pendant la Seconde Guerre mondiale, au-dessus de Los Angeles, en Californie, aux États-Unis."
Q2415309;cosmos;"Belka et Strelka";"Belka and Strelka";"phare+saviez";9;4;ecrit;"fr";2026-09-03;2026-09-07;;"Deux chiennes ont fait dix-sept fois le tour de la Terre en 1960 ; un chiot de Strelka a fini offert à la famille Kennedy.";"Belka (Белка, littéralement « écureuil », mais en tant que nom d'animal, dérivant du mot russe pour « blanc », белый) et Strelka (Стрелка, « petite flèche ») étaient deux chiennes qui passèrent ensemble une journée dans l'espace à bord du Spoutnik 5 le 19 août 1960."
Q178799;histoire;"Benoît IX";"Pope Benedict IX";"insolite+phare+saviez";9;1;ecrit;"fr";2026-09-03;2026-09-07;;"Un pape a occupé trois fois le trône de saint Pierre et a fini par vendre sa charge à son parrain pour pouvoir se marier.";"Benoît IX (Teofilatto dei conti di Tuscolo), né vers 1012 dans le Latium et mort entre le 18 septembre 1055 et le 9 janvier 1056 à Grottaferrata, est pape à trois reprises : du 21 octobre 1032 à septembre 1044 comme 145e pape de l'Église catholique, du 10 mars 1045 au 1er mai 1045 comme 147e pape pu"
Q641998;arts;"Beurre de tourbière";"";"phare+saviez";9;3;ecrit;"fr";2026-09-03;2026-09-07;;"Des tonneaux de beurre enfouis il y a trois mille ans ressortent des tourbières irlandaises encore gras, et théoriquement comestibles.";"Le beurre de tourbière est une substance grasse d'origine animale et de fabrication humaine, de texture cireuse et de teinte blanc crème ou jaunâtre, enfouie dans les tourbières, le plus souvent dans des contenants en bois, en particulier en Irlande."
Q863253;mysteres;"";"Billy Tipton";"phare";9;2;publie;"fr";2026-09-03;;2026-09-05;"Ce pianiste de jazz américain, marié et père adoptif de trois garçons, fut découvert à sa mort en 1989 par les ambulanciers être né femme.";"Billy Tipton, né le 29 décembre 1914 à Oklahoma City (Oklahoma), et mort le 21 janvier 1989 à Spokane (État de Washington), est un joueur de piano et de saxophone jazz américain."
Q25112525;arts;"Bleu YInMn";"";"phare";9;1;ecrit;"fr";2026-09-03;2026-09-07;;"Un bleu inédit est sorti d'un four en 2009 alors que l'équipe cherchait tout autre chose : c'est le premier bleu nouveau depuis deux siècles.";"Le bleu YInMn, ou bleu Oregon, est un pigment minéral de formule chimique YIn1−xMnxO3, avec 0 < x < 0,75, fabriqué par hasard en 2009 à l'université d'État de l'Oregon par Mas Subramanian (en) et al., il s'agit d'un solide cristallisé dans le système hexagonal selon le groupe d'espace P63cm (no 185) avec Z = 6."
Q885118;terre;"";"Blood Falls";"insolite+phare+saviez";9;2;publie;"fr";2026-09-03;;2026-09-05;"Un glacier antarctique saigne un liquide rouge sang venu d'un lac scellé sous la glace depuis plus d'un million d'années.";"Les Blood Falls — littéralement « cascades de sang » — sont une coulée d'oxyde de fer en marge du glacier Taylor, dans les vallées sèches de McMurdo, en terre Victoria, dans la dépendance de Ross (revendiquée par la Nouvelle-Zélande), dans l'Antarctique oriental."
Q762850;sciences;"";"Bogosort";"insolite+phare";9;1;ecrit;"fr";2026-09-03;2026-09-07;;"Un algorithme sérieusement étudié mélange les cartes au hasard jusqu'à ce qu'elles tombent en ordre, et peut ne jamais terminer.";"En informatique, le tri stupide, également appelé tri du singe ou bogo-tri ou bogosort, est un algorithme de tri particulièrement inefficace. Il est présenté pour des raisons pédagogiques, par comparaison aux méthodes de tri traditionnelles, ou comme exercice."
Q170850;mysteres;"Bombardement de Zanzibar";"Anglo-Zanzibar War";"insolite+phare+saviez";9;6;ecrit;"fr";2026-09-03;2026-09-07;;"La guerre la plus courte de l'histoire a duré trente-huit minutes, le temps que le palais du sultan s'effondre sous les obus britanniques.";"Le bombardement de Zanzibar est le seul événement militaire de la guerre anglo-zanzibarite, qui oppose le Royaume-Uni à Zanzibar le 27 août 1896. Avec une durée de 38 minutes, ce conflit détient le record de la guerre la plus courte de l'histoire."
Q665328;histoire;"Bombe à chauves-souris";"Bat bomb";"insolite+phare+saviez";9;3;publie;"fr";2026-09-03;;2026-09-05;"L'armée américaine voulait larguer un million de chauves-souris porteuses de bombes incendiaires; les cobayes se sont échappés et ont incendié la base d'essai.";"La bombe à chauves-souris est une arme expérimentale de la Seconde Guerre mondiale développée aux États-Unis. Les bombes étaient constituées d'un réservoir en forme de bombe et contenant de nombreux compartiments."
Q860979;cosmos;"";"Boomerang Nebula";"phare+saviez";9;0;ecrit;"fr";2026-09-03;2026-09-07;;"À -272,15 °C, ce nuage de gaz est plus froid que le vide de l'espace lui-même, l'endroit naturel le plus glacial connu de l'univers.";"La nébuleuse du Boomerang, aussi appelée nébuleuse bipolaire du Centaure et parfois nébuleuse du Nœud papillon (à ne pas confondre avec NGC 40), est une protonébuleuse planétaire située à 5 000 années-lumière de la Terre dans la constellation du Centaure."
Q3274052;esprit;"";"Bouba/kiki effect";"insolite+phare+saviez";9;2;ecrit;"fr";2026-09-03;2026-09-07;;"Montrez une forme ronde et une forme pointue : sur presque toute la planète, la ronde s'appelle bouba et la pointue kiki.";"L'effet bouba-kiki est une corrélation entre la forme visuelle d'un objet et la suite de phones (c'est-à-dire la prononciation) qu'on lui associe, observée pour la première fois par le psychologue germano-américain Wolfgang Köhler en 1929."
Q549108;vivant;"Bouquetin ibérique";"Iberian ibex";"phare";9;5;ecrit;"fr";2026-09-03;2026-09-07;;"Cette chèvre a été la première espèce ressuscitée par clonage : le clone est né en 2003 et a vécu sept minutes.";"Le Bouquetin ibérique ou Bouquetin d'Espagne (Capra pyrenaica) est une espèce de mammifères de la famille des bovidés. Cette espèce fait partie du genre Capra, comme la Chèvre domestique, et est particulièrement proche du Bouquetin des Alpes (Capra ibex)."
Q2026998;terre;"";"Burning Mountain";"insolite+phare+saviez";9;2;ecrit;"fr";2026-09-03;2026-09-07;;"Sous cette colline australienne, une veine de charbon brûle sans interruption depuis environ six mille ans, avançant d'un mètre par an.";"Burning Mountain (en français : « montagne qui brûle »), nom commun du mont Wingen, est une colline située près de Wingen (en), en Nouvelle-Galles du Sud, en Australie, à 224 km au nord de Sydney."
Q582172;arts;"Buste de Néfertiti";"Nefertiti Bust";"phare+saviez";9;1;ecrit;"fr";2026-09-03;2026-09-07;;"L'œil gauche n'a jamais été posé : le sculpteur a laissé la cavité vide, et son atelier a été retrouvé tel quel.";"Le buste de Néfertiti, appelé aussi la tête de Néfertiti, est une sculpture de calcaire peinte du XIVe siècle av. J.-C., représentant Néfertiti, la grande épouse royale du pharaon égyptien de la XVIIIe dynastie Akhenaton, aujourd'hui exposée au Neues Museum de Berlin."
Q1888;sciences;"Californium";"Californium";"phare";9;1;ecrit;"fr";2026-09-03;2026-09-07;;"Un gramme de cet élément vaut plusieurs dizaines de millions de dollars, ce qui en fait la matière la plus chère jamais produite.";"Le californium (symbole Cf) est l'élément chimique de numéro atomique 98. C'est un élément transuranien de la famille des actinides, radioactif et synthétique."
Q754194;arts;"Campanile de Saint-Marc";"St Mark's Campanile";"phare+saviez";9;2;ecrit;"fr";2026-09-03;2026-09-07;;"Il s'est effondré en un tas de poussière un matin de 1902 sans tuer personne, et fut refait « comme il était, où il était ».";"Le campanile de Saint-Marc de Venise est une tour campanaire, de 98,6 mètres de haut, qui se trouve isolée sur un côté de la place Saint-Marc, près de la façade de la basilique Saint-Marc dont elle est le clocher."
Q1136557;terre;"Canicule d'août 2003 en Europe";"2003 European heatwave";"phare+saviez";9;1;ecrit;"fr";2026-09-03;2026-09-07;;"Un seul été a causé environ soixante-dix mille morts supplémentaires en Europe et fait perdre un mètre d'épaisseur aux glaciers alpins.";"La canicule d'août 2003 en Europe est un événement climatique d'ampleur exceptionnelle survenu de juin à août 2003 et marqué par de nombreux records de température au cours de la première quinzaine d'août."
Q616503;histoire;"Canular du Dreadnought";"Dreadnought hoax";"insolite+phare+saviez";9;3;publie;"fr";2026-09-03;;2026-09-05;"Virginia Woolf, grimée en prince abyssin, a été reçue à bord du navire amiral britannique avec les honneurs militaires en 1910.";"Le canular du Dreadnought (anglais : Dreadnought hoax) est une imposture organisée en 1910 par Horace de Vere Cole. Celui-ci se fait passer pour un membre de la famille royale d'Abyssinie (Empire éthiopien) et réussit à leurrer la Royal Navy, qui fait visiter le navire amiral, le HMS Dreadnought, à une soi-disant délégation abyssinienne."
Q504818;histoire;"Carnets d'Adolf Hitler";"Hitler Diaries";"insolite+phare";9;8;ecrit;"fr";2026-09-03;2026-09-07;;"Un magazine allemand a payé neuf millions de marks en 1983 pour des carnets rédigés sur du papier d'après-guerre par un faussaire de Stuttgart.";"Les Carnets d'Adolf Hitler (en allemand : Hitler-Tagebücher) sont un journal intime prétendument tenu par Adolf Hitler mais en réalité écrit par le faussaire Konrad Kujau entre 1978 et 1983."
Q76948;cosmos;"Caroline Herschel";"Caroline Herschel";"phare+saviez";9;4;ecrit;"fr";2026-09-03;2026-09-07;;"Domestique devenue astronome, elle a découvert huit comètes et fut la première femme payée pour faire de la science en Angleterre.";"Caroline Herschel (16 mars 1750 - 9 janvier 1848) est une astronome britannique d'origine allemande. Née à Hanovre, dans une famille de musiciens, elle rejoint son frère, l’astronome William Herschel, en Angleterre."
Q1048357;histoire;"";"Cassie Chadwick";"phare";9;3;publie;"fr";2026-09-03;;2026-09-05;"Elle a emprunté des millions aux banques américaines en se présentant comme la fille illégitime d'Andrew Carnegie, qui ne l'avait jamais rencontrée.";"Cassie L. Chadwick (10 October 1857 – 10 October 1907) was the most well-known pseudonym used by Canadian con artist Elizabeth Bigley, who defrauded several American banks out of millions of dollars during the late 1800s and early 1900s by claiming to be an illegitimate daughter and heiress of the S"
Q513300;arts;"Cathédrale Saint-Pierre de Beauvais";"Beauvais Cathedral";"phare";9;2;ecrit;"fr";2026-09-03;2026-09-07;;"Le chœur gothique le plus haut du monde s'est effondré deux fois, et la nef n'a jamais été construite.";"La cathédrale Saint-Pierre de Beauvais est une église catholique située à Beauvais, dans le département français de l'Oise en région Hauts-de-France. Elle est la cathédrale du diocèse de Beauvais."
Q188533;cosmos;"Ceinture de Van Allen";"Van Allen radiation belt";"phare+saviez";9;4;ecrit;"fr";2026-09-03;2026-09-07;;"Découverte par accident en 1958, elle piège des particules si énergétiques qu'elles auraient tué les astronautes d'Apollo sans traversée rapide.";"La ou les ceinture(s) de radiations de Van Allen, ou plus simplement ceinture(s) de Van Allen, ainsi nommées en l'honneur du physicien américain James Van Allen, sont une zone toroïdale de la magnétosphère de la Terre qui entoure l'équateur magnétique et contient une grande densité de particules énergétiques provenant du vent solaire."
Q118081;histoire;"Célestin V";"Pope Celestine V";"insolite+phare";9;1;ecrit;"fr";2026-09-03;2026-09-07;;"Un ermite de quatre-vingts ans a été tiré de sa grotte pour devenir pape, a démissionné cinq mois plus tard, et a été enfermé jusqu'à sa mort.";"Célestin V (né Pietro Angeleri et également connu sous le nom de Pietro de Morrone), né vers 1215 dans le Molise en Italie et mort le 19 mai 1296 à Fumone, est un moine-ermite italien appartenant à l'ordre des bénédictins."
Q157012;arts;"Chambre d'ambre";"Amber Room";"phare";9;3;ecrit;"fr";2026-09-03;2026-09-07;;"Six tonnes d'ambre couvrant les murs d'une pièce entière ont disparu en 1945 et n'ont jamais été retrouvées.";"La Chambre d'ambre (en russe : Янтарная комната, Iantarnaïa komnata ; en allemand : Bernsteinzimmer), une pièce aux murs recouverts d’éléments sculptés dans de l'ambre authentique, fut offerte par le roi de Prusse Frédéric-Guillaume Ier au tsar de Russie Pierre le Grand en 1716."
Q715027;histoire;"Charles d'Éon de Beaumont";"Chevalière d'Éon";"insolite+phare+saviez";9;7;publie;"fr";2026-09-03;;2026-09-05;"Un diplomate et espion français a vécu quarante-neuf ans en homme puis trente-trois en femme, et Londres pariait publiquement sur son sexe.";"Charles d'Éon de Beaumont, ou Charlotte d’Éon de Beaumont, dite le chevalier d'Éon, née le 5 octobre 1728 à l’hôtel d'Uzès de Tonnerre, et morte le 21 mai 1810 à Londres, est une diplomate, espionne, officier, et femme de lettres française."
Q106187;terre;"Chaussée des Géants";"Giant's Causeway";"phare+saviez";9;2;ecrit;"fr";2026-09-03;2026-09-07;;"Quarante mille colonnes de basalte hexagonales se sont emboîtées toutes seules en refroidissant, comme un dallage taillé.";"La Chaussée des Géants est une formation volcanique située sur la côte d'Irlande du Nord. Située à 3 km au nord de la ville de Bushmills dans le comté d'Antrim, à l'extrémité septentrionale du plateau d'Antrim, elle se caractérise par environ 40 000 colonnes hexagonales verticales juxtaposées (colonnes ou orgues basaltiques)."
Q55516;sciences;"Chiffre de Vigenère";"Vigenère cipher";"phare";9;2;ecrit;"fr";2026-09-03;2026-09-07;;"Réputé indéchiffrable pendant trois siècles, il a été cassé en secret par Babbage, qui n'a jamais rien publié de sa méthode.";"Le chiffre de Vigenère est un système de chiffrement par substitution polyalphabétique dans lequel une même lettre du message clair peut, suivant sa position dans celui-ci, être remplacée par des lettres différentes, contrairement à un système de chiffrement mono alphabétique comme le chiffre de Cés"
Q2963649;esprit;"Chimane (ethnie)";"Tsimané";"phare";9;0;ecrit;"fr";2026-09-03;2026-09-07;;"Ces Amazoniens ont les artères les plus propres jamais mesurées : à 80 ans, leur cœur en paraît vingt de moins.";"Les Chimane, Chimani, Tsimané ou Tsimane' sont une ethnie amérindienne de l'Amazonie bolivienne établie dans le sud du département de Beni. Leur langue, le chimane qui est toujours vivante appartient à la famille mosetenane qui constitue elle-même un isolat."
Q188803;esprit;"";"Christiaan Barnard";"phare";9;1;ecrit;"fr";2026-09-03;2026-09-07;;"Le premier greffé du cœur, en 1967, s'est réveillé, a parlé et mangé, avant de mourir d'une pneumonie dix-huit jours plus tard.";"Christiaan Barnard, né le 8 novembre 1922 à Beaufort West (Union d'Afrique du Sud) et mort le 2 septembre 2001 à Paphos (Chypre), est un chirurgien cardiaque sud-africain, qui devint célèbre pour avoir réussi la première transplantation cardiaque à partir d'un cœur humain en 1967."
Q105701;mysteres;"";"Christian Gerhartsreiter";"phare";9;1;publie;"fr";2026-09-03;;2026-09-05;"Un immigré bavarois s'est fait passer trente ans pour un Rockefeller, épousant une consultante de Harvard qui n'a jamais vu son vrai nom.";"Christian Karl Gerhartsreiter (born 21 February 1961) is a German convicted murderer and impostor. Born in West Germany, he is currently serving a prison sentence in the U.S."
Q34221;terre;"Chutes du Niagara";"Niagara Falls";"phare+saviez";9;1;ecrit;"fr";2026-09-03;2026-09-07;;"En 1848, un embâcle de glace a coupé l'alimentation en eau et les chutes se sont tues toute une nuit.";"Les chutes du Niagara ou chutes Niagara (toponyme officiel au Canada ; en anglais Niagara Falls, prononcé : [naɪˈæɡɹə fɔlz]), sont un ensemble de trois chutes d'eau situées sur la rivière Niagara qui relie le lac Érié au lac Ontario, dans l'est de l'Amérique du Nord, à la frontière entre le Canada e"
Q5119329;mysteres;"Cicada 3301";"Cicada 3301";"insolite+phare";9;0;publie;"fr";2026-09-03;;2026-09-05;"Une énigme postée sur un forum menait à des affiches collées dans quatorze villes du monde ; les organisateurs ne se sont jamais montrés.";"Cicada 3301 (de l'anglais cicada, cigale) est un concours organisé sur Internet et mettant en jeu à titre principal des compétences en cryptographie et en informatique."
Q15221944;vivant;"Coléoptère bombardier";"Bombardier beetle";"phare+saviez";9;1;ecrit;"fr";2026-09-03;2026-09-07;;"Il fabrique une explosion chimique à 100 °C dans son abdomen et la projette sur ce qui l'attaque.";"Les coléoptères bombardiers sont des coléoptères de la famille des carabidés (Carabidae) ayant la capacité de projeter bruyamment sur leurs prédateurs (fourmis...) un liquide corrosif en ébullition, mélange de substances issues de la réaction entre l'hydroquinone et le peroxyde d'hydrogène conservée"
Q244932;histoire;"Conflit frontalier sino-soviétique de 1969";"Sino-Soviet border conflict";"phare";9;3;ecrit;"fr";2026-09-03;2026-09-07;;"Deux puissances nucléaires communistes se sont battues en 1969 pour une île fluviale déserte de moins de deux kilomètres carrés.";"Le conflit frontalier sino-soviétique de 1969 est une série d'incidents armés entre l'Union soviétique et la Chine, point culminant de la rupture sino-soviétique des années 1960."
Q837314;mysteres;"Conjecture de Syracuse";"Collatz conjecture";"phare";9;1;ecrit;"fr";2026-09-03;2026-09-07;;"Divisez par deux si c'est pair, triplez et ajoutez un sinon : personne ne sait démontrer qu'on retombe toujours sur 1, quel que soit le départ.";"La conjecture de Syracuse, encore appelée conjecture de Collatz, conjecture d'Ulam, conjecture tchèque, problème de Kakutani ou problème 3x + 1, est l'hypothèse mathématique selon laquelle la suite de Syracuse de n'importe quel entier strictement positif atteint 1."
Q129809;arts;"";"Coral Castle";"phare";9;0;ecrit;"fr";2026-09-03;2026-09-07;;"Un homme d'un mètre cinquante affirme avoir déplacé seul, la nuit, plus de mille tonnes de roche, sans jamais dire comment.";"Le Château de Corail (Coral Castle) est une structure en blocs de corail créée par Edward Leedskalnin et située en Floride, au nord de la ville de Homestead."
Q267735;vivant;"Corneille d'Amérique";"American crow";"phare+saviez";9;0;ecrit;"fr";2026-09-03;2026-09-07;;"Elle mémorise le visage d'un humain qui l'a menacée, le transmet à ses congénères, et le harcèle encore cinq ans plus tard.";"La Corneille d'Amérique (Corvus brachyrhynchos) est une espèce de grands passereaux de la famille des Corvidae. Cette corneille a un plumage iridescent complètement noir, et ressemble à la Corneille noire, qui vit en Europe, au Grand Corbeau et à la Corneille d'Alaska."
Q113368879;esprit;"Coumaphène";"Warfarin";"phare";9;1;ecrit;"fr";2026-09-03;2026-09-07;;"Le raticide qui faisait saigner les rats est devenu l'anticoagulant le plus prescrit du monde, prescrit jusqu'à un président américain.";"Le coumaphène ou warfarine (C19H16O4) est un composé organique de la famille des coumarines. C'est une substance active de produit phytosanitaire (ou produit phytopharmaceutique, ou pesticide), qui présente un effet rodenticide, avec toutefois de possibles phénomènes de résistance aux rodenticides."
Q11774391;terre;"Cyclone Hyacinthe";"Cyclone Hyacinthe";"phare";9;5;ecrit;"fr";2026-09-03;2026-09-07;;"En quinze jours de 1980, ce cyclone a déversé plus de six mètres d'eau sur La Réunion, record mondial absolu.";"Le cyclone Hyacinthe est un cyclone tropical en activité en janvier 1980 dans l'océan Indien sud-ouest. Il a touché Maurice, La Réunion et Madagascar."
Q3699867;cosmos;"Cydonia Mensae";"Cydonia (Mars)";"insolite+phare+saviez";9;3;ecrit;"fr";2026-09-03;2026-09-07;;"Une photo floue de 1976 a lancé des décennies de rumeurs ; en haute résolution, ce n'est qu'une colline banale.";"Cydonia Mensae est un relief martien (Mensa) situé dans le quadrangle de Mare Acidalium. Il est à l'origine d'un exemple de paréidolie."
Q18873;vivant;"";"Cymothoa exigua";"insolite+phare+saviez";9;2;publie;"fr";2026-09-03;;2026-09-05;"Ce crustacé dévore la langue d'un poisson, s'ancre au moignon et devient lui-même la langue de l'animal, qui s'en sert normalement jusqu'à sa mort.";"Cymothoa exigua ou pou mange-langue est un crustacé parasite de la famille des Cymothoidae. Mesurant en moyenne entre 3 et 4 cm de long, il se développe en parasitant des poissons, plus précisément en s'agrippant aux vaisseaux sanguins de la langue des poissons."
Q861986;arts;"De rerum natura";"De rerum natura";"phare";9;2;ecrit;"fr";2026-09-03;2026-09-07;;"Un chasseur de manuscrits a trouvé en 1417, dans un couvent allemand, l'unique copie d'un poème latin niant l'immortalité de l'âme.";"De rerum natura (De la nature des choses), plus souvent appelé De natura rerum, est un grand poème en langue latine du poète philosophe latin Lucrèce, qui vécut au Ier siècle avant notre ère."
Q275450;cosmos;"Débris spatial";"Space debris";"phare+saviez";9;2;ecrit;"fr";2026-09-03;2026-09-07;;"Plus de 130 millions de fragments filent autour de la Terre à dix fois la vitesse d'une balle de fusil.";"Un débris spatial, dans le domaine de l'astronautique, est un objet artificiel circulant sur une orbite terrestre, amené là dans le cadre d'une mission spatiale, et qui n'est pas ou plus utilisé."
Q386827;vivant;"Deinococcus radiodurans";"Deinococcus radiodurans";"phare+saviez";9;1;ecrit;"fr";2026-09-03;2026-09-07;;"Cette bactérie encaisse trois mille fois la dose de radiations qui tue un humain, puis recolle ses chromosomes pulvérisés en quelques heures.";"Deinococcus radiodurans est une bactérie aérobie, hétérotrophe et mésophile appartenant au phylum des Deinococcota. Non mobile, elle se présente généralement sous forme de tétrades ou d’agrégats de plusieurs cellules."
Q132469;sciences;"Dernier théorème de Fermat";"Fermat's Last Theorem";"phare+saviez";9;3;ecrit;"fr";2026-09-03;2026-09-07;;"Une note griffonnée dans une marge en 1637 a résisté trois siècles et demi, jusqu'à ce qu'un Anglais y consacre sept ans, en secret, dans son grenier.";"En mathématiques, et plus précisément en théorie des nombres, le dernier théorème de Fermat, ou depuis sa démonstration théorème de Fermat-Wiles, ou grand théorème de Fermat, s'énonce comme suit : Énoncé par Pierre de Fermat d'une manière similaire dans une note marginale de son exemplaire d'un livr"
Q47141;terre;"Désert d'Atacama";"Atacama Desert";"phare";9;2;ecrit;"fr";2026-09-03;2026-09-07;;"Certaines stations n'ont jamais enregistré la moindre pluie, et des sols y sont restés secs pendant plus de vingt millions d'années.";"Le désert d'Atacama (en espagnol : Desierto de Atacama) est une région hyperaride d'Amérique du Sud située entre l'océan Pacifique Sud et la zone volcanique centrale des Andes, dans le nord du Chili et l'extrême sud du Pérou."
Q133548;vivant;"Desulforudis audaxviator";"";"phare";9;5;ecrit;"fr";2026-09-03;2026-09-07;;"Dans une mine sud-africaine à près de trois kilomètres de fond vit un écosystème complet composé d'une seule espèce, qui tire son énergie de la radioactivité des roches.";"Desulforudis audaxviator est une bactérie sulfato-réductrice monotypique à Gram positif résidant dans les eaux souterraines à une profondeur de 1 500 à 3 000 m."
Q751479;sciences;"Diamant synthétique";"Synthetic diamond";"phare+saviez";9;3;ecrit;"fr";2026-09-03;2026-09-07;;"Le chercheur qui a réussi la première synthèse reproductible de diamants a reçu de son employeur une prime de dix dollars.";"Un diamant synthétique (aussi appelé diamant de synthèse, diamant de laboratoire ou diamant de culture) est produit en utilisant différentes techniques physiques et chimiques, visant à reproduire la structure des diamants naturels."
Q20117;sciences;"";"Dihydrogen monoxide parody";"insolite+phare+saviez";9;0;ecrit;"fr";2026-09-03;2026-09-07;;"Une pétition pour interdire une substance mortelle par inhalation et corrodant les métaux a recueilli des milliers de signatures : c'était l'eau.";"La mystification du monoxyde de dihydrogène est un canular consistant à présenter l’eau (H2O) sous une dénomination chimique inhabituelle, en employant un discours scientifiquement exact, mais destiné à induire une perception erronée de sa dangerosité."
Q41450298;mysteres;"Disparition de Lars Mittank";"Disappearance of Lars Mittank";"phare";9;3;ecrit;"fr";2026-09-03;2026-09-07;;"En 2014, filmé par une caméra d'aéroport bulgare, il jette son sac, saute une clôture et court vers un champ ; on ne l'a plus jamais revu.";"Lars Joachim Mittank, né le 9 février 1986 à Berlin, est un homme allemand ayant disparu le 8 juillet 2014 près de l'aéroport de Varna à Varna, en Bulgarie. Lars Mittank était en vacances à la station balnéaire de Golden Sands, où il aurait été impliqué dans une bagarre, et n'a ensuite pas pu rentrer chez lui avec ses amis pour des raisons de santé."
Q157094;arts;"Disque céleste de Nebra";"Nebra sky disc";"phare+saviez";9;2;ecrit;"fr";2026-09-03;2026-09-07;;"Pillé par deux détecteurs de métaux, ce disque de bronze vieux de 3 600 ans a été récupéré lors d'une souricière policière dans un hôtel de Bâle.";"Le disque céleste de Nebra est un disque de bronze portant des motifs en or, pesant à peu près 2 kg et mesurant environ 32 cm de diamètre. Il a été mis au jour illégalement, par des fouilleurs clandestins, en juillet 1999 à Nebra-sur-Unstrut, en Saxe-Anhalt (Allemagne), avec d'autres objets constituant un dépôt cultuel."
Q284340;terre;"";"Dobšiná Ice Cave";"phare";9;2;ecrit;"fr";2026-09-03;2026-09-07;;"Une cave slovaque où la glace atteint vingt-six mètres d'épaisseur et ne fond jamais, même au plus fort de l'été.";"La grotte de glace de Dobšiná (en slovaque : Dobšinská ľadová jaskyňa) est une glacière naturelle située près de Dobšiná en Slovaquie. C'est la plus grande grotte remplie de glace du pays."
Q1243683;mysteres;"";"Dorabella Cipher";"phare";9;2;ecrit;"fr";2026-09-03;2026-09-07;;"Le compositeur Elgar a envoyé à une amie de vingt ans un billet de 87 symboles que personne, elle comprise, n'a su lire.";"Le chiffre de Dorabella est le nom donné au chiffre utilisé par le compositeur Edward Elgar dans une lettre adressée à une de ses connaissances, Miss Dora Penny."
Q4504;vivant;"Dragon de Komodo";"Komodo dragon";"phare+saviez";9;1;ecrit;"fr";2026-09-03;2026-09-07;;"Des femelles isolées dans des zoos européens ont pondu des œufs fécondés sans avoir jamais vu de mâle, et tous les petits nés étaient des mâles.";"Le dragon de Komodo ou varan de Komodo (Varanus komodoensis) est une espèce de varans qui se rencontre dans les îles de Komodo, Rinca, Florès, Gili Motang et Gili Dasami en Indonésie centrale."
Q152856;vivant;"Dryococelus australis";"Dryococelus australis";"phare";9;1;publie;"fr";2026-09-03;;2026-09-05;"Vingt-quatre survivants de ce phasme géant ont été retrouvés sous un unique buisson, sur un piton rocheux vertical, quatre-vingts ans après leur extinction supposée.";"Dryococelus australis est une espèce insulaire de phasmes, originaire de l'île Lord Howe, située à 600 km à l’est du continent australien. En raison de sa grande taille, qui peut atteindre 20 cm pour les femelles, il a parfois été dénommé en anglais tree lobster (« homard des arbres »)."
Q601388;mysteres;"Écriture de l'Indus";"Indus script";"phare";9;3;ecrit;"fr";2026-09-03;2026-09-07;;"Une civilisation de plusieurs millions d'habitants a laissé des milliers d'inscriptions, jamais plus longues que quelques signes, toujours muettes.";"Le terme écriture de l'Indus fait référence à des suites de symboles associées à la civilisation de la vallée de l'Indus (Afghanistan, Inde, Pakistan actuels), au cours de la période allant de 3200 à 1900 av."
Q723510;sciences;"Effet Mpemba";"Mpemba effect";"insolite+phare+saviez";9;4;ecrit;"fr";2026-09-03;2026-09-07;;"Dans certaines conditions, l'eau chaude gèle plus vite que l'eau froide. Personne ne s'accorde vraiment sur pourquoi.";"L'effet Mpemba est une constatation empirique selon laquelle l’eau chaude gèlerait plus vite que l’eau froide dans des conditions de refroidissement similaires."
Q312307;terre;"El Azizia (Libye)";"ʽAziziya";"phare";9;1;ecrit;"fr";2026-09-03;2026-09-07;;"Le record mondial de chaleur détenu par cette ville libyenne pendant quatre-vingt-dix ans a été annulé en 2012 pour cause de thermomètre mal lu.";"El Azizia (العزيزيه en arabe) est une ville de Libye située au nord du pays. Cette ville commerciale importante de la Djeffara est située à 55 km au sud-ouest de Tripoli."
Q519756;terre;"";"El Tatio";"phare+saviez";9;3;ecrit;"fr";2026-09-03;2026-09-07;;"À 4 300 mètres d'altitude, quatre-vingts geysers dressent à l'aube des colonnes de vapeur qui gèlent instantanément dans l'air du désert.";"El Tatio est une zone géothermale qui se trouve dans la cordillère des Andes au Chili, sur l’altiplano à 4 280 m d’altitude dans la région d'Antofagasta, au pied des volcans Tatio et Linzor (5 680 m)."
Q452825;mysteres;"Emanuela Orlandi";"Emanuela Orlandi";"phare";9;3;ecrit;"fr";2026-09-03;2026-09-07;;"Le Vatican a ouvert en 2019 deux tombes de son cimetière pour y chercher cette adolescente disparue en 1983 : elles étaient entièrement vides.";"Emanuela Orlandi (née le 14 janvier 1968) est une citoyenne de la Cité du Vatican qui a disparu mystérieusement à Rome le 22 juin 1983. Cette disparition est l'une des affaires les plus obscures de l'histoire criminelle italienne."
Q177519;arts;"Empire (film)";"Empire (1965 film)";"insolite+phare";9;4;ecrit;"fr";2026-09-03;2026-09-07;;"Warhol a filmé l'Empire State Building pendant huit heures, projetées au ralenti, et la salle s'est vidée dès la première heure.";"Empire est un film américain d'Andy Warhol en noir et blanc. L'idée était de filmer l'Empire State Building en plan fixe depuis le coucher du soleil jusqu'au noir complet."
Q1989057;vivant;"";"Encephalartos woodii";"phare";9;1;publie;"fr";2026-09-03;;2026-09-05;"Il n'existe qu'un seul individu de cette plante, un mâle prélevé en 1895 et cloné partout : aucune femelle n'a jamais été trouvée.";"Encephalartos woodii ou Cycas de Wood est une espèce éteinte à l'état sauvage de cycadophyte appartenant à la famille des Zamiaceae, connue seulement par une poignée de spécimens mâles, tous cultivés."
Q696077;arts;"Encyclopédie de Yongle";"Yongle Encyclopedia";"phare+saviez";9;2;ecrit;"fr";2026-09-03;2026-09-07;;"Onze mille volumes copiés à la main par deux mille lettrés en 1408 ; il en subsiste aujourd'hui moins de quatre cents.";"L'Encyclopédie de Yongle ou Yongle Dadian (en chinois traditionnel 永樂大典, en chinois simplifié 永乐大典, en pinyin Yǒnglè Dàdiǎn, littéralement Le Grand Canon ou les Vastes Documents de l'ère Yongle) est une compilation chinoise des connaissances de l'époque, rédigée sur ordre de l'empereur Yongle, de la"
Q2578715;mysteres;"Enfants verts de Woolpit";"Green children of Woolpit";"insolite+phare+saviez";9;5;ecrit;"fr";2026-09-03;2026-09-07;;"Deux chroniqueurs médiévaux rapportent qu'un frère et une sœur à la peau verte, ne mangeant que des fèves, sont sortis d'une fosse dans un village anglais.";"Les enfants verts de Woolpit sont deux enfants à la peau verte qui seraient apparus dans le village anglais de Woolpit au XIIe siècle. Frère et sœur, les enfants verts sont d'apparence normale, en dehors de leur couleur de peau, mais ils s'expriment dans une langue inconnue et refusent de manger autre chose que des fèves."
Q180620;mysteres;"Enric Marco";"Enric Marco";"phare";9;5;publie;"fr";2026-09-03;;2026-09-05;"Il a présidé l'association espagnole des déportés et raconté sa déportation devant le Parlement, avant qu'un historien ne prouve en 2005 qu'il n'y avait jamais mis les pieds.";"Enric Marco, né le 12 avril 1921 à Barcelone et mort le 21 mai 2022, est un syndicaliste espagnol de Catalogne, mais il est aujourd'hui principalement connu comme un imposteur prétendant avoir été interné durant la Seconde Guerre mondiale dans le camp de concentration de Flossenbürg, en Allemagne."
Q3295141;histoire;"Épidémie dansante de 1518";"Dancing plague of 1518";"insolite+phare+saviez";9;5;publie;"fr";2026-09-03;;2026-09-05;"À Strasbourg, quatre cents personnes se mettent à danser sans pouvoir s'arrêter. Certaines en meurent.";"L'épidémie dansante de 1518 est un épisode inexpliqué de manie dansante survenu au début du XVIe siècle à Strasbourg, alors ville impériale libre du Saint-Empire, au cœur de la plaine d'Alsace."
Q778218;terre;"Éruption du mont Saint Helens en 1980";"1980 eruption of Mount St. Helens";"phare+saviez";9;1;ecrit;"fr";2026-09-03;2026-09-07;;"Le versant nord de la montagne a glissé d'un bloc, libérant une explosion latérale qui a couché des forêts sur trois cents kilomètres carrés.";"L’éruption du mont Saint Helens en 1980, dans l'État de Washington, est l’éruption volcanique la plus importante jamais enregistrée aux États-Unis dans les 48 États contigus."
Q1332211;mysteres;"Escadrille 19";"Flight 19";"phare";9;2;ecrit;"fr";2026-09-03;2026-09-07;;"Cinq bombardiers américains perdus en formation en 1945, puis l'hydravion parti les chercher, disparu à son tour avec treize hommes.";"La disparition de l'escadrille 19, le 5 décembre 1945 au-dessus de l'Atlantique, concerne une patrouille de 5 avions torpilleurs Grumman TBF Avenger de l'US Navy, d'indicatif Flight 19 (vol 19), qui effectuait un vol d'entraînement depuis la base aéronavale de Fort Lauderdale, en Floride."
Q1368833;histoire;"Essex (baleinier)";"Essex (whaleship)";"phare+saviez";9;4;publie;"fr";2026-09-03;;2026-09-05;"Un cachalot a coulé un baleinier américain en 1820, et les survivants ont tiré au sort pour désigner celui qui serait mangé.";"L'Essex est un baleinier américain qui a fait naufrage le 20 novembre 1820 au milieu de l'océan Pacifique à la suite d'une attaque par un grand cachalot. Les naufragés dérivèrent pendant treize semaines à bord de trois petites baleinières et se livrèrent à des actes de cannibalisme."
Q12185;cosmos;"Eta Carinae";"Eta Carinae";"phare";9;5;ecrit;"fr";2026-09-03;2026-09-07;;"En 1843, elle est devenue la deuxième étoile la plus brillante du ciel sans exploser, et elle attend toujours.";"Eta Carinae (η Car, Êta de la Carène en français ; anciennement Eta Argus) est un système stellaire comprenant au moins deux étoiles, avec une luminosité totale dépassant cinq millions de fois celle du Soleil."
Q2305641;vivant;"";"Eunice aphroditois";"insolite+phare+saviez";9;0;ecrit;"fr";2026-09-03;2026-09-07;;"Ce ver de trois mètres attend enfoui, cinq antennes dehors, et referme ses mâchoires si vite qu'il coupe parfois un poisson en deux.";"Eunice aphroditois ou Bobbit est une espèce de vers annélides polychètes marins de la famille des Eunicidae."
Q125953;cosmos;"Événement de la Toungouska";"Tunguska event";"phare+saviez";9;2;ecrit;"fr";2026-09-03;2026-09-07;;"En 1908, un objet céleste a couché 80 millions d'arbres en Sibérie sans laisser le moindre cratère.";"L'événement de la Toungouska désigne un ensemble d'observations faites sur une puissante explosion qui s'est produite le 30 juin 1908 vers 7 h 14 heure locale (0 h 14 TU) en Sibérie centrale, dans l'Empire russe."
Q5417058;mysteres;"";"Everett Ruess";"phare";9;2;ecrit;"fr";2026-09-03;2026-09-07;;"Ce jeune artiste vagabond a disparu dans les canyons de l'Utah en 1934, laissant gravé sur une paroi le seul mot « NEMO ».";"Everett Ruess, né le 28 mars 1914 à Oakland et mort probablement en novembre 1934, est un artiste, poète et explorateur américain."
Q2305;histoire;"Expédition Franklin";"Franklin's lost expedition";"phare+saviez";9;3;ecrit;"fr";2026-09-03;2026-09-07;;"Cent vingt-neuf hommes sont morts en cherchant le passage du Nord-Ouest, et leurs os portent les marques d'un cannibalisme final.";"L’expédition Franklin est une expédition maritime et polaire britannique qui avait pour but de réussir la première traversée du passage du Nord-Ouest et l'exploration de l'Arctique."
Q327968;esprit;"Expression faciale";"Facial expression";"phare";9;0;ecrit;"fr";2026-09-03;2026-09-07;;"Un vrai sourire plisse autour de l'œil un muscle que presque personne ne sait contracter volontairement, d'où les photos qui sonnent faux.";"L'expression faciale est un aspect important du comportement et de la communication non verbale. Déjà étudiée par Darwin et Duchenne de Boulogne au XIXe siècle, l'expression faciale a joué un rôle majeur dans la recherche sur les émotions depuis les travaux de Silvan Tomkins (en) dans les années 1960."
Q39651;terre;"Eyjafjallajökull";"Eyjafjallajökull";"phare";9;1;ecrit;"fr";2026-09-03;2026-09-07;;"Un volcan islandais a cloué au sol dix millions de passagers en 2010 sans faire une seule victime.";"L'Eyjafjallajökull (prononcé : /ˈɛɪjaˌfjatl̥aˌjœkʏtl̥/ ) est une calotte glaciaire du Sud de l'Islande. D'une superficie de 78 km2 environ, il est le sixième plus grand glacier du pays sur les treize calottes glaciaires que compte l'Islande."
Q202009;arts;"Fahrenheit 451";"Fahrenheit 451";"phare+saviez";9;2;ecrit;"fr";2026-09-03;2026-09-07;;"Pendant treize ans, l'éditeur a vendu une version censurée du roman sur la censure, sans jamais en avertir Bradbury.";"Fahrenheit 451 est un roman d'anticipation dystopique de Ray Bradbury publié en 1953 aux États-Unis. Il présente une société américaine future où les livres ont été interdits et les « pompiers » brûlent ceux qu'ils trouvent."
Q1136743;histoire;"Fées de Cottingley";"Cottingley Fairies";"insolite+phare";9;0;ecrit;"fr";2026-09-03;2026-09-07;;"Deux fillettes ont photographié des fées en papier découpé, et l'auteur de Sherlock Holmes y a cru jusqu'à sa mort.";"« Fées de Cottingley » et « affaire des fées de Cottingley » font référence à une célèbre série de cinq photographies prises au début du XXe siècle par Elsie Wright et Frances Griffiths, deux jeunes cousines qui vivent à Cottingley, près de Bradford, dans la région du Yorkshire en Angleterre."
Q1472649;histoire;"";"Fox tossing";"insolite+phare+saviez";9;2;publie;"fr";2026-09-03;;2026-09-05;"Les cours allemandes s'amusaient à catapulter des renards vivants à dix mètres de haut avec des filets tendus, devant les dames en toilette.";"Le lancer de renard (en allemand : Fuchsprellen) était un sport populaire dans certaines parties de l'Europe durant les XVIIe et XVIIIe siècles, où les participants lançaient en l'air des renards et d'autres animaux vivants."
Q671;sciences;"Francium";"Francium";"phare";9;5;ecrit;"fr";2026-09-03;2026-09-07;;"Il n'existe à chaque instant qu'une trentaine de grammes de cet élément dans toute la croûte terrestre, et personne n'en a jamais vu un morceau.";"Le francium, connu pendant un temps sous les noms d'éka-césium et actinium K, est l'élément chimique de numéro atomique 87, de symbole Fr. Il fait partie des métaux alcalins."
Q112070;sciences;"Franz Reichelt";"Franz Reichelt";"insolite+phare+saviez";9;5;publie;"fr";2026-09-03;;2026-09-05;"Un tailleur a sauté du premier étage de la tour Eiffel pour essayer son manteau-parachute, devant une caméra qui a tout enregistré.";"Henry François Reichelt, né Franz Karl Reichelt le 16 octobre 1878 à Wegstädtl (aujourd'hui Štětí), en Bohême autrichienne (aujourd'hui en République tchèque), est un tailleur autrichien devenu français, connu pour s'être tué à l'âge de 33 ans le 4 février 1912, en sautant du premier étage de la tou"
Q51476459;histoire;"Fuite d'Allemagne de l'Est en montgolfière";"East Germany balloon escape";"insolite+phare+saviez";9;3;publie;"fr";2026-09-03;;2026-09-05;"Deux familles est-allemandes ont cousu en secret une montgolfière dans leur grenier et franchi le Rideau de fer en vingt-huit minutes de vol.";"Grâce à une spectaculaire évasion en montgolfière le 16 septembre 1979, les familles est-allemandes Strelzyk et Wetzel originaires de Pößneck (Thuringe) ont réussi à fuir d'Allemagne de l'Est (RDA) vers la République fédérale d'Allemagne (RFA) en franchissant la frontière interallemande à bord d'une montgolfière de fabrication artisanale."
Q307;sciences;"Galilée (savant)";"Galileo Galilei";"phare+saviez";9;2;ecrit;"fr";2026-09-03;2026-09-07;;"Son majeur droit est exposé sous verre dans un musée de Florence, prélevé sur son cadavre près d'un siècle après sa mort.";"Galilée (en italien : Galileo Galilei), né à Pise le 15 février 1564 et mort à Arcetri près de Florence le 8 janvier 1642, est un mathématicien, géomètre, physicien et astronome italien du XVIIe siècle."
Q76420;sciences;"Georg Cantor";"Georg Cantor";"phare+saviez";9;1;ecrit;"fr";2026-09-03;2026-09-07;;"En prouvant qu'il existe des infinis plus grands que d'autres, il s'est attiré la haine de ses maîtres et a fini en hôpital psychiatrique.";"Georg Cantor est un mathématicien allemand, né le 3 mars 1845 à Saint-Pétersbourg (Empire russe) et mort le 6 janvier 1918 à Halle (Empire allemand). Il est connu pour être le créateur de la théorie des ensembles."
Q311604;mysteres;"George Mallory";"George Mallory";"phare+saviez";9;3;ecrit;"fr";2026-09-03;2026-09-07;;"Son corps est apparu sur l'Everest en 1999, à plat ventre dans la pente, mais l'appareil photo qui dirait s'il a atteint le sommet reste introuvable.";"George Herbert Leigh Mallory, né le 18 juin 1886 à Mobberley dans le comté de Cheshire, et aperçu pour la dernière fois le 8 juin 1924 sur la crête nord de l'Everest, est un alpiniste britannique."
Q7799533;terre;"Glacier Thwaites";"Thwaites Glacier";"phare+saviez";9;4;ecrit;"fr";2026-09-03;2026-09-07;;"On le surnomme le glacier de l'apocalypse : sa disparition entraînerait ses voisins et relèverait le niveau des mers de plus de trois mètres.";"Le glacier Thwaites est un glacier d'Antarctique situé dans la Terre Marie Byrd. Il forme une barrière de glace alimentée par un courant glaciaire permettant à une partie des glaces de l'inlandsis Ouest-Antarctique de s'évacuer du plateau antarctique occidental vers la mer d'Amundsen."
Q842110;cosmos;"Gliese 436 b";"Gliese 436 b";"phare";9;0;ecrit;"fr";2026-09-03;2026-09-07;;"Elle est couverte d'une glace brûlante à trois cents degrés, maintenue solide par la seule pression.";"Gliese 436 b, GJ 436 b ou Awohali est une planète extrasolaire en orbite autour de l'étoile Gliese 436, une naine rouge située dans la constellation zodiacale du Lion, à environ 33,1 années-lumière (10,1 parsecs) de la Terre."
Q670143;vivant;"";"Golden lancehead";"phare";9;1;ecrit;"fr";2026-09-03;2026-09-07;;"Sur une île brésilienne interdite, la densité atteint un serpent par mètre carré, et leur venin est cinq fois plus puissant que celui du continent.";"Bothrops insularis est une espèce de serpent de la famille des Viperidae. Il est appelé Jararaca-ilhoa ou Trigonocéphale insulaire."
Q656857;cosmos;"Grand attracteur";"Great Attractor";"phare";9;2;publie;"fr";2026-09-03;2026-09-07;2026-09-07;"Nous tombons vers un point du ciel que personne n'a jamais vu : il est caché derrière notre propre galaxie.";"Le Grand attracteur est une région gravitationnelle de l'espace intergalactique se trouvant au centre du superamas Laniakea et dans le voisinage du superamas de l'Hydre-Centaure."
Q189193;vivant;"Grand Pingouin";"Great auk";"phare";9;1;ecrit;"fr";2026-09-03;2026-09-07;;"Les deux derniers couvaient un œuf unique quand des pêcheurs les ont étranglés en 1844 pour le compte d'un collectionneur.";"Le Grand Pingouin (Pinguinus impennis, autrefois Alca impennis) est une espèce disparue de grands oiseaux incapables de voler de la famille des Alcidés. Endémique du pourtour de l'océan Atlantique, l'espèce disparaît à l'Holocène, au milieu du XIXe siècle, à cause de la chasse commerciale."
Q913640;terre;"Grand smog de Londres";"Great Smog of London";"phare+saviez";9;4;ecrit;"fr";2026-09-03;2026-09-07;;"Un brouillard de fumée de charbon a tué jusqu'à douze mille personnes en cinq jours de décembre 1952.";"Le grand smog de Londres (en anglais, The Great Smog ou Big Smoke : « la grande fumée ») de 1952 est le smog particulièrement dense qui recouvrit Londres durant la période allant du jeudi 4 au mardi 9 décembre 1952, considéré comme la pire pollution atmosphérique de toute l'histoire du Royaume-Uni."
Q837561;terre;"Grande Oxydation";"Great Oxidation Event";"phare+saviez";9;1;ecrit;"fr";2026-09-03;2026-09-07;;"L'apparition de l'oxygène a été la plus massive pollution de l'histoire et a exterminé la quasi-totalité de la vie d'alors.";"La Grande Oxydation ou Grande Oxygénation (Great Oxygenation Event en anglais, ou GOE), également appelée catastrophe de l'oxygène ou crise de l'oxygène, est un événement majeur qui s'est produit dans l'atmosphère terrestre, les eaux de surface et la biosphère il y a environ 2,4 à 2 milliards d'anné"
Q546233;histoire;"Grande Puanteur";"Great Stink";"insolite+phare+saviez";9;5;ecrit;"fr";2026-09-03;2026-09-07;;"L'été 1858 à Londres : la Tamise a senti si mauvais que le Parlement a dû fuir et refaire les égouts.";"« La Grande Puanteur », appelée The Great Stink ou The Big Stink en anglais, est un épisode de l'histoire de Londres durant l'été 1858, alors que la Tamise sentait horriblement mauvais du fait des écoulements d'eaux usées et de la chaleur qui régnait."
Q117346;sciences;"Grigori Perelman";"Grigori Perelman";"phare+saviez";9;3;ecrit;"fr";2026-09-03;2026-09-07;;"Il a résolu l'un des sept problèmes du millénaire, refusé le million de dollars et la médaille Fields, puis disparu vivre chez sa mère.";"Grigori Iakovlevitch Perelman (en russe : Григорий Яковлевич Перельман ) est un mathématicien russe né le 13 juin 1966 à Léningrad. Il a travaillé sur le flot de Ricci, ce qui l'a conduit à établir en 2002 une démonstration de la conjecture de Poincaré du programme de Hamilton, un des problèmes fondamentaux des mathématiques contemporaines."
Q172125;arts;"Grotte de Lascaux";"Lascaux";"phare+saviez";9;2;ecrit;"fr";2026-09-03;2026-09-07;;"Quatre adolescents cherchant leur chien ont trouvé en 1940 une chapelle peinte il y a dix-sept mille ans ; leur souffle a fini par l'abîmer.";"La grotte de Lascaux, située dans la commune de Montignac-Lascaux dans le département français de la Dordogne en région Nouvelle-Aquitaine, dans la vallée de la Vézère, est l'une des plus importantes grottes ornées du Paléolithique supérieur par le nombre et la qualité esthétique de ses peintures et"
Q15903;terre;"Grotte de Postojna";"Postojna Cave";"phare";9;0;ecrit;"fr";2026-09-03;2026-09-07;;"On y observe un amphibien aveugle capable de jeûner dix ans et de vivre un siècle sans jamais voir le jour.";"La grotte de Postojna (anciennement grotte d'Adelsberg, d'après l'ancien nom de la commune homonyme jusqu'en 1918) (en slovène : Postojnska jama, en italien : grotte di Postumia, en allemand : Adelsberger Grotten), est une cavité karstique anciennement connue et située près de la ville de Postojna,"
Q54434;histoire;"Guerre de l'oreille de Jenkins";"War of Jenkins' Ear";"insolite+phare+saviez";9;4;ecrit;"fr";2026-09-03;2026-09-07;;"Un capitaine anglais a brandi son oreille coupée devant le Parlement, et l'Angleterre est partie en guerre contre l'Espagne pendant neuf ans.";"La guerre de l’oreille de Jenkins (de l'anglais War of Jenkins's Ear ; son nom espagnol est Guerra del Asiento) est un conflit qui oppose, de 1739 à 1748, principalement dans les Caraïbes, les royaumes de Grande-Bretagne et d’Espagne."
Q223126;histoire;"Guerre du Chaco";"Chaco War";"phare+saviez";9;2;ecrit;"fr";2026-09-03;2026-09-07;;"Deux des pays les plus pauvres d'Amérique du Sud se sont entretués trois ans pour un désert où l'on croyait du pétrole, qui n'y était pas.";"La guerre du Chaco (1932-1935) fut un conflit entre le Paraguay et la Bolivie pour le contrôle du Chaco Boreal, une région semi-aride d'Amérique du Sud, riche en ressources naturelles et surtout soupçonnée de receler des gisements de pétrole."
Q445076;cosmos;"Guillaume Le Gentil";"Guillaume Le Gentil";"insolite+phare";9;2;publie;"fr";2026-09-03;;2026-09-05;"Parti onze ans observer deux passages de Vénus, il les rate tous les deux, rentre déclaré mort et retrouve ses biens partagés.";"Guillaume Joseph Hyacinthe Jean-Baptiste Le Gentil de La Galaisière , né à Coutances le 12 septembre 1725 et mort à Paris le 22 octobre 1792, est un astronome et indianiste français dont le nom est resté célèbre pour la malchance tenace dont il fut victime lors de ses tentatives infructueuses d'obse"
Q186486;vivant;"Hachikō";"Hachikō";"insolite+phare";9;4;ecrit;"fr";2026-09-03;2026-09-07;;"Ce chien est revenu attendre son maître à la même gare, tous les soirs, pendant neuf ans après la mort de celui-ci.";"Hachikō (ハチ公), né le 10 novembre 1923 et mort le 8 mars 1935, est un chien de race akita. Il est célèbre au Japon pour avoir attendu, quotidiennement et pendant près de dix ans, son maître à la gare de Shibuya (dans l'arrondissement de Shibuya à Tokyo) après la mort de ce dernier."
Q116197048;esprit;"Hallucination (intelligence artificielle)";"Hallucination (artificial intelligence)";"insolite+phare";9;0;ecrit;"fr";2026-09-03;2026-09-07;;"Demandez à quelqu'un pourquoi il a choisi ceci plutôt que cela : son cerveau invente instantanément une explication convaincante, sans jamais signaler qu'il improvise.";"Dans le domaine de l'intelligence artificielle générative (IA), une hallucination ou une confabulation est une réponse fausse ou trompeuse qui est présentée comme un fait certain ; par exemple, un chatbot qui génère un chiffre d'affaires pour une entreprise sans avoir de données à ce sujet."
Q847482;vivant;"HeLa";"HeLa";"phare+saviez";9;4;publie;"fr";2026-09-03;;2026-09-05;"Prélevées sans consentement en 1951, ces cellules se multiplient encore ; leur masse cumulée dépasse largement celle de la femme dont elles proviennent.";"Les cellules HeLa sont une lignée cellulaire cancéreuse utilisée en biologie cellulaire et en recherche médicale. Ces cellules proviennent d'un prélèvement de métastases effectué sans consentement sur une patiente afro-américaine atteinte d'un cancer du col de l'utérus et décédée en 1951, Henrietta Lacks."
Q444764;histoire;"Helen Duncan";"Helen Duncan";"insolite+phare";9;5;publie;"fr";2026-09-03;;2026-09-05;"La dernière condamnée pour sorcellerie au Royaume-Uni a été emprisonnée en 1944, pour avoir révélé en séance le naufrage d'un navire tenu secret.";"Victoria Helen McCrae Duncan (25 novembre 1897 - 6 décembre 1956) est une médium écossaise mieux connue pour être la dernière personne à avoir été emprisonnée au Royaume-Uni en vertu de la loi contre la sorcellerie (Witchcraft Act) de 1736."
Q16864704;arts;"";"Henri-Georges Clouzot's Inferno";"phare";9;0;ecrit;"fr";2026-09-03;2026-09-07;;"Le tournage s'est effondré en trois semaines, laissant des heures de rushes hallucinés que personne n'a jamais pu monter.";"L'Enfer d'Henri-Georges Clouzot est un documentaire français réalisé par Serge Bromberg et Ruxandra Medrea, sorti en 2009."
Q110181;cosmos;"Henrietta Swan Leavitt";"Henrietta Swan Leavitt";"phare+saviez";9;2;ecrit;"fr";2026-09-03;2026-09-07;;"Payée trente cents de l'heure pour compter des étoiles sur des plaques, elle a offert à l'humanité son premier mètre-étalon cosmique.";"Henrietta Swan Leavitt, née le 4 juillet 1868 et morte le 12 décembre 1921, est une astronome américaine ayant découvert la relation entre la luminosité des étoiles variables et leur période de variation."
Q72296;mysteres;"Homme au masque de fer";"Man in the Iron Mask";"phare";9;1;ecrit;"fr";2026-09-03;2026-09-07;;"Un prisonnier détenu trente-quatre ans, transféré de forteresse en forteresse avec le même geôlier unique, et enterré sous un faux nom.";"L'homme au masque de fer, souvent appelé de manière abrégée « le Masque de fer », est un prisonnier de la seconde moitié du XVIIe siècle, parmi les plus célèbres de l'histoire de France."
Q454667;mysteres;"Homme de Lindow";"Lindow Man";"phare+saviez";9;2;ecrit;"fr";2026-09-03;2026-09-07;;"Ce corps de tourbière a été assommé, étranglé et égorgé le même jour, il y a deux mille ans, et son dernier repas contenait du pain brûlé.";"L'Homme de Lindow est une momie préservée dans une tourbière, découverte le 1er août 1984 dans la tourbière de Lindow Moss (Wilmslow), dans le Cheshire, par des exploitants de tourbe."
Q828646;sciences;"Hôtel de Hilbert";"Hilbert's paradox of the Grand Hotel";"insolite+phare+saviez";9;2;ecrit;"fr";2026-09-03;2026-09-07;;"Un hôtel aux chambres infinies et complet peut toujours loger un client de plus, et même accueillir un autobus infini de nouveaux arrivants.";"L'hôtel de Hilbert, ou hôtel infini de Hilbert, illustre une propriété paradoxale des ensembles infinis en mathématiques, qui est que, contrairement à ce qui se passe pour les ensembles finis, une partie stricte peut avoir autant d'éléments que le tout."
Q428895;sciences;"Hydrogène métallique";"Metallic hydrogen";"phare";9;0;ecrit;"fr";2026-09-03;2026-09-07;;"La seule parcelle jamais fabriquée, en 2017, a disparu du laboratoire quelques semaines plus tard, sans qu'on sache si elle s'était brisée ou volatilisée.";"L'hydrogène métallique est une phase de l'hydrogène qui survient lorsqu'il est soumis à une très forte pression. C'est un exemple de matière dégénérée."
Q980941;sciences;"IBM RAMAC 305";"IBM 305 RAMAC";"phare";9;2;ecrit;"fr";2026-09-03;2026-09-07;;"Le premier disque dur pesait une tonne, se livrait par avion-cargo et contenait cinq mégaoctets, soit une seule photo d'aujourd'hui.";"L’IBM RAMAC 305 (RAMAC pour Random Access Method of Accounting and Control, en anglais) est le premier ordinateur à disque dur (l’IBM 350) commercialisé en septembre 1956 par IBM."
Q754936;cosmos;"";"IC 1101";"phare";9;1;ecrit;"fr";2026-09-03;2026-09-07;;"Cette galaxie unique s'étend sur plusieurs millions d'années-lumière, soit des dizaines de fois notre Voie lactée.";"IC 1101 est une galaxie située au centre du superamas de galaxies Abell 2029. Elle est classée parmi les galaxies de type E3 (elliptique) bien que certains astronomes l'aient classée parmi les cd ou les S0 (galaxie lenticulaire)."
Q18740;esprit;"Ictus amnésique";"Transient global amnesia";"phare";9;2;ecrit;"fr";2026-09-03;2026-09-07;;"Pendant quelques heures, une personne pose la même question toutes les deux minutes, puis tout revient d'un coup et rien ne se reproduit jamais.";"L'ictus amnésique (abrégé IA) ou amnésie globale transitoire (AGT) est un syndrome neurologique qui se caractérise par une perte soudaine et temporaire de la mémoire avant, pendant et après l'événement qui a provoqué l'amnésie."
Q23408;terre;"Île Bouvet";"Bouvet Island";"phare";9;0;ecrit;"fr";2026-09-03;2026-09-07;;"Sur cet îlot glacé, le plus isolé du monde, une expédition a trouvé en 1964 un canot abandonné et jamais identifié.";"L'île Bouvet (en norvégien Bouvetøya) est une île volcanique norvégienne inhabitée de l'océan Atlantique sud située à la limite nord de la plaque antarctique, à 1 695 km au nord du continent antarctique, à 1 859 km à l'est de l'île Montagu, dans l'archipel des îles Sandwich du Sud, et à 2 518 km au sud-sud-ouest du cap de Bonne-Espérance."
Q1260331;mysteres;"Île de North Sentinel";"North Sentinel Island";"insolite+phare+saviez";9;3;publie;"fr";2026-09-03;;2026-09-05;"Ses habitants refusent tout contact depuis des siècles et l'Inde interdit d'approcher, pour leur survie immunitaire autant que pour la sécurité des visiteurs.";"L’île de North Sentinel est l'une des îles Andaman dans la mer d'Andaman (océan Indien). Elle se situe à l'ouest de la partie sud de l'île Andaman du Sud, et a une superficie de 59,67 km2."
Q681389;histoire;"Île Hans";"Hans Island";"insolite+phare+saviez";9;4;ecrit;"fr";2026-09-03;2026-09-07;;"Le Canada et le Danemark se sont disputé un caillou arctique pendant cinquante ans en s'échangeant des bouteilles de whisky et de schnaps.";"L’île Hans (en danois : Hans Ø ; en anglais : Hans Island ; en inuktitut : ᑕᕐᑐᐸᓗᒃ, Tartupaluk et en groenlandais : Tartupaluk) est un îlot situé au centre du passage Kennedy dans le détroit de Nares (baie de Baffin) entre l'île d'Ellesmere et le Groenland."
Q1506857;mysteres;"Île Oak";"Oak Island";"phare";9;2;ecrit;"fr";2026-09-03;2026-09-07;;"Depuis 1795, des générations creusent le même puits inondé de Nouvelle-Écosse ; six personnes y sont mortes et rien n'a jamais été remonté.";"L’île aux Chênes ou île Oak (Oak Island en anglais) est une île du comté de Lunemburg, située au sud de la province de Nouvelle-Écosse au Canada. Cette île couverte d'arbres est l'une des nombreuses îles de la baie de Mahone et est reliée au continent par une chaussée."
Q204403;terre;"Îles Diomède";"Diomede Islands";"insolite+phare+saviez";9;1;ecrit;"fr";2026-09-03;2026-09-07;;"Quatre kilomètres séparent ces deux îles, mais vingt et une heures les séparent sur le calendrier.";"Les îles Diomède (en russe : Острова Диомида, Ostrova Diomida, en anglais : Diomede Islands, en inupiak Ignaluk), également connues en Russie sous le nom d’îles Gvozdev, sont deux îles d’origine volcanique situées au milieu du détroit de Béring, entre la Sibérie et l’Alaska, à environ 88 kilomètres au sud du cercle arctique."
Q28124603;arts;"";"Indiana Bell Building";"phare";9;0;publie;"fr";2026-09-03;;2026-09-05;"En 1930, un immeuble de huit étages a été pivoté de quatre-vingt-dix degrés sans que les employés cessent de travailler à l'intérieur.";"Indiana Bell Building is a historic commercial building located in downtown Evansville, Indiana. It was designed by the architectural firm Vonnegut, Bohn, & Mueller and built in 1929 for Indiana Bell."
Q427676;arts;"";"Interrobang";"insolite+phare+saviez";9;5;ecrit;"fr";2026-09-03;2026-09-07;;"Un publicitaire a inventé en 1962 un signe fondant point d'interrogation et d'exclamation, et quelques machines à écrire l'ont porté.";"Le point exclarrogatif ‽ (interrobang) est un signe de ponctuation qui combine les fonctions de point d'interrogation et de point d'exclamation. Le caractère typographique est la superposition de ces deux signes de ponctuation."
Q3123;cosmos;"Io (lune)";"Io (moon)";"phare+saviez";9;5;ecrit;"fr";2026-09-03;2026-09-07;;"Ses volcans projettent du soufre à 500 kilomètres d'altitude et refont entièrement sa surface tous les millions d'années.";"Io, ou Jupiter I, est un satellite naturel de Jupiter. C'est la troisième plus grande lune galiléenne et celle ayant l'orbite la plus proche de Jupiter, possédant un demi-grand axe de 421 800 km et une période de révolution d'environ 42 heures."
Q982102;histoire;"Ishi";"Ishi";"phare+saviez";9;3;publie;"fr";2026-09-03;;2026-09-05;"Le dernier membre de son peuple est sorti de la forêt en 1911 et a passé ses dernières années à vivre dans un musée.";"Ishi (1860 ou 1862-1916) est connu comme « le dernier des Yahi », sous-groupe de la tribu Yana en Californie. Il a été découvert effrayé et affamé à Oroville où il a été capturé et emprisonné."
Q2981660;cosmos;"J002E3";"J002E3";"phare+saviez";9;5;ecrit;"fr";2026-09-03;2026-09-07;;"Un objet capturé par la Terre en 2002 s'est révélé être le troisième étage d'Apollo 12, revenu rôder après trente ans.";"J002E3 est la désignation temporaire donnée à un objet extra-atmosphérique originellement présumé être un astéroïde. Il fut découvert par l'astronome amateur Bill Yeung le 3 septembre 2002."
Q186447;cosmos;"James Webb (télescope spatial)";"James Webb Space Telescope";"phare+saviez";9;0;ecrit;"fr";2026-09-03;2026-09-07;;"Son déploiement comportait 344 points de défaillance uniques, tous à un million et demi de kilomètres, sans réparation possible.";"James Webb (JWST, pour l'anglais James Webb Space Telescope, ou parfois TSJW selon son nom français) est un télescope spatial servant d'observatoire et fonctionnant principalement dans l'infrarouge, développé par la NASA avec la participation de l'Agence spatiale européenne (ESA) et de l'Agence spatiale canadienne (ASC)."
Q17754;cosmos;"";"Janus (moon)";"phare";9;2;ecrit;"fr";2026-09-03;2026-09-07;;"Janus et Épiméthée échangent leurs orbites tous les quatre ans, en frôlant la collision sans jamais se toucher.";"Janus (S X Janus) est un satellite naturel de Saturne. Parce que Janus et Épiméthée partagent pratiquement la même orbite, la confusion régna longtemps sur leurs caractéristiques orbitales ; il est évidemment impossible de réconcilier les observations de deux corps distincts en une seule orbite."
Q711954;sciences;"";"John Stapp";"insolite+phare";9;0;ecrit;"fr";2026-09-03;2026-09-07;;"Il s'est sanglé sur un chariot-fusée et a encaissé quarante-six fois son poids pour prouver qu'un pilote pouvait survivre à un choc.";"John Paul Stapp (né le 11 juillet 1910 à Salvador de Bahia au Brésil et mort le 13 novembre 1999 à Alamogordo au Nouveau-Mexique) était un colonel américain de l'US Air Force et un des pionniers sur l'étude des effets des forces d'accélération et de décélération sur le corps humain."
Q128611;histoire;"Juana Maria";"Juana Maria";"phare";9;2;publie;"fr";2026-09-03;;2026-09-05;"Une femme a vécu seule dix-huit ans sur une île californienne, et personne n'a jamais pu comprendre sa langue quand on l'a ramenée.";"Juana Maria, née en 1811 et morte le 18 octobre 1853, mieux connue comme « la femme seule de San Nicolas », était une amérindienne, dernière survivante de sa tribu, les Nicoleño (en)."
Q44600;mysteres;"Kaspar Hauser";"Kaspar Hauser";"insolite+phare";9;1;publie;"fr";2026-09-03;;2026-09-05;"Un adolescent apparaît sur une place de Nuremberg en 1828, sachant à peine marcher, et meurt poignardé cinq ans plus tard sans avoir été identifié.";"Caspar ou Kaspar Hauser (né le 30 avril 1812 (?) et mort le 17 décembre 1833) — dont le prénom est parfois traduit en Gaspard, entre autres par Verlaine — est un orphelin célèbre du XIXe siècle."
Q3307784;mysteres;"";"Kaz II";"phare";9;2;ecrit;"fr";2026-09-03;2026-09-07;;"En 2007, ce catamaran dérive au large de l'Australie moteur allumé, ordinateur portable ouvert et repas servi ; les trois hommes à bord ont disparu.";"Kaz II, dubbed ""the ghost yacht"", is a 9.8-metre catamaran which was found drifting 88 nautical miles (163 kilometres) off the north-eastern coast of Australia on 20 April 2007."
Q5087075;cosmos;"Kepler-37 b";"Kepler-37b";"phare";9;3;ecrit;"fr";2026-09-03;2026-09-07;;"La plus petite exoplanète connue est plus petite que Mercure ; on l'a repérée grâce à une baisse de lumière de deux millièmes de pour cent.";"Kepler-37 b est une exoplanète en orbite autour de l'étoile Kepler-37 dans la constellation de la Lyre, à ∼ 209 a.l. (∼ 64,1 pc) de la Terre."
Q21104086;cosmos;"KIC 8462852";"Tabby's Star";"phare+saviez";9;2;ecrit;"fr";2026-09-03;2026-09-07;;"Une étoile dont la luminosité chute de vingt-deux pour cent sans que personne sache pourquoi.";"KIC 8462852 est une étoile jaune-blanc de la séquence principale située dans la constellation du Cygne à environ 451 pc (∼1 470 al) de la Terre. Elle a fait l'objet d'une attention médiatique en octobre 2015 à cause de variations inhabituelles de luminosité."
Q1345100;mysteres;"Kryptos (sculpture)";"Kryptos";"insolite+phare";9;4;publie;"fr";2026-09-03;;2026-09-05;"Une sculpture plantée au siège de la CIA depuis 1990 dont le quatrième passage chiffré résiste encore à tous les cryptanalystes.";"Kryptos est une sculpture créée par Jim Sanborn (en) exposée à Langley (Virginie) dans l'enceinte du George Bush Center for Intelligence, le quartier général de la Central Intelligence Agency (CIA)."
Q1147168;terre;"";"La Brea Tar Pits";"phare";9;1;ecrit;"fr";2026-09-03;2026-09-07;;"Du bitume suinte encore en plein Los Angeles et a piégé des millions d'ossements, avec parfois quarante prédateurs pour une seule proie.";"La Brea Tar Pits (ou Rancho La Brea Tar Pits) est un gisement de fossiles du Pléistocène supérieur, situé dans Hancock Park (en), au 5801 Wilshire Boulevard, sur le Miracle Mile, au cœur de Los Angeles."
Q19362881;esprit;"La Robe (photo)";"The dress";"insolite+phare";9;4;ecrit;"fr";2026-09-03;2026-09-07;;"Une photo de robe a coupé Internet en deux en 2015, chacun voyant sincèrement des couleurs opposées selon l'éclairage que son cerveau supposait.";"La Robe (The Dress) est la photo d'une robe devenue virale sur Internet en 2015, lorsque les internautes se trouvèrent en désaccord quant aux couleurs des rayures de la robe, vues noires et bleues par les uns, blanches et dorées par les autres."
Q219831;arts;"La Ronde de nuit";"The Night Watch";"phare+saviez";9;2;ecrit;"fr";2026-09-03;2026-09-07;;"Le tableau a été rogné sur ses quatre côtés en 1715 pour tenir entre deux portes de l'hôtel de ville d'Amsterdam.";"La Ronde de nuit (en néerlandais : De Nachtwacht) est un portrait de groupe achevé par Rembrandt en 1642. Le tableau appartient à la municipalité d'Amsterdam et fait partie de la collection du Rijksmuseum Amsterdam depuis 1808."
Q1768570;vivant;"";"Labord's chameleon";"phare+saviez";9;0;publie;"fr";2026-09-03;;2026-09-05;"Ce caméléon passe les deux tiers de son existence dans l'œuf et ne vit ensuite que quatre ou cinq mois, record de brièveté chez les vertébrés.";"Furcifer labordi est une espèce de sauriens de la famille des Chamaeleonidae. Il est aussi appelé « marteau lézard » par certaines populations locales[réf."
Q827202;terre;"Lac Karatchaï";"Lake Karachay";"insolite+phare+saviez";9;1;publie;"fr";2026-09-03;;2026-09-05;"Rester une heure au bord de ce petit lac soviétique suffisait à recevoir une dose de radiation mortelle ; on l'a comblé de béton.";"Le lac Karatchaï (en russe : Карача́й) est un ancien lac du sud de l'Oural, dans l'ouest de la Russie. À partir de 1951, l'Union soviétique utilise le Karatchaï pour stocker des déchets radioactifs de Maïak, l'usine de stockage et de retraitement située près de la ville proche d'Oziorsk (alors appelée Tcheliabinsk-40)."
Q332628;terre;"Lac Nyos";"Lake Nyos";"insolite+phare";9;2;publie;"fr";2026-09-03;;2026-09-05;"Le lac a soufflé une nuit d'août 1986. Mille sept cent quarante-six personnes dormaient.";"Le lac Nyos (en réalité lac Lwi, devenu populaire sous le nom de lac Nyos, Nyos étant le nom du village voisin du lac) est un lac de cratère volcanique situé dans la province du Nord-Ouest du Cameroun."
Q432131;histoire;"Lady Be Good (avion)";"Lady Be Good (aircraft)";"phare";9;2;ecrit;"fr";2026-09-03;2026-09-07;;"Un bombardier américain porté disparu en 1943 a été retrouvé presque intact dans le Sahara seize ans plus tard, avec du café encore buvable dans les thermos.";"Le Lady Be Good est un Consolidated B-24 Liberator de l'United States Army Air Forces (USAAF) qui a disparu sans laisser de traces lors de sa première mission de combat au cours de la Seconde Guerre mondiale."
Q53662;cosmos;"Laïka";"Laika";"phare+saviez";9;5;ecrit;"fr";2026-09-03;2026-09-07;;"La chienne est morte de surchauffe cinq heures après le décollage ; l'URSS a menti pendant quarante-cinq ans.";"Laïka (en russe : Лайка, « petit aboyeur » ; 1954 – 3 novembre 1957) est une chienne du programme spatial soviétique et le premier être vivant mis en orbite autour de la Terre."
Q203726;terre;"Lakagígar";"Laki";"phare+saviez";9;3;publie;"fr";2026-09-03;;2026-09-05;"La fissure islandaise a craché du gaz pendant huit mois en 1783, tuant un cinquième des Islandais et empoisonnant les récoltes européennes.";"Les Lakagígar, toponyme islandais signifiant littéralement en français « les cratères du Laki », aussi appelés Laki par métonymie, sont un ensemble de plus de cent cratères volcaniques du Sud de l'Islande alignés sur 27 kilomètres de longueur le long d'une fissure volcanique ouverte de part et d'aut"
Q1891077;terre;"";"Lake Monoun";"phare";9;1;publie;"fr";2026-09-03;;2026-09-05;"Une nuit d'août 1984, le lac a exhalé un nuage de gaz carbonique qui a asphyxié trente-sept personnes sur la route voisine.";"Le lac Monoun est un lac de cratère situé dans l'Ouest du Cameroun. Le lac est situé sur la ligne du Cameroun, longue de 1 400 kilomètres, le mont Cameroun (4 095 mètres) restant le seul volcan en activité de cette chaîne."
Q189698;cosmos;"Léonides";"Leonids";"phare";9;2;ecrit;"fr";2026-09-03;2026-09-07;;"En novembre 1833, il tombait plus de cent mille météores par heure ; des gens sont sortis en pyjama croyant au Jugement dernier.";"Les Léonides, ou Delta Léonides, sont un essaim de météoroïdes ou météores associés, observables en novembre, dont le radiant est situé dans la constellation zodiacale du Lion."
Q568;esprit;"Lithium";"Lithium";"phare+saviez";9;1;ecrit;"fr";2026-09-03;2026-09-07;;"Un psychiatre australien a injecté de l'urine de patients à des cochons d'Inde et découvert, par un détour absurde, le premier régulateur de l'humeur.";"Le lithium est l'élément chimique de numéro atomique 3, de symbole Li. C'est un métal alcalin, du premier groupe du tableau périodique des éléments."
Q817168;sciences;"Loi de Benford";"Benford's law";"insolite+phare+saviez";9;3;ecrit;"fr";2026-09-03;2026-09-07;;"Dans les données réelles, le chiffre 1 ouvre près de trente pour cent des nombres, et les enquêteurs s'en servent pour repérer les comptes truqués.";"La loi de Benford, initialement appelée loi des nombres anormaux par Frank Benford, également connue sous le nom de loi de Newcomb-Benford, fait référence à une fréquence de distribution statistique observée empiriquement sur de nombreuses sources de données dans la vraie vie, ainsi qu'en mathématiques."
Q1868889;arts;"";"London Bridge (Lake Havasu City)";"insolite+phare+saviez";9;3;ecrit;"fr";2026-09-03;2026-09-07;;"Un homme d'affaires a acheté le pont de Londres en 1968 et l'a fait remonter pierre par pierre au milieu du désert d'Arizona.";"Le London Bridge (« pont de Londres ») est un pont situé à Lake Havasu City en Arizona aux États-Unis."
Q1648468;arts;"";"Longplayer";"phare";9;1;ecrit;"fr";2026-09-03;2026-09-07;;"Cette musique a commencé le 1er janvier 2000 et ne se répétera jamais avant sa dernière note, prévue dans mille ans.";"Longplayer est une œuvre musicale destinée à durer mille ans. Son exécution a débuté le 31 décembre 1999 et devrait se poursuivre sans répétition jusqu'au 31 décembre 2999."
Q6882996;cosmos;"Luhman 16";"Luhman 16";"phare+saviez";9;5;ecrit;"fr";2026-09-03;2026-09-07;;"Le troisième système stellaire le plus proche du nôtre n'a été repéré qu'en 2013, à six années-lumière seulement.";"Luhman 16, ou WISE 1049-5319 (désignation complète WISE J104915.57-531906), est un système binaire de deux naines brunes situé dans la constellation australe des Voiles à une distance d'environ 6,5 années-lumière du Soleil."
Q3269752;esprit;"Lyse d'un jumeau";"Vanishing twin";"phare";9;2;ecrit;"fr";2026-09-03;2026-09-07;;"Beaucoup de grossesses commencent à deux ; un embryon disparaît, absorbé par l'autre, sans que personne ne le sache jamais.";"La lyse d'un jumeau, aussi connu sous le nom de jumeau évanescent, correspond à la mort d'un des embryons au cours d'une grossesse multiple. Ce phénomène était généralement imputé à une malformation de l'embryon, un dysfonctionnement du placenta ou une anomalie chromosomique, mais les découvertes récentes[Lesquelles ?] laissent penser que c'est extrêmement courant."
Q91461627;cosmos;"M104 (galaxie)";"Sombrero Galaxy";"phare";9;2;ecrit;"fr";2026-09-03;2026-09-07;;"Elle contient près de 2 000 amas globulaires, dix fois plus que notre galaxie, pour une raison inexpliquée.";"M104 (NGC 4594, aussi surnommée la galaxie du Sombrero) est une galaxie spirale vue par la tranche située dans la constellation de la Vierge à une distance d'environ 9,6 ± 0,3 Mpc (∼31,3 millions d'al)."
Q49664;vivant;"Magicicada";"Periodical cicadas";"phare";9;3;publie;"fr";2026-09-03;;2026-09-05;"Ces cigales passent treize ou dix-sept ans sous terre, jamais quatorze ni seize, et sortent toutes le même mois par milliards : leur cycle est un nombre premier.";"Magicicada est un genre d'insectes hémiptères de la famille des cigales (sous-famille des Cicadettinae, tribu des Lamotialnini (en)), seulement présent dans l'Est de l'Amérique du Nord."
Q321267;vivant;"Martinet à ventre blanc";"Alpine swift";"phare";9;1;ecrit;"fr";2026-09-03;2026-09-07;;"Des capteurs ont montré que ces oiseaux restent en l'air dix mois d'affilée, dormant et mangeant en vol, sans jamais se poser.";"Le Martinet à ventre blanc (Tachymarptis melba) ou Martinet alpin, est une espèce d'oiseaux de la famille des Apodidae. Il peut voler sans s’arrêter pendant six mois."
Q33209;mysteres;"Mary Celeste";"Mary Celeste";"insolite+phare";9;2;ecrit;"fr";2026-09-03;2026-09-07;;"Retrouvé intact, sous voiles, table mise, sans un seul homme à bord.";"La Mary Celeste (souvent appelée à tort Marie Celeste) est un brick-goélette américain découvert abandonné au large des Açores le 4 décembre 1872. Le navire, qui a quitté New York un mois plus tôt, a le gréement endommagé et la cale partiellement inondée mais est toujours en état de naviguer."
Q150474;sciences;"Masque jetable";"One-time pad";"phare";9;4;ecrit;"fr";2026-09-03;2026-09-07;;"Le seul chiffrement mathématiquement incassable existe depuis 1917, mais exige une clé aussi longue que le message et jamais réemployée.";"Le masque jetable, également appelé chiffre de Vernam (du nom de son inventeur en 1917 : Gilbert Vernam) ou OTP (pour one-time pad en anglais), est un algorithme de cryptographie."
Q79925;cosmos;"Matière noire";"Dark matter";"phare+saviez";9;2;ecrit;"fr";2026-09-03;2026-09-07;;"85 % de la matière de l'univers ne se voit pas, ne se touche pas, et traverse votre corps par milliards à chaque seconde.";"La matière noire ou matière sombre, est une catégorie de matière hypothétique, invoquée dans le cadre du Modèle ΛCDM pour rendre compte de certaines observations astrophysiques, notamment les estimations de la masse des galaxies ou des amas de galaxies et les propriétés des fluctuations du fond diffus cosmologique."
Q910180;histoire;"Mausolée de l'empereur Qin";"Mausoleum of Qin Shi Huang";"phare+saviez";9;1;ecrit;"fr";2026-09-03;2026-09-07;;"Le tombeau n'a jamais été ouvert : les textes anciens y décrivent des rivières de mercure, et le sol alentour en contient vraiment.";"Le mausolée de l'empereur Qin (chinois : 秦始皇陵 ; pinyin : qínshǐhuáng líng) se trouve à proximité de la ville de Xi'an, dans le Shaanxi. Il comprend d'une part le tombeau de l'empereur Qin Shi Huangdi (IIIe siècle av."
Q134348;vivant;"Megachile pluto";"Megachile pluto";"phare+saviez";9;5;ecrit;"fr";2026-09-03;2026-09-07;;"Cette abeille de six centimètres d'envergure, aux mandibules de cerf-volant, niche dans les termitières et n'a été revue qu'en 1981, puis en 2019.";"Megachile pluto, l'Abeille de Wallace, est une espèce d'abeilles du genre Megachile endémique des forêts tropicales humides d'Indonésie. La femelle est la plus grosse abeille actuellement décrite, pouvant atteindre la taille d'un pouce humain, d'une envergure de 60 mm, soit trois fois la taille standard d'une abeille domestique."
Q510292;mysteres;"Mehdi Ben Barka";"Mehdi Ben Barka";"phare";9;8;ecrit;"fr";2026-09-03;2026-09-07;;"Un opposant marocain a été enlevé en plein Paris devant la brasserie Lipp en 1965 ; son corps n'a jamais été retrouvé.";"Mehdi Ben Barka (en arabe : المهدي بن بركة), né en janvier 1920 à Rabat (Maroc) et disparu le 29 octobre 1965 à Fontenay-le-Vicomte (France), est un homme politique marocain qui fut l'un des principaux opposants socialistes au roi Hassan II et le chef de file du mouvement tiers-mondiste et panafricaniste."
Q5484;terre;"Mer Caspienne";"Caspian Sea";"phare+saviez";9;3;ecrit;"fr";2026-09-03;2026-09-07;;"Le plus grand lac du monde se trouve vingt-huit mètres sous le niveau de la mer et cinq pays ont mis des décennies à s'entendre sur son statut.";"La mer Caspienne est une vaste étendue d'eau salée, fermée, située en Asie occidentale."
Q169274;terre;"Mer des Sargasses";"Sargasso Sea";"phare+saviez";9;2;ecrit;"fr";2026-09-03;2026-09-07;;"La seule mer du monde sans aucune côte est délimitée par de simples courants, et les anguilles d'Europe traversent l'Atlantique pour y pondre.";"La mer des Sargasses est une zone de l’océan Atlantique nord. Contrairement à toutes les autres mers du globe, qui sont définies au moins en partie par des côtes, la mer des Sargasses est définie uniquement par des courants océanique et n'a pas de côtes à l'exception de celles des Bermudes."
Q156800;vivant;"Metasequoia glyptostroboides";"Metasequoia glyptostroboides";"phare+saviez";9;3;ecrit;"fr";2026-09-03;2026-09-07;;"Décrit en 1941 sur des fossiles, cet arbre a été retrouvé trois ans plus tard, bien vivant, dans un village chinois où on l'appelait l'arbre à eau.";"Metasequoia glyptostroboides, aussi appelé sapin d'eau, est une espèce de grand arbre de la famille des Taxodiaceae, ou des Cupressaceae selon la classification phylogénétique."
Q1288729;histoire;"Meurtres de Burke et Hare";"Burke and Hare murders";"insolite+phare+saviez";9;4;publie;"fr";2026-09-03;;2026-09-05;"Deux Irlandais d'Édimbourg ont trouvé plus simple d'étouffer seize personnes que de déterrer des cadavres pour les livrer à l'anatomiste Knox.";"Les meurtres de Burke et Hare (en anglais Burke and Hare murders), connus aussi sous le nom de meurtres de West Port (West Port murders) sont une série de crimes de sang commis à Édimbourg entre novembre 1827 et le 31 octobre 1828."
Q739692;mysteres;"";"Michel Lotito";"insolite+phare+saviez";9;0;publie;"fr";2026-09-03;;2026-09-05;"Il a mangé, en morceaux et sur deux ans, un avion léger entier, plus des vélos, des téléviseurs et un cercueil.";"Monsieur Mangetout, de son vrai nom Michel Lotito, né le 16 juin 1950 à Villard-Bonnot (Isère) et mort le 25 juin 2007 à Grenoble (Isère), est un artiste de cabaret français."
Q2450901;terre;"Mine de Bingham Canyon";"Bingham Canyon Mine";"phare+saviez";9;2;ecrit;"fr";2026-09-03;2026-09-07;;"Le plus grand trou creusé par l'homme se voit depuis l'orbite et a produit en 2013 le plus gros glissement de terrain non volcanique de l'histoire américaine.";"La mine de Bingham Canyon est une mine de cuivre à ciel ouvert située au sud-ouest de la ville de Salt Lake City dans l’État de l'Utah aux États-Unis dans les montagnes Oquirrh."
Q1418152;esprit;"";"Moebius syndrome";"insolite+phare";9;1;ecrit;"fr";2026-09-03;2026-09-07;;"Ces personnes naissent avec un visage immobile : elles peuvent être heureuses toute leur vie sans jamais pouvoir sourire.";"Le syndrome de Möbius ou Moebius ou encore maladie du sourire est une maladie génétique congénitale extrêmement rare."
Q212398;vivant;"Monarque (papillon)";"Monarch butterfly";"phare+saviez";9;1;publie;"fr";2026-09-03;;2026-09-05;"Aucun individu ne fait l'aller-retour : il faut quatre générations pour remonter au Canada, et la dernière retrouve les mêmes arbres mexicains que ses arrière-grands-parents.";"Le monarque (Danaus plexippus) est une espèce de papillons de la famille des Nymphalidae (sous-famille des Danainae), principalement américaine."
Q1570153;histoire;"Monnaie locale";"Local currency";"phare";9;2;ecrit;"fr";2026-09-03;2026-09-07;;"Une petite ville autrichienne a émis en 1932 une monnaie qui perdait un pour cent par mois; le chômage a chuté et la banque centrale l'a interdite.";"Une monnaie locale, ou monnaie locale complémentaire (MLC), ou monnaie locale complémentaire et citoyenne (MLCC) est, en sciences économiques, une monnaie non soutenue par un gouvernement national (qui n'a pas nécessairement cours légal) et destinée à n'être échangée que dans une zone géographique p"
Q3346128;vivant;"";"Monorhaphis chuni";"phare+saviez";9;0;ecrit;"fr";2026-09-03;2026-09-07;;"Cette éponge des abysses tient sur une seule aiguille de verre de trois mètres, et l'un des spécimens datés avait environ onze mille ans.";"Monorhaphis chuni est une espèce d'éponges siliceuses de la famille des Monorhaphididae."
Q3988385;arts;"Moon Museum";"Moon Museum";"insolite+phare+saviez";9;5;ecrit;"fr";2026-09-03;2026-09-07;;"Six artistes, dont Warhol, auraient fait fixer une minuscule plaque de céramique gravée sur un pied du module lunaire.";"Moon Museum est un wafer en céramique de petite taille contenant des œuvres de six artistes éminents de la fin des années 1960. Les artistes avec des œuvres dans ce « musée » sont John Chamberlain, Forrest Myers (en), David Novros (de), Claes Oldenburg, Robert Rauschenberg et Andy Warhol."
Q139931;cosmos;"Mort thermique de l'Univers";"Heat death of the universe";"phare";9;0;ecrit;"fr";2026-09-03;2026-09-07;;"Dans 10 puissance 100 années, il ne restera qu'un vide tiède où plus aucun événement ne pourra jamais se produire.";"La mort thermique de l'Univers (aussi appelé Big Freeze ou Big Chill) est un des destins possibles de l'Univers, dans lequel il a évolué jusqu’à un état d’absence de toute énergie thermodynamique disponible lui permettant d’assurer le mouvement ou la vie."
Q1139062;histoire;"Mur de la peste";"";"phare+saviez";9;4;ecrit;"fr";2026-09-03;2026-09-07;;"Un mur de pierre sèche de vingt-cinq kilomètres a été bâti en Provence en 1721 pour arrêter une épidémie, gardé jour et nuit par des soldats.";"Le mur de la Peste est un rempart édifié dans les monts de Vaucluse afin de protéger le Comtat Venaissin de la peste qui frappe Marseille et une partie de la Provence en 1720-1722."
Q81232062;mysteres;"";"Murder of Artemus Ogletree";"phare+saviez";9;4;publie;"fr";2026-09-03;;2026-09-05;"En 1935, un homme sous faux nom est retrouvé ligoté et mourant dans la chambre 1046 d'un hôtel de Kansas City ; un inconnu a payé ses fleurs par téléphone.";"On January 5, 1935, a man who had given his name as Roland T. Owen, later identified as Artemus Ogletree, died at a hospital in Kansas City, Missouri, United States from beating and stabbing injuries."
Q749811;histoire;"Mutinerie du Bounty";"Mutiny on the Bounty";"insolite+phare+saviez";9;1;ecrit;"fr";2026-09-03;2026-09-07;;"Les mutins ont fondé une colonie cachée sur une île mal cartographiée, et on ne l'a retrouvée que dix-huit ans plus tard.";"La mutinerie du Bounty eut lieu à bord du HMS Bounty, une frégate de la Royal Navy, le 28 avril 1789 dans le Pacifique Sud. Les marins mécontents, menés par le second capitaine Fletcher Christian, s'emparèrent du navire et abandonnèrent à la dérive sur une chaloupe le capitaine William Bligh et 18 marins qui lui étaient restés loyaux."
Q3841718;mysteres;"";"MV Joyita";"phare+saviez";9;2;publie;"fr";2026-09-03;;2026-09-05;"Retrouvé à demi coulé mais insubmersible en 1955, sans ses vingt-cinq passagers, la radio bloquée sur la fréquence de détresse.";"MV Joyita was an American merchant vessel from which 25 passengers and crew mysteriously disappeared in the South Pacific in October 1955. She was found adrift with no one aboard."
Q29630;esprit;"";"Myostatin";"phare";9;1;ecrit;"fr";2026-09-03;2026-09-07;;"Quelques enfants naissent avec deux fois plus de muscle que la normale parce qu'un unique gène freineur est en panne.";"La myostatine (anciennement connue sous le nom de Growth differentiation factor 8 (GDF 8)) est un facteur de croissance qui limite la croissance des tissus musculaires."
Q497179;terre;"Nazaré (Portugal)";"Nazaré, Portugal";"phare";9;6;ecrit;"fr";2026-09-03;2026-09-07;;"Un canyon sous-marin concentre la houle et fabrique les plus grosses vagues jamais surfées, jusqu'à vingt-six mètres de haut.";"Nazaré est une ville portugaise du district de Leiria située dans la sous-région de l'Ouest, dans la province de l'Estrémadure et la région Ouest et Vallée du Tage."
Q332;cosmos;"Neptune (planète)";"Neptune";"phare+saviez";9;4;ecrit;"fr";2026-09-03;2026-09-07;;"Découverte en 1846, elle n'avait bouclé sa toute première orbite complète qu'en 2011.";"Neptune est la huitième planète par ordre d'éloignement du Soleil et la plus éloignée de l'étoile dans le Système solaire qui soit connue. Elle orbite autour du Soleil à une distance d'environ 30,1 au (4,5 milliards de kilomètres), avec une excentricité orbitale de 0,00859 (moitié moindre que celle de la Terre) et une période de révolution de 164,79 ans."
Q190529;mysteres;"Nicolas Bourbaki";"Nicolas Bourbaki";"phare+saviez";9;1;ecrit;"fr";2026-09-03;2026-09-07;;"Ce mathématicien prolifique n'a jamais existé : c'est un collectif français qui a demandé son adhésion à une société savante et publié son faire-part de mariage.";"Nicolas Bourbaki est un mathématicien imaginaire, sous le nom duquel un groupe de mathématiciens francophones, formé en 1935 à Besse (Puy-de-Dôme) sous l'impulsion d'André Weil, a commencé à écrire et à éditer des textes mathématiques à la fin des années 1930."
Q124115;sciences;"Niels Henrik Abel";"Niels Henrik Abel";"phare";9;0;ecrit;"fr";2026-09-03;2026-09-07;;"La lettre lui offrant enfin le poste qu'il attendait est arrivée deux jours après sa mort, à vingt-six ans.";"Niels Henrik Abel (1802–1829) est un mathématicien norvégien."
Q2404303;histoire;"";"Nobuo Fujita";"phare";9;1;publie;"fr";2026-09-03;;2026-09-05;"Le seul pilote à avoir bombardé le continent américain est revenu vingt ans plus tard offrir le sabre de sa famille à la petite ville visée.";"Nobuo Fujita (藤田 信雄), né en 1911 et mort le 30 septembre 1997, est un adjudant, pilote de la marine impériale japonaise."
Q1658784;sciences;"Nombre premier illégal";"Illegal prime";"insolite+phare";9;4;publie;"fr";2026-09-03;;2026-09-05;"Des militants ont construit un nombre premier qui encode un programme interdit, rendant l'arithmétique elle-même passible de poursuites.";"Un nombre premier illégal est un nombre premier qui contient des informations qu'il pourrait être interdit de détenir ou de distribuer par la loi. L'expression n'a aucun sens en mathématiques ; elle est volontairement ridicule pour critiquer les lois qui rendent la détention de certaines informations illégale."
Q56436;arts;"";"Nüshu";"phare+saviez";9;2;ecrit;"fr";2026-09-03;2026-09-07;;"Une écriture inventée et transmise entre femmes chinoises, tenue secrète des hommes pendant des siècles, éteinte avec sa dernière locutrice en 2004.";"Le nüshu (chinois simplifié : 女书 ; chinois traditionnel : 女書 ; pinyin : Nǚshū ; Wade : Nü³shu¹ ; EFEO : Nuchu) (« écriture des femmes ») est un système d'écriture historiquement utilisé exclusivement par les femmes du district de Jiangyong, dans la province du Hunan en Chine."
Q102327045;sciences;"Observatoire astronomique d'Arecibo";"Arecibo Observatory";"phare";9;4;ecrit;"fr";2026-09-03;2026-09-07;;"Le radiotélescope resté le plus grand du monde pendant cinquante ans s'est effondré sur lui-même quand ses câbles ont lâché un à un.";"L'observatoire d'Arecibo, également connu sous le nom de National Astronomy and Ionosphere Center (NAIC), est un observatoire situé à Arecibo, à Porto Rico, appartenant à la National Science Foundation (NSF) des États-Unis."
Q190035;cosmos;"Onde gravitationnelle";"Gravitational wave";"phare+saviez";9;1;ecrit;"fr";2026-09-03;2026-09-07;;"LIGO mesure des déformations de l'espace mille fois plus petites qu'un proton pour entendre deux trous noirs se percuter.";"En physique, une onde gravitationnelle est une oscillation de la courbure de l'espace-temps qui se propage à grande distance de son point de formation."
Q655393;arts;"Organ²/ASLSP";"As Slow as Possible";"insolite+phare+saviez";9;3;publie;"fr";2026-09-03;;2026-09-05;"La partition dure 639 ans : depuis 2001, un orgue allemand la joue sans interruption et chaque changement d'accord attire une foule.";"Organ²/ASLSP (As SLow aS Possible, c'est-à-dire « aussi lentement que possible ») est une œuvre musicale de John Cage qui est le sujet d'une des performances musicales les plus lentes et les plus longues jamais entreprises."
Q3359049;mysteres;"Oxford Electric Bell";"Oxford Electric Bell";"phare";9;4;ecrit;"fr";2026-09-03;2026-09-07;;"Une sonnerie installée à Oxford en 1840 tinte sans arrêt depuis, environ dix milliards de fois, et personne n'ose ouvrir sa pile pour comprendre.";"L'Oxford Electric Bell (que l'on peut traduire par « Carillon électrique d'Oxford » ou « Sonnerie électrique d'Oxford ») ou la Pile sèche de Clarendon (en anglais Clarendon Dry Pile) est un carillon électrique expérimental qui a été installé au Laboratoire Clarendon en 1840."
Q3361199;arts;"Palais idéal";"Palais ideal";"insolite+phare+saviez";9;2;publie;"fr";2026-09-03;;2026-09-05;"Un facteur a bâti pendant trente-trois ans un palais entier avec les cailloux ramassés sur sa tournée.";"Le Palais idéal (aussi appelé le Palais idéal du facteur Cheval) est un monument construit à Hauterives (France) par le facteur Ferdinand Cheval, de 1879 à 1912."
Q672854;esprit;"";"Palmaris longus muscle";"phare+saviez";9;1;ecrit;"fr";2026-09-03;2026-09-07;;"Pincez pouce et auriculaire : le tendon qui saille au poignet manque chez une personne sur sept, sans la moindre conséquence.";"Le muscle long palmaire (ou muscle petit palmaire) est un long muscle grêle de l'avant-bras. Il est situé dans le plan superficiel de la loge antebrachiale antérieure."
Q921090;vivant;"";"Pando (tree)";"insolite+phare";9;0;ecrit;"fr";2026-09-03;2026-09-07;;"Quarante-sept mille troncs, un seul organisme, un seul système racinaire, quatre-vingts mille ans.";"Pando (« je m'étends » en latin) est une immense colonie clonale d'environ 47 000 peupliers faux-trembles (Populus tremuloides), située dans le comté de Sevier (Utah, États-Unis)."
Q5736373;arts;"Papyrus d'Herculanum";"Herculaneum papyri";"phare+saviez";9;3;publie;"fr";2026-09-03;;2026-09-05;"Des rouleaux carbonisés par le Vésuve sont lus sans jamais être ouverts, déroulés virtuellement par intelligence artificielle.";"Les papyrus d'Herculanum forment un ensemble de plus de 1 800 papyrus trouvés à Herculanum au XVIIIe siècle, carbonisés lors de l'éruption du Vésuve en 79. Les papyrus, contenant un certain nombre de textes philosophiques et poétiques grecs et quelques textes latins, proviennent de l'unique bibliothèque antique connue subsistant dans sa totalité."
Q737851;sciences;"Paradoxe de Banach-Tarski";"Banach–Tarski paradox";"insolite+phare+saviez";9;6;publie;"fr";2026-09-03;;2026-09-05;"On peut mathématiquement découper une boule en cinq morceaux et les réassembler, sans rien ajouter, en deux boules identiques à celle de départ.";"En mathématiques, et plus précisément en géométrie, le paradoxe de Banach-Tarski est un théorème, démontré en 1924 par Stefan Banach et Alfred Tarski, qui affirme qu'il est possible de découper une boule de l'espace usuel R 3 {\displaystyle {\mathbb {R} ^{3}}} en un nombre fini de morceaux et de réa"
Q231620;terre;"Paricutín";"Parícutin";"insolite+phare";9;3;publie;"fr";2026-09-03;;2026-09-05;"En 1943, un paysan mexicain a vu son champ de maïs se fendre et cracher un volcan ; en un an, il mesurait plus de trois cents mètres.";"Le Paricutín est un volcan du Mexique situé dans l'État du Michoacán. Il est né le 20 février 1943 au cours d'une éruption qui a duré neuf ans, ce qui en fait un des volcans les plus jeunes de la Terre avec Surtsey né en 1963 et l'Ardoukôba en 1978."
Q899091;cosmos;"Parker (sonde spatiale)";"Parker Solar Probe";"phare";9;5;ecrit;"fr";2026-09-03;2026-09-07;;"Cette sonde frôle le Soleil à 690 000 kilomètres par heure, l'objet le plus rapide jamais construit par l'homme.";"La sonde solaire Parker (en anglais : Parker Solar Probe) ou PSP, antérieurement NASA Solar Probe puis Solar Probe Plus (SPP), est un observatoire solaire spatial développé par l'agence spatiale américaine, la NASA, dont le lancement a eu lieu le 12 août 2018."
Q151922;vivant;"Paul le poulpe";"Paul the Octopus";"insolite+phare+saviez";9;5;ecrit;"fr";2026-09-03;2026-09-07;;"Ce poulpe a désigné le vainqueur de douze matchs sur quatorze en choisissant sa moule, dont la finale du Mondial 2010.";"Paul le poulpe aussi appelé Paul la pieuvre, surnommé « l'oracle d'Oberhausen » (Weymouth, 26 janvier 2008 – Oberhausen, 26 octobre 2010) est une pieuvre commune mâle maintenue en captivité à l’aquarium Sea Life d’Oberhausen en Allemagne."
Q57203;histoire;"Paul von Lettow-Vorbeck";"Paul von Lettow-Vorbeck";"phare";9;3;ecrit;"fr";2026-09-03;2026-09-07;;"Le dernier général allemand a appris l'armistice deux semaines plus tard en Afrique et s'est rendu sans avoir jamais été battu.";"Paul Emil von Lettow-Vorbeck, né à Sarrelouis le 20 mars 1870 et mort à Hambourg le 9 mars 1964, est un général allemand, commandant des troupes allemandes en Afrique orientale allemande pendant la Première Guerre mondiale."
Q370705;mysteres;"Percy Fawcett";"Percy Fawcett";"phare+saviez";9;2;ecrit;"fr";2026-09-03;2026-09-07;;"Parti chercher une cité perdue en Amazonie en 1925, il avait laissé pour consigne de n'envoyer surtout personne le secourir.";"Percival Harrison Fawcett, plus connu sous le nom de Percy Fawcett, né le 18 août 1867 à Torquay et probablement mort en 1925, est un militaire, cartographe, archéologue et explorateur britannique."
Q528135;histoire;"Philibert Aspairt";"Philibert Aspairt";"phare+saviez";9;3;ecrit;"fr";2026-09-03;2026-09-07;;"Un portier a disparu dans les catacombes de Paris en 1793, et son squelette a été retrouvé onze ans plus tard à quelques mètres d'une sortie.";"Philibert Aspairt est un homme retrouvé mort dans les carrières de Paris après s'y être perdu début novembre 1793. Son corps a été retrouvé en avril 1804."
Q202526;vivant;"Physalia physalis";"Portuguese man o' war";"phare+saviez";9;4;ecrit;"fr";2026-09-03;2026-09-07;;"Ce n'est pas un animal mais une colonie de quatre types d'individus soudés, dont aucun ne peut vivre seul, avec des tentacules de cinquante mètres.";"La Galère portugaise, Physalie ou Vessie de mer (Physalia physalis) est une espèce de siphonophores marins, c'est-à-dire une colonie comportant quatre types de polypes soutenue en surface par un flotteur de 10 à 30 centimètres."
Q1451;terre;"Pinatubo";"Mount Pinatubo";"phare+saviez";9;5;ecrit;"fr";2026-09-03;2026-09-07;;"L'éruption de 1991 a injecté tant de soufre dans la stratosphère que la température moyenne du globe a baissé d'un demi-degré pendant deux ans.";"Le Pinatubo est un stratovolcan actif situé dans l'ouest de l'île de Luçon aux Philippines, à moins d'une centaine de kilomètres au nord-ouest de la capitale Manille."
Q1116374;vivant;"";"Pinus longaeva";"phare+saviez";9;1;ecrit;"fr";2026-09-03;2026-09-07;;"Un de ces pins des montagnes du Nevada germait quand on inventait l'écriture, et il pousse encore, cinq mille anneaux plus tard.";"Le pin Bristlecone ou pin de Bristlecone (Pinus longaeva) est un arbre appartenant au genre Pinus et à la famille des Pinacées. L'espèce est principalement répandue au sud-ouest des États-Unis."
Q22133699;cosmos;"";"Planet Nine";"phare";9;0;ecrit;"fr";2026-09-03;2026-09-07;;"Six objets lointains ont des orbites étrangement alignées, comme tirées par un monde de dix Terres que personne n'a jamais vu.";"La planète Neuf (nom provisoire en l'attente de toute confirmation éventuelle, Planet Nine en anglais), ou neuvième planète, est une planète hypothétique du Système solaire."
Q1427489;sciences;"Pont de Québec";"Quebec Bridge";"phare+saviez";9;0;ecrit;"fr";2026-09-03;2026-09-07;;"Deux effondrements successifs ont tué quatre-vingt-huit ouvriers, et l'acier du désastre sert de bague aux ingénieurs canadiens diplômés.";"Le pont de Québec est un pont mixte ferroviaire et routier qui traverse le fleuve Saint-Laurent entre les villes de Québec (rive nord) et de Lévis (rive sud), à une dizaine de kilomètres de leur centre-ville respectif."
Q1436016;cosmos;"Population stellaire";"Stellar population";"phare";9;2;ecrit;"fr";2026-09-03;2026-09-07;;"Les toutes premières étoiles pesaient jusqu'à mille soleils et n'ont vécu que quelques millions d'années ; aucune n'a jamais été observée.";"Les étoiles de notre galaxie furent classées en deux populations stellaires, dites « Population I » et « Population II » par Walter Baade en 1944. Le critère de classification était la largeur des raies spectrales des étoiles de la partie centrale des galaxies (Population I) comparée à celle des étoiles du bord des galaxies (raies plus fines), la Population II."
Q5180360;arts;"Pourpre de Tyr";"Tyrian purple";"phare+saviez";9;0;ecrit;"fr";2026-09-03;2026-09-07;;"Il fallait dix mille coquillages pour teindre un seul vêtement, et l'atelier puait tellement qu'on l'exilait hors des villes.";"La pourpre de Tyr, aussi appelé pourpre impériale, pourpre royale ou encore pourpre antique, est une teinture rouge violacée dont l'invention est attribuée aux Phéniciens."
Q13706;histoire;"Principauté de Sealand";"Principality of Sealand";"insolite+phare+saviez";9;0;ecrit;"fr";2026-09-03;2026-09-07;;"Un coup d'État avec prise d'otage a eu lieu sur cette plateforme de quatre cents mètres carrés, et l'Allemagne a envoyé un diplomate négocier.";"La principauté de Sealand est une micronation non reconnue par la communauté internationale fondée par Paddy Roy Bates en 1967 et installée sur l'ancienne plate-forme militaire britannique Fort Roughs."
Q33100;sciences;"Problème des sept ponts de Königsberg";"Seven Bridges of Königsberg";"phare+saviez";9;1;ecrit;"fr";2026-09-03;2026-09-07;;"En prouvant qu'une simple promenade était impossible, Euler a inventé une branche entière des mathématiques sans jamais utiliser la moindre distance.";"Le problème des sept ponts de Königsberg cherche à déterminer s'il existe un chemin permettant de revenir à son point de départ en empruntant une seule fois chaque pont de la ville."
Q213098;esprit;"Progéria";"Progeria";"phare+saviez";9;0;ecrit;"fr";2026-09-03;2026-09-07;;"Ces enfants vieillissent environ huit fois plus vite que la normale et possèdent, à dix ans, les artères d'un octogénaire.";"La progéria, ou syndrome d'Hutchinson-Gilford, est une maladie génétique extrêmement rare qui provoque des changements physiques qui ressemblent fort à une sénescence accélérée de ceux qui en sont atteints (vieillissement accéléré dès la première ou la deuxième année)[réf."
Q94927;cosmos;"Programme Phobos";"Phobos program";"phare+saviez";9;1;ecrit;"fr";2026-09-03;2026-09-07;;"Une commande mal tapée depuis la Terre a ordonné à la sonde d'éteindre son contrôle d'attitude : elle s'est perdue à jamais.";"Le programme Phobos est une mission spatiale inhabitée soviétique constituée de deux sondes spatiales, lancées en 1988, consacrées principalement à l'étude de la planète Mars et de ses deux lunes, Phobos et Déimos."
Q168572;cosmos;"Projet A119";"Project A119";"insolite+phare+saviez";9;3;publie;"fr";2026-09-03;;2026-09-05;"Les États-Unis ont sérieusement étudié le fait de faire exploser une bombe atomique sur la Lune, pour l'effet de démonstration.";"Le projet A119 (anglais : Project A119), aussi appelé A Study of Lunar Research Flights (« Étude sur les vols de recherche lunaires ») est un projet secret mis au point à la toute fin des années 1950 par l'United States Air Force et dont l'objectif était de faire exploser une bombe nucléaire sur la Lune."
Q532335;histoire;"Projet de loi pi de l'Indiana";"Indiana pi bill";"insolite+phare+saviez";9;4;publie;"fr";2026-09-03;;2026-09-05;"En 1897, la chambre de l'Indiana a voté à l'unanimité un texte fixant par la loi la valeur de pi, arrêté au Sénat par un mathématicien de passage.";"L’Indiana pi bill (projet de loi pi de l'Indiana) désigne communément, aux États-Unis, la proposition de loi no 246 qui faillit être adoptée en 1897 par l'Assemblée générale de l'Indiana."
Q1322029;cosmos;"Projet HARP";"Project HARP";"phare";9;2;ecrit;"fr";2026-09-03;2026-09-07;;"Un canon de trente-six mètres a expédié des obus à cent quatre-vingts kilomètres d'altitude, sans jamais atteindre l'orbite.";"Le projet HARP, diminutif de High Altitude Research Project, est un projet militaire canado-américain géré par les départements de la défense des États-Unis et du Canada."
Q2421024;cosmos;"Projet Ozma";"Project Ozma";"phare";9;6;ecrit;"fr";2026-09-03;2026-09-07;;"En 1960, un astronome a pointé une antenne vers deux étoiles pendant deux cents heures : la première écoute d'extraterrestres de l'histoire.";"Le projet Ozma, du nom de la princesse du pays d'Oz légendaire créé par L. Frank Baum, est à l'origine du programme SETI."
Q7263664;vivant;"";"Pyrolobus fumarii";"phare+saviez";9;2;ecrit;"fr";2026-09-03;2026-09-07;;"Ce microbe se reproduit à 113 °C et survit à un passage à l'autoclave : la stérilisation est pour lui une simple journée normale.";"Pyrolobus fumarii est une espèce d'archées hyperthermophiles connue pour sa capacité à survivre à des températures extrêmement élevées. C'est le seul représentant connu du genre Pyrolobus appartenant au phylum des Crenarchaeota."
Q83373;cosmos;"Quasar";"Quasar";"phare+saviez";9;1;ecrit;"fr";2026-09-03;2026-09-07;;"Un seul quasar brille comme mille galaxies, alimenté par la matière qui hurle en tombant vers un trou noir.";"Un quasar (source de rayonnement quasi-stellaire, quasi-stellar radiosource en anglais, ou plus récemment « source de rayonnement astronomique quasi-stellaire », quasi-stellar astronomical radiosource) est un trou noir supermassif au centre d'une région extrêmement lumineuse (noyau actif de galaxie)."
Q475179;esprit;"Randy Gardner";"";"phare";9;0;ecrit;"fr";2026-09-03;2026-09-07;;"Un lycéen est resté éveillé onze jours en 1964, hallucinant et paranoïaque, et jurait ensuite que sa mémoire ne s'en était jamais remise.";"Randy Gardner, né le 2 décembre 1957, est un ancien patineur américain. Sa partenaire en couple était Tai Reina Babilonia avec laquelle il a été champion du monde en 1979."
Q276290;vivant;"Rat-taupe nu";"Naked mole-rat";"phare+saviez";9;1;publie;"fr";2026-09-03;;2026-09-05;"Il ne développe presque jamais de cancer, ne ressent pas certaines douleurs, et son risque de mourir n'augmente pas avec l'âge.";"L'Hétérocéphale (Heterocephalus glaber), aussi appelé Rat-taupe nu ou Rat-taupe glabre, est la seule espèce du genre Heterocephalus et de la sous-famille des Heterocephalinae."
Q535297;histoire;"";"Rationing in the United Kingdom";"phare+saviez";9;3;ecrit;"fr";2026-09-03;2026-09-07;;"Les Britanniques ont continué de présenter des tickets de rationnement neuf ans après la fin de la guerre, jusqu'en juillet 1954.";"Le rationnement fut appliqué au Royaume-Uni par décision du gouvernement britannique à plusieurs reprises au cours du XXe siècle, en particulier en temps de guerre ou immédiatement après."
Q1268029;sciences;"Rayon N";"";"phare+saviez";9;2;publie;"fr";2026-09-03;;2026-09-05;"Un physicien français réputé a découvert un rayonnement confirmé par trois cents articles, jusqu'à ce qu'un visiteur retire discrètement un prisme sans que rien ne change.";"Les rayons N sont d'hypothétiques rayons découverts par le physicien français René Blondlot. Ces rayons étaient censés pouvoir augmenter la luminosité d'une lumière de faible intensité."
Q671758;esprit;"Réflexe photo-sternutatoire";"Photic sneeze reflex";"insolite+phare+saviez";9;1;ecrit;"fr";2026-09-03;2026-09-07;;"Près d'un humain sur quatre éternue en passant brusquement à la lumière vive, à cause d'un simple croisement de nerfs.";"Le réflexe photo-sternutatoire (ou ACHOO, sigle de Autosomal dominant Compelling Helio-Ophthalmic Outburst), appelé aussi éternuement héliotropique ou héliotrophique, est un phénomène physiologique consistant pour le sujet à éternuer de manière réflexe lorsqu'il est exposé à une forte lumière telle que le rayonnement solaire."
Q756106;terre;"Réservoir Manicouagan";"Manicouagan Reservoir";"phare+saviez";9;3;ecrit;"fr";2026-09-03;2026-09-07;;"L'œil du Québec est un anneau d'eau de cent kilomètres de diamètre creusé par un astéroïde il y a 214 millions d'années.";"Le réservoir Manicouagan, aussi appelé lac Manicouagan, est un cratère météoritique qui a été inondé par l'édification du barrage Daniel-Johnson sur la rivière Manicouagan."
Q321087;vivant;"Rhinella marina";"Cane toad";"phare+saviez";9;1;ecrit;"fr";2026-09-03;2026-09-07;;"Cent deux crapauds importés en 1935 pour protéger la canne à sucre en ont produit deux cents millions, et leurs pattes s'allongent à chaque génération de front.";"Rhinella marina, le Crapaud buffle, aussi Crapaud bœuf ou Crapaud géant, autrefois parfois nommé Bufo marinus, est une espèce d'amphibiens de la famille des Bufonidae."
Q436648;mysteres;"";"Richey Edwards";"phare";9;5;ecrit;"fr";2026-09-03;2026-09-07;;"Le guitariste des Manic Street Preachers a laissé sa voiture près d'un pont en 1995 ; déclaré mort en 2008, il n'a jamais été retrouvé.";"Richey Edwards, également appelé Richey James ou Richey Manic, est un musicien gallois né le 22 décembre 1967. Principal parolier des Manic Street Preachers, il contribue aux trois premiers albums du groupe avant de disparaître le 1er février 1995."
Q102527;histoire;"Robert Falcon Scott";"Robert Falcon Scott";"phare+saviez";9;1;ecrit;"fr";2026-09-03;2026-09-07;;"Il est mort à dix-huit kilomètres d'un dépôt de vivres, et son journal s'arrête au milieu d'une phrase.";"Robert Falcon Scott, né le 6 juin 1868 près de Plymouth et mort le 29 mars 1912 sur la plateforme de glace de Ross en Antarctique, est un officier de la Royal Navy et un explorateur polaire britannique, considéré comme l'une des principales figures de l'âge héroïque de l'exploration en Antarctique,"
Q157322;arts;"Romain Gary";"Romain Gary";"phare+saviez";9;2;publie;"fr";2026-09-03;;2026-09-05;"Seul écrivain deux fois couronné par le Goncourt, en se cachant derrière un neveu inventé dont un cousin jouait le rôle en public.";"Romain Gary, né Roman Kacew le 21 mai 1914 à Vilnius (alors dans l’Empire russe) et mort le 2 décembre 1980 à Paris, est un écrivain français d'origine russe et de culture juive, de langues française et anglaise."
Q48572;cosmos;"Rosetta (sonde spatiale)";"Rosetta (spacecraft)";"phare+saviez";9;2;ecrit;"fr";2026-09-03;2026-09-07;;"Après dix ans de voyage et une hibernation de 31 mois, elle s'est délibérément écrasée sur sa comète pour finir en beauté.";"Rosetta est une mission spatiale de l'Agence spatiale européenne (ASE/ESA) dont l'objectif principal est de recueillir des données sur la composition du noyau de la comète 67P/Tchourioumov-Guérassimenko (surnommée « Tchouri ») et sur son comportement à l'approche du Soleil."
Q13203;arts;"Rotokas";"";"phare";9;6;ecrit;"fr";2026-09-03;2026-09-07;;"Son alphabet tient en douze lettres, le plus petit du monde, pour une langue parlée sur une île de Bougainville.";"Le rotokas est une langue de Bougainville du Nord parlée sur l'île de Bougainville, dans l'Est de la Papouasie-Nouvelle-Guinée, par environ 4 320 personnes."
Q226843;sciences;"Ruban de Möbius";"Möbius strip";"phare+saviez";9;3;ecrit;"fr";2026-09-03;2026-09-07;;"La surface à une seule face a été trouvée la même année par deux mathématiciens allemands qui ne se connaissaient pas.";"En topologie, le ruban de Möbius ou de Mœbius (aussi appelé bande de Möbius, boucle de Möbius, anneau de Mœbius ou ceinture de Möbius) est une surface compacte dont le bord est homéomorphe à un cercle."
Q4118844;histoire;"";"Sack of Baltimore";"phare";9;4;publie;"fr";2026-09-03;;2026-09-05;"En 1631, des corsaires barbaresques ont enlevé la population entière d'un village irlandais, et presque personne n'en est jamais revenu.";"Le sac de Baltimore est l’attaque, le 20 juin 1631, du village irlandais de Baltimore, par des corsaires de la Régence d'Alger dans le cadre d'un conflit contre les Britanniques."
Q181685;sciences;"Sadi Carnot (physicien)";"Nicolas Léonard Sadi Carnot";"phare+saviez";9;1;ecrit;"fr";2026-09-03;2026-09-07;;"Mort du choléra à trente-six ans, ses papiers ont été brûlés par précaution sanitaire, emportant l'essentiel d'une œuvre à peine commencée.";"Nicolas Léonard Sadi Carnot est un physicien et ingénieur français né le 1er juin 1796 à Paris et mort le 24 août 1832 à Ivry-sur-Seine."
Q48435;arts;"Sagrada Família";"Sagrada Família";"phare+saviez";9;0;ecrit;"fr";2026-09-03;2026-09-07;;"Le chantier a obtenu son permis de construire en 2019, cent trente-sept ans après le début des travaux.";"La Sagrada Família (nom complet en catalan : Temple Expiatori de la Sagrada Família ; en espagnol : Templo Expiatorio de la Sagrada Familia ; en français : « temple expiatoire de la Sainte Famille ») est une basilique de Barcelone dont la construction a commencé en 1882."
Q126683;vivant;"Saïga";"Saiga antelope";"phare";9;0;ecrit;"fr";2026-09-03;2026-09-07;;"En trois semaines de 2015, une bactérie inoffensive devenue mortelle sous l'effet de la chaleur a tué deux cent mille individus, soit deux tiers de l'espèce.";"Le saïga est une des rares espèces d'antilopes eurasiatiques. Sur la base de données archéologiques et paléontologiques, il est établi qu'il vivait autrefois dans les milieux ouverts (non boisés) des régions vallonnées d'une grande partie de l'Europe et de l'Asie."
Q51625;arts;"Salvator Mundi";"Salvator Mundi";"phare";9;3;ecrit;"fr";2026-09-03;2026-09-07;;"Vendu 450 millions de dollars en 2017, le tableau n'a plus jamais été montré au public et son attribution reste contestée.";"Salvator Mundi (latin : « Sauveur du monde ») est le nom donné aux représentations du Christ portant un orbe dans sa main gauche tout en utilisant sa main droite pour bénir."
Q1892745;mysteres;"Salvator Mundi (version Cook)";"Salvator Mundi (painting)";"phare";9;5;publie;"fr";2026-09-03;;2026-09-05;"Racheté 1 175 dollars dans une vente de province, ce tableau a été adjugé 450 millions en 2017, et personne ne sait publiquement où il se trouve.";"Le Salvator Mundi (le « Sauveur du monde », en latin) est une peinture à l'huile sur bois de noyer, sur le thème du Christ rédempteur, attribuée par plusieurs experts à Léonard de Vinci en totalité ou en partie, ou à l'un de ses élèves, Bernardino Luini ou Giovanni Antonio Boltraffio."
Q893453;histoire;"Sam l'insubmersible";"Unsinkable Sam";"insolite+phare+saviez";9;3;ecrit;"fr";2026-09-03;2026-09-07;;"Un chat aurait survécu au naufrage du Bismarck, puis à celui de deux navires britanniques, avant de finir tranquillement sa vie à terre.";"Sam l'insubmersible (traduction de son nom anglais : Unsinkable Sam), aussi connu sous le nom d'Oscar ou Oskar, est un chat de navire de la Seconde Guerre mondiale d'abord dans la Kriegsmarine puis dans la Royal Navy, célèbre pour avoir survécu au torpillage des navires de guerre sur lequel il était"
Q226007;esprit;"Satiation sémantique";"Semantic satiation";"insolite+phare";9;1;ecrit;"fr";2026-09-03;2026-09-07;;"Répétez trente fois un mot familier : il se vide de son sens et devient une suite de sons étrangers.";"La satiation sémantique, saturation sémantique ou encore satiation verbale est un phénomène psychologique au cours duquel la répétition d'un mot ou d'une expression provoque une perte temporaire du signifié auprès de l'auditoire, qui perçoit alors la parole comme une suite de sons répétés dénuée de sens."
Q13382352;mysteres;"Satoshi Nakamoto";"Satoshi Nakamoto";"phare";9;4;ecrit;"fr";2026-09-03;2026-09-07;;"L'inventeur du bitcoin a écrit son dernier message en 2011 et n'a jamais touché au million de bitcoins qui dort à son adresse.";"Satoshi Nakamoto est le pseudonyme utilisé par la ou les personnes ayant développé la cryptomonnaie Bitcoin. En 2008, Satoshi Nakamoto rédige un livre blanc décrivant le fonctionnement du Bitcoin, puis il publie le 3 janvier 2009 l'implémentation de référence du logiciel."
Q194230;sciences;"Seconde intercalaire";"Leap second";"phare+saviez";9;1;ecrit;"fr";2026-09-03;2026-09-07;;"Le monde ajoute parfois une soixante et unième seconde à une minute, et les États ont voté de renoncer à cette bizarrerie d'ici 2035.";"Une seconde intercalaire, également appelée seconde additionnelle ou saut de seconde, est un procédé occasionnellement employé pour ajuster le temps universel coordonné, plus connu sous son abréviation UTC."
Q513821;arts;"";"Sedlec Ossuary";"insolite+phare+saviez";9;0;publie;"fr";2026-09-03;;2026-09-05;"Un menuisier a composé un lustre, des guirlandes et un blason avec les ossements d'environ quarante mille personnes.";"L'ossuaire de Sedlec (en allemand : Sedletz-Ossarium) est situé dans la chapelle funéraire de Tous-les-Saints du cimetière du monastère cistercien de Sedlec (anciennement en allemand Sedletz), à Kutná Hora, en République tchèque."
Q148532;vivant;"Sensitive";"Mimosa pudica";"insolite+phare";9;0;ecrit;"fr";2026-09-03;2026-09-07;;"Habituée à des chutes sans danger, elle cesse de replier ses feuilles, et s'en souvient encore un mois plus tard, alors qu'elle n'a pas de cerveau.";"La Sensitive ou le Mimosa pudique (Mimosa pudica) est une espèce de plantes à fleurs, de la famille des Fabacées (anciennement des Mimosacées). C'est une plante rampante de 10 à 40 cm de haut (pouvant atteindre dans la nature un peu plus d'un mètre), originaire d'Amérique centrale et largement naturalisée à travers le monde."
Q170842;cosmos;"Sergueï Korolev";"Sergei Korolev";"phare+saviez";9;2;ecrit;"fr";2026-09-03;2026-09-07;;"L'architecte de toute l'astronautique soviétique était un secret d'État : son nom n'a été révélé qu'à sa mort, en 1966.";"Sergueï Pavlovitch Korolev, ou Sergueï Pavlovitch Koroliov (en russe : Сергей Павлович Королёв), né le 30 décembre 1906 (12 janvier 1907 dans le calendrier grégorien) à Jytomyr (gouvernement de Volhynie, Empire russe, aujourd'hui en Ukraine) et mort le 14 janvier 1966 à Moscou (RSFS de Russie, URSS)"
Q7487374;esprit;"Sham (chirurgie)";"Sham surgery";"phare";9;0;ecrit;"fr";2026-09-03;2026-09-07;;"Des patients opérés du genou pour de faux, trois incisions et rien d'autre, allaient aussi bien deux ans plus tard que les vrais opérés.";"En biologie expérimentale, une opération sham désigne une chirurgie dont on n'a pas pratiqué la procédure censée être thérapeutique."
Q1191396;esprit;"";"Shepard tone";"phare+saviez";9;1;ecrit;"fr";2026-09-03;2026-09-07;;"Une gamme qui monte indéfiniment sans jamais devenir plus aiguë : l'escalier infini d'Escher, mais pour l'oreille.";"Une gamme de Shepard, nommée d'après Roger Shepard qui l'a créée en 1964, est une gamme jouée avec des sons de Shepard, qui sont des sons complexes synthétiques constitués par l'addition de signaux sinusoïdaux de fréquences séparées par un intervalle d'octave."
Q3076;cosmos;"Shoemaker-Levy 9";"Comet Shoemaker–Levy 9";"phare";9;4;ecrit;"fr";2026-09-03;2026-09-07;;"Vingt-et-un fragments se sont écrasés sur Jupiter en 1994, laissant des taches noires plus larges que la Terre.";"Shoemaker-Levy 9, officiellement désignée D/1993 F2 (Shoemaker-Levy) et parfois abrégée en SL9, est une comète qui s'est disloquée lors de son approche de la planète Jupiter puis est entrée en collision avec elle entre le 16 et le 22 juillet 1994."
Q778699;histoire;"Siège de Baler";"Siege of Baler";"phare";9;8;publie;"fr";2026-09-03;;2026-09-05;"Cinquante soldats espagnols ont tenu une église des Philippines pendant 337 jours, refusant de croire que leur guerre était finie depuis des mois.";"Le siège de Baler (philippin : Pagkubkob sa Baler, espagnol : Sitio de Baler) (1er juillet 1898 - 2 juin 1899) est un événement de la révolution philippine, de la guerre hispano-américaine et de la guerre philippino-américaine."
Q357951;mysteres;"Sir Alfred Mehran";"Mehran Karimi Nasseri";"insolite+phare+saviez";9;1;publie;"fr";2026-09-03;;2026-09-05;"Il a vécu dix-huit ans sur une banquette du terminal 1 de Roissy, avec ses valises, son courrier et ses journaux soigneusement empilés.";"Mehran Karimi Nasseri (en persan : مهران کریمی ناصری, prononcé /mehˈrɒn kæriˈmi nɒseˈri/), né en 1945 à Masjed Soleiman en Iran et mort le 12 novembre 2022 dans l'aéroport de Paris-Charles-de-Gaulle, surnommé « Sir Alfred Mehran », est un réfugié iranien qui a vécu dans le terminal 1 de l'aéroport d"
Q2095762;sciences;"Smoot (unité)";"Smoot";"insolite+phare";9;3;ecrit;"fr";2026-09-03;2026-09-07;;"Un pont de Boston est gradué en unités valant la taille d'un étudiant qu'on a fait rouler sur le tablier en 1958, et la police s'en sert encore.";"Le smoot est une unité de longueur inhabituelle, créée de façon humoristique par des étudiants du MIT. Elle porte le nom d'Oliver R."
Q170754;cosmos;"";"Solar corona";"phare+saviez";9;2;ecrit;"fr";2026-09-03;2026-09-07;;"Elle est deux cents fois plus chaude que la surface du Soleil, et personne n'explique complètement pourquoi.";"La couronne solaire est la partie de l'atmosphère du Soleil située au-delà de la chromosphère et qui s'étend sur plusieurs millions de kilomètres en se diluant dans l'espace."
Q648581;cosmos;"Soyouz 11";"Soyuz 11";"phare";9;2;publie;"fr";2026-09-03;;2026-09-05;"Trois cosmonautes sont morts asphyxiés par une valve défectueuse ; on les a retrouvés sanglés, indemnes en apparence.";"Soyouz 11 est en juin 1971 la seconde mission spatiale à s'amarrer à la toute première station spatiale, Saliout 1, mais son équipage est le premier à l'occuper, deux mois après l'échec de Soyouz 10."
Q788017;cosmos;"Spaghettification";"Spaghettification";"insolite+phare+saviez";9;1;ecrit;"fr";2026-09-03;2026-09-07;;"Près d'un petit trou noir, vos pieds seraient attirés si fort qu'ils tomberaient bien plus vite que votre tête, jusqu'à vous étirer en filament.";"En astrophysique, la spaghettification (parfois appelé l'effet de nouilles) est l'allongement d'un corps sous l'effet des forces de marées gravitationnelles lorsque celui-ci est plongé dans un trou noir."
Q130966;vivant;"Spinosaurus";"Spinosaurus";"phare";9;5;ecrit;"fr";2026-09-03;2026-09-07;;"Plus long que le tyrannosaure, il nageait ; ses seuls fossiles complets ont été détruits par un bombardement sur Munich en 1944.";"Spinosaurus est un genre fossile de dinosaures théropodes appartenant à la famille fossile des Spinosauridae et ayant vécu à l'Albien (partie supérieure du Crétacé inférieur, il y a environ 100 Ma) et au Cénomanien (base du Crétacé supérieur, il y a environ 97 Ma), dans ce qui est actuellement l'Afrique du Nord."
Q1913422;histoire;"SS Baychimo";"SS Baychimo";"phare";9;4;ecrit;"fr";2026-09-03;2026-09-07;;"Un cargo abandonné dans les glaces en 1931 a été aperçu à la dérive pendant trente-huit ans, sans que personne parvienne jamais à le récupérer.";"Le SS Baychimo, anciennement SS Ångermanelfven, est un navire cargo à vapeur et à coque d'acier construit en 1914 à Göteborg et appartenant à la Compagnie de la Baie d'Hudson."
Q1286554;mysteres;"SS Waratah";"SS Waratah";"phare";9;5;ecrit;"fr";2026-09-03;2026-09-07;;"Ce paquebot de 150 mètres a disparu au large de l'Afrique du Sud en 1909 avec 211 personnes, sans une épave, sans un corps, sans un débris.";"Le SS Waratah était un paquebot britannique armé par la Blue Anchor Line. Ce navire lancé en novembre 1908 effectuait la liaison entre l'Europe et l'Australie."
Q756442;histoire;"";"Stone of Scone";"insolite+phare";9;3;ecrit;"fr";2026-09-03;2026-09-07;;"Quatre étudiants écossais ont volé la pierre du couronnement à l'abbaye de Westminster en 1950, l'ont cassée en deux et fait réparer chez un maçon.";"La pierre du destin ou de la destinée (en gaélique écossais : Lia Fàil), aussi connue sous les noms de pierre de Scone, pierre du couronnement, oreiller de Jacob ou pierre de Tanist, est un bloc de grès utilisé dans les rituels de couronnement en Ecosse jusqu'au XIIIe siècle."
Q647227;sciences;"Super-Kamiokande";"Super-Kamiokande";"phare";9;0;ecrit;"fr";2026-09-03;2026-09-07;;"En 2001, l'implosion d'un seul capteur a déclenché une onde de choc qui a détruit sept mille photomultiplicateurs en quelques secondes.";"Le Super-Kamiokande (Super-K ou SK) est un détecteur de neutrinos construit sous le mont Ikeno au Japon, près de la ville de Hida (préfecture de Gifu). Il est situé à une profondeur de 1000 mètres dans la mine de zinc active de Mozumi, près du village de Kamioka."
Q106667;sciences;"Superfluidité";"Superfluidity";"phare+saviez";9;1;ecrit;"fr";2026-09-03;2026-09-07;;"Refroidi sous 2,17 kelvins, ce liquide grimpe tout seul le long des parois de son récipient et s'en échappe par le haut.";"La superfluidité est un état de la matière dans lequel celle-ci se comporte comme un fluide dépourvu de toute viscosité. Découverte en 1937 par Piotr Kapitsa, simultanément avec, semble-t-il, John F."
Q15809070;cosmos;"Sursaut radio rapide";"Fast radio burst";"phare";9;0;ecrit;"fr";2026-09-03;2026-09-07;;"Ces éclairs libèrent en une milliseconde autant d'énergie que le Soleil en trois jours entiers, et personne ne sait ce qui les produit.";"En radio-astronomie, les sursauts radio rapides (fast radio burst, abrégé FRB), ou sursauts Lorimer (Lorimer burst), sont des sursauts d'ondes radio d'une durée de quelques millisecondes."
Q837685;cosmos;"Surveyor 3";"Surveyor 3";"phare+saviez";9;3;ecrit;"fr";2026-09-03;2026-09-07;;"Apollo 12 a rapporté un morceau de sonde restée trois ans sur la Lune, avec des bactéries qui semblaient avoir survécu au vide.";"Surveyor 3 est la deuxième sonde lunaire américaine du programme Surveyor de la NASA à réaliser un atterrissage lunaire en douceur. Lancée le 17 avril 1967, elle se pose sur la Lune le 20 avril 1967, sur la partie Mare Cognitum de l'océan des Tempêtes (Oceanus Procellarum) et transmet un total de 6 326 images."
Q2916584;esprit;"Synchronisation menstruelle";"Menstrual synchrony";"phare";9;4;ecrit;"fr";2026-09-03;2026-09-07;;"L'idée que les femmes vivant ensemble synchronisent leurs cycles a fait le tour du monde ; quarante ans de données n'ont jamais réussi à la confirmer.";"La synchronisation menstruelle, aussi appelée effet McClintock ou encore phénomène du dortoir, est l'hypothèse selon laquelle les cycles menstruels de femmes vivant ensemble, en particulier en communauté fermée, se synchroniseraient au fil du temps."
Q1453767;esprit;"Syndrome de Fregoli";"Fregoli delusion";"insolite+phare";9;3;ecrit;"fr";2026-09-03;2026-09-07;;"Ici c'est l'inverse : le patient croit reconnaître une seule et même personne déguisée derrière tous les inconnus qu'il croise dans la rue.";"Le syndrome de Fregoli (du nom d'un célèbre transformiste italien Leopoldo Fregoli), est un trouble neuropsychiatrique, qui est classé dans les délires d'identification des personnes."
Q42915945;esprit;"Syndrome de La Havane";"Havana syndrome";"insolite+phare";9;3;ecrit;"fr";2026-09-03;2026-09-07;;"Des diplomates ont décrit un son dirigé et des troubles durables ; aucune enquête n'a jamais trouvé d'arme.";"Le syndrome de La Havane est un ensemble de symptômes éprouvés dans différents pays par des diplomates, militaires et agents des renseignements américains et canadiens à partir du milieu des années 2010."
Q669822;esprit;"Syndrome de Laron";"Laron syndrome";"phare";9;4;ecrit;"fr";2026-09-03;2026-09-07;;"Une population équatorienne de très petite taille ne développe presque jamais ni cancer ni diabète, et cela intrigue les chercheurs depuis quarante ans.";"Le syndrome de Laron est une maladie génétique rare récessive caractérisé par une insensibilité à l'hormone de croissance, habituellement due à une déficience du récepteur à l'hormone de croissance."
Q425832;esprit;"Système Rhésus";"Rh blood group system";"phare+saviez";9;0;ecrit;"fr";2026-09-03;2026-09-07;;"Moins de cinquante personnes au monde ont ce « sang doré » compatible avec presque tous — et introuvable le jour où elles en ont besoin.";"Le système Rhésus (parfois appelé groupe) est, avec le système ABO, un des principaux systèmes antigéniques érythrocytaires. Il doit son nom à un singe d'Asie du Sud-Est, Macaque rhésus (Macaca mulatta), qui servit d'animal d'expérience à la fin des années 1930 dans les recherches sur le sang."
Q187483;arts;"Tapisserie de Bayeux";"Bayeux Tapestry";"phare+saviez";9;4;ecrit;"fr";2026-09-03;2026-09-07;;"Soixante-dix mètres de broderie racontent une conquête et montrent au passage la comète de Halley, terrifiant les Anglais de 1066.";"La tapisserie de Bayeux ou broderie de Bayeux, successivement désignée « Telle du Conquest » (« toile de la Conquête ») par les chanoines de la cathédrale Notre-Dame de Bayeux, toilette de la Saint-Jean et toilette du duc Guillaume au XVIIIe siècle, ou encore tapisserie de la reine Mathilde au XIXe"
Q2157202;arts;"";"The Just Judges";"phare";9;4;publie;"fr";2026-09-03;;2026-09-05;"Le panneau volé de L'Agneau mystique en 1934 n'a jamais reparu ; le suspect est mort en jurant qu'il était seul à savoir où il se trouvait.";"Les Juges intègres (145 × 51 cm) est le panneau inférieur du retable de L'Adoration de l'agneau mystique, commencé par Hubert van Eyck et achevé par son frère cadet Jan van Eyck."
Q184410;sciences;"Théorème des quatre couleurs";"Four color theorem";"phare+saviez";9;1;ecrit;"fr";2026-09-03;2026-09-07;;"Première grande démonstration confiée à une machine, elle a passé en revue des milliers de configurations qu'aucun humain n'a jamais vérifiées entièrement à la main.";"Le théorème des quatre couleurs indique qu'il est possible, en n'utilisant que quatre couleurs différentes, de colorier n'importe quelle carte découpée en régions connexes, de sorte que deux régions adjacentes (ou limitrophes), c'est-à-dire ayant toute une frontière (et non simplement un point) en c"
Q2346348;histoire;"Thérèse Humbert";"";"phare+saviez";9;1;publie;"fr";2026-09-03;;2026-09-05;"Une paysanne a emprunté des millions pendant vingt ans sur un héritage enfermé dans un coffre; ouvert en 1902, il contenait une brique et un bouton de culotte.";"Thérèse Humbert, née Marie-Thérèse Daurignac ou d'Aurignac, le 10 septembre 1855 à Aussonne (Haute-Garonne) et morte après 1938, est une escroc française. Son nom est associé à l'affaire Humbert, ou affaire de l’« héritage Crawford », qui secoue le monde politique et financier à la fin du XIXe siècle et au début du XXe siècle."
Q11812;mysteres;"Thomas Jefferson";"Thomas Jefferson";"phare";9;4;ecrit;"fr";2026-09-03;2026-09-07;;"Les deux rédacteurs de la Déclaration d'indépendance sont morts le même jour, le 4 juillet 1826, jour du cinquantenaire exact du texte.";"Thomas Jefferson (/ˈtɑməs ˈd͡ʒɛfɚsən/), né le 13 avril 1743 à Shadwell (colonie de Virginie) et mort le 4 juillet 1826 à Monticello (Virginie), est un philosophe politique, diplomate, architecte et homme d'État américain."
Q36846;arts;"Toki pona";"Toki Pona";"insolite+phare+saviez";9;2;ecrit;"fr";2026-09-03;2026-09-07;;"Cent vingt mots suffisent à tout dire dans cette langue construite, où un ordinateur devient une machine à savoir.";"Le toki pona est une langue construite minimaliste inventée par la linguiste et traductrice canadienne Sonja Lang et publiée pour la première fois en 2001 sur Internet."
Q623950;sciences;"Transformation de Fourier rapide";"Fast Fourier transform";"phare";9;5;ecrit;"fr";2026-09-03;2026-09-07;;"L'algorithme qui a fait la révolution numérique en 1965 dormait depuis 1805 dans un carnet de Gauss, rédigé en latin et jamais publié.";"La transformation de Fourier rapide (sigle anglais : FFT ou fast Fourier transform) est un algorithme de calcul de la transformation de Fourier discrète (TFD). Sa complexité varie en O(n log n) avec le nombre n de points, alors que la complexité de l’algorithme « naïf » s'exprime en O(n2)."
Q472953;esprit;"Trépanation";"Trepanning";"insolite+phare+saviez";9;1;ecrit;"fr";2026-09-03;2026-09-07;;"Des crânes vieux de sept mille ans portent des trous aux bords cicatrisés : les patients ont survécu, et certains ont été réopérés plusieurs fois.";"La trépanation est une technique de perçage qui consiste à pratiquer un trou en réalisant une découpe circulaire, à la différence de la craniectomie qui sectionne un ou plusieurs os du crâne."
Q163730;histoire;"Trêve de Noël";"Christmas truce";"insolite+phare+saviez";9;4;ecrit;"fr";2026-09-03;2026-09-07;;"En décembre 1914, des soldats ennemis sont sortis des tranchées pour échanger du tabac et jouer au football entre les lignes.";"L'expression trêve de Noël désigne les trêves et cessez-le-feu spontanés ayant eu lieu pendant Noël et le réveillon de Noël pendant la Première Guerre mondiale."
Q6334;histoire;"Troisième guerre punique";"Third Punic War";"phare+saviez";9;2;ecrit;"fr";2026-09-03;2026-09-07;;"Le maire de Rome et celui de Carthage ont signé un traité de paix en 1985, deux mille cent trente-trois ans après la fin des combats.";"La troisième guerre punique est la dernière phase d'un conflit connu sous le nom de guerres puniques et qui oppose pendant plus d'un siècle Rome et Carthage. Les deux premières guerres (264-241 av."
Q17579;histoire;"";"Tsutomu Yamaguchi";"insolite+phare+saviez";9;4;publie;"fr";2026-09-03;;2026-09-05;"Il était à Hiroshima le 6 août, est rentré chez lui à Nagasaki, et a survécu aux deux bombes atomiques.";"Tsutomu Yamaguchi (山口 彊, Yamaguchi Tsutomu) est un ingénieur japonais né le 16 mars 1916 et mort le 4 janvier 2010 d'un cancer de l'estomac. Il est la seule personne reconnue comme ayant survécu aux deux bombardements atomiques d'Hiroshima et de Nagasaki."
Q1271948;arts;"Turkish Star Wars";"Dünyayı Kurtaran Adam";"phare";9;0;ecrit;"fr";2026-09-03;2026-09-07;;"Ce film turc a inséré des séquences entières volées à Star Wars et la musique d'Indiana Jones, sans jamais rien demander à personne.";"Dünyayı Kurtaran Adam (trad. litt. « L’homme qui sauva le monde »), plus connu sous le nom de Turkish Star Wars, est un film turc de science-fiction et d’aventure réalisé par Çetin İnanç et sorti en 1982."
Q174199;vivant;"Tursiops truncatus";"Common bottlenose dolphin";"phare+saviez";9;0;ecrit;"fr";2026-09-03;2026-09-07;;"Chaque individu invente dans sa jeunesse un sifflement unique qui lui sert de nom propre, et les autres l'utilisent pour l'appeler.";"Le Grand dauphin (Tursiops truncatus), appelé également Souffleur ou Dauphin à gros nez, est une espèce de cétacés à dents (odontocète) appartenant à la famille des Delphinidae."
Q5551507;histoire;"Unterseeboot 1206";"German submarine U-1206";"insolite+phare+saviez";9;3;publie;"fr";2026-09-03;;2026-09-05;"Un sous-marin allemand a coulé en 1945 parce que son commandant a mal manœuvré les toilettes à haute pression du bord.";"L'Unterseeboot 1206 (ou U-1206) est un sous-marin de type VII affecté à la 11e flottille de sous-marins (11. Unterseebootsflottille) de la Kriegsmarine allemande pendant la Seconde Guerre mondiale."
Q855198;cosmos;"V838 Monocerotis";"V838 Monocerotis";"phare";9;2;ecrit;"fr";2026-09-03;2026-09-07;;"En 2002, une étoile est devenue six cent mille fois plus lumineuse que le Soleil ; l'écho de ce flash illumine encore la poussière autour d'elle.";"V838 Monocerotis (en abrégé V838 Mon) est une étoile variable de la partie australe de la constellation équatoriale de la Licorne. Le 6 janvier 2002, elle est découverte à la suite d'un éclat intense photographié par N."
Q110360;sciences;"Vague scélérate";"Rogue wave";"phare+saviez";9;4;ecrit;"fr";2026-09-03;2026-09-07;;"Longtemps prises pour des histoires de marins, ces vagues ont été prouvées le 1er janvier 1995 par un capteur de plateforme qui en a mesuré une de vingt-six mètres.";"Une vague scélérate est une vague océanique beaucoup plus haute que celles avoisinantes, isolée et considérée comme rare."
Q55111925;vivant;"Vautour de Rüppell";"Rüppell's vulture";"phare+saviez";9;2;ecrit;"fr";2026-09-03;2026-09-07;;"L'un d'eux est entré dans un réacteur d'avion à 11 300 mètres d'altitude, plus haut que les vols de ligne.";"Le Vautour de Rüppell (Gyps rueppelli) est une espèce de grands rapaces de la famille des Accipitridae. Son nom est celui de l'explorateur et zoologiste allemand Eduard Rüppell (1794-1884)."
Q755286;cosmos;"Vega (sonde spatiale)";"Vega program";"phare+saviez";9;3;ecrit;"fr";2026-09-03;2026-09-07;;"L'URSS a lâché deux ballons dans l'atmosphère de Vénus en 1985 ; ils ont dérivé 46 heures dans les nuages d'acide sulfurique.";"Vega 1 et Vega 2 sont deux sondes spatiales soviétiques lancées en 1984 avec une double mission : l'étude de Vénus depuis l'orbite et à l'aide de ballons-sondes et le survol de la comète de Halley, pour profiter de son passage en 1986 à proximité du Soleil qui ne se reproduit que tous les 76 ans."
Q133057;terre;"Verkhoïansk";"Verkhoyansk";"phare+saviez";9;1;ecrit;"fr";2026-09-03;2026-09-07;;"La même ville sibérienne est descendue à -67 °C et montée à 38 °C, un écart de plus de cent degrés au-dessus du cercle polaire.";"Verkhoïansk (en russe : Верхоянск, en iakoute : Үөһээ Дьааҥы) est la plus petite ville de Russie en république de Sakha (Iakoutie). Sa population s'élevait à 768 habitants en 2023."
Q447655;esprit;"Victor de l'Aveyron";"Victor of Aveyron";"phare";9;1;ecrit;"fr";2026-09-03;2026-09-07;;"Trouvé nu dans les bois en 1800, il a appris à reconnaître des lettres et à s'habiller, jamais à parler.";"Joseph dit Victor de l'Aveyron, peut-être né dans le Tarn vers 1785, trouvé dans l'Aveyron en 1797, et mort d'une pneumonie à Paris le 12 février 1828, est un enfant sauvage français."
Q200890;mysteres;"Vivian Maier";"Vivian Maier";"phare+saviez";9;4;ecrit;"fr";2026-09-03;2026-09-07;;"Une nounou de Chicago a pris cent mille photos que personne n'a vues de son vivant ; elles ont été rachetées pour quelques centaines de dollars dans un box aux enchères.";"Vivian Maier, née le 1er février 1926 à New York et morte le 21 avril 2009 à Chicago, est une photographe de rue et cinéaste documentariste amatrice franco-états-unienne."
Q61266859;arts;"Vol de La Joconde";"";"phare+saviez";9;2;ecrit;"fr";2026-09-03;2026-09-07;;"Le tableau est resté deux ans caché dans une chambre parisienne, et le musée a mis plus de vingt-quatre heures à remarquer sa disparition.";"Le vol de La Joconde est un vol d'œuvre d'art survenu le 21 août 1911 au musée du Louvre à Paris, au cours duquel La Joconde, le tableau de Léonard de Vinci, est dérobée par Vincenzo Peruggia, un vitrier italien souhaitant voir l'œuvre revenir dans son pays d'origine."
Q15908324;mysteres;"Vol Malaysia Airlines 370";"Malaysia Airlines Flight 370";"phare+saviez";9;3;ecrit;"fr";2026-09-03;2026-09-07;;"Un Boeing a fait demi-tour, volé sept heures vers le sud et disparu ; on n'en a retrouvé que des morceaux échoués sur des plages africaines.";"Le vol Malaysia Airlines 370 (numéros de vol MH370 et CZ748 via un partage de code avec China Southern Airlines) était un vol international régulier entre l'aéroport international de Kuala Lumpur, en Malaisie et l'aéroport international de Pékin-Capitale, en Chine."
Q182524;cosmos;"";"Vostok 1";"phare+saviez";9;1;ecrit;"fr";2026-09-03;2026-09-07;;"Gagarine s'est éjecté et a atterri en parachute à part de sa capsule, détail dissimulé vingt ans pour valider le record.";"Vostok 1 (en russe : Восток 1) est le premier vol spatial habité de l'histoire spatiale et la première mission du programme Vostok."
Q156315;cosmos;"Voyager Golden Record";"Voyager Golden Record";"phare+saviez";9;1;ecrit;"fr";2026-09-03;2026-09-07;;"Des salutations en 55 langues et le battement de cœur d'une femme amoureuse voyageront un milliard d'années dans le vide.";"Le disque d'or de Voyager (ou Voyager Golden Record) est un disque intitulé The Sounds of Earth (« Les sons de la Terre ») et embarqué dans les deux sondes spatiales Voyager, lancées en 1977, servant de « bouteille à la mer interstellaire » destinée à d'éventuels êtres extraterrestres."
Q668921;vivant;"";"West Indian Ocean coelacanth";"phare";9;2;ecrit;"fr";2026-09-03;2026-09-07;;"Ce poisson supposé disparu depuis soixante-six millions d'années a été trouvé en 1938 sur l'étal d'un chalutier sud-africain.";"Latimeria chalumnae, communément appelé Cœlacanthe [selakɑ̃t] africain ou Cœlacanthe de l'Ouest de l'océan Indien, est une espèce de poissons de la famille des Latimeriidae."
Q557077;terre;"";"Whakaari / White Island";"phare";9;1;ecrit;"fr";2026-09-03;2026-09-07;;"Quarante-sept touristes se promenaient dans le cratère de cette île néo-zélandaise quand elle a explosé, en décembre 2019.";"Whakaari/White Island ou Whakaari / White Island est une petite île inhabitée et volcanique de Nouvelle-Zélande située dans l'océan Pacifique Sud, au nord de l'île du Nord."
Q57461;histoire;"";"Wilhelm Gustloff";"phare";9;0;ecrit;"fr";2026-09-03;2026-09-07;;"Le naufrage le plus meurtrier de l'histoire a fait environ neuf mille morts en 1945, six fois le Titanic, et presque personne ne le connaît.";"Wilhelm Gustloff, né le 30 janvier 1895 à Schwerin (Allemagne), est un militant nazi allemand actif en Suisse, assassiné le 4 février 1936 à Davos par David Frankfurter, jeune étudiant juif yougoslave."
Q294147;histoire;"William Bligh";"William Bligh";"phare+saviez";9;1;ecrit;"fr";2026-09-03;2026-09-07;;"Abandonné en chaloupe avec dix-huit hommes, il a navigué six mille kilomètres jusqu'au Timor sans perdre un seul marin en mer.";"William Bligh, né le 9 septembre 1754 et mort le 7 décembre 1817, est un administrateur colonial britannique et un officier de la Royal Navy. Il a fait une carrière honorable dans la Royal Navy."
Q122701;sciences;"William Thomson (Lord Kelvin)";"Lord Kelvin";"phare+saviez";9;1;ecrit;"fr";2026-09-03;2026-09-07;;"Il a calculé que la Terre avait cent millions d'années au plus, ignorant la radioactivité, et jugeait le vol motorisé définitivement impossible.";"William Thomson, mieux connu sous le nom de Lord Kelvin (Belfast, 26 juin 1824 - Largs, 17 décembre 1907), premier baron Kelvin, est un physicien britannique d'origine irlandaise reconnu pour ses travaux en thermodynamique."
Q190510;vivant;"";"Wollemia nobilis";"phare+saviez";9;2;publie;"fr";2026-09-03;;2026-09-05;"Ce conifère connu seulement par des fossiles de deux cents millions d'années a été trouvé vivant en 1994 dans un canyon à cent kilomètres de Sydney.";"Le pin de Wollemi ou arbre de Wollemi (Wollemia nobilis) appartient à la famille des Araucariacées. Découvert en 1994 dans des gorges gréseuses à 200 km au nord-ouest de Sydney en Australie, il n'a été décrit qu'en 1995."
Q8032495;arts;"";"Woodchester Mansion";"phare";9;0;ecrit;"fr";2026-09-03;2026-09-07;;"Les ouvriers ont posé leurs outils un jour de 1873 et ne sont jamais revenus ; la maison est restée figée en plein chantier.";"Woodchester Mansion is an unfinished, Gothic Revival mansion house in Nympsfield, Gloucestershire, England. It is on the site of an earlier house known as Spring Park."
Q53672376;esprit;"Yanny ou Laurel";"Yanny or Laurel";"phare";9;4;ecrit;"fr";2026-09-03;2026-09-07;;"Un unique fichier sonore fait entendre deux mots différents selon l'auditeur, et l'on peut basculer de l'un à l'autre à volonté.";"Yanny ou Laurel est un enregistrement sonore de langue anglaise dans lequel une voix humaine peut s'entendre, selon différents auditeurs placés dans les mêmes conditions d'écoute, comme prononçant plutôt le nom « Yanny » ou plutôt le nom « Laurel »."
Q407741;arts;"Youri Knorozov";"Yuri Knorozov";"insolite+phare";9;0;ecrit;"fr";2026-09-03;2026-09-07;;"Il a déchiffré les glyphes mayas depuis Léningrad, avec un livre sauvé d'une bibliothèque en flammes, sans jamais voir une pyramide.";"Youri Valentinovitch Knorozov (en ukrainien : Ю́рій Валенти́нович Кно́розов ; en russe : Ю́рий Валенти́нович Кно́розов), né le 19 novembre 1922 à Pivdenne (RSS d'Ukraine, Union soviétique) et mort le 30 mars 1999 à Saint-Pétersbourg (Russie), est un linguiste, épigraphe et ethnographe soviétique puis russe."
Q372945;cosmos;"";"Zond 5";"phare+saviez";9;0;ecrit;"fr";2026-09-03;2026-09-07;;"Les premiers êtres vivants à contourner la Lune furent deux tortues, revenues avec dix pour cent de masse en moins.";"Zond 5 est une capsule spatiale soviétique de 5 375 kg du programme Zond, lancée le 14 septembre 1968 à 21:42:11 TU. Zond 5 réalise la première récupération sur Terre d'un véhicule spatial ayant contourné la Lune, avant le vol circumlunaire d'Apollo 8."
Q601;cosmos;"(136108) Hauméa";"Haumea";"phare+saviez";8;2;ecrit;"fr";2026-09-03;2026-09-07;;"Cette planète naine en forme de ballon de rugby tourne sur elle-même en quatre heures et possède un anneau.";"(136108) Hauméa (internationalement (136108) Haumea ; désignation provisoire 2003 EL61) est une planète naine transneptunienne (plutoïde) du Système solaire, située dans la ceinture de Kuiper."
Q212618;terre;"";"1960 Valdivia earthquake";"phare+saviez";8;2;ecrit;"fr";2026-09-03;2026-09-07;;"Magnitude neuf virgule cinq : la planète entière a vibré comme une cloche pendant des jours et le tsunami a tué au Japon.";"Le séisme de 1960 à Valdivia est un mégaséisme qui a eu lieu le 22 mai 1960 à 19 h 11 UTC. Sa magnitude, la plus élevée jamais enregistrée, a été estimée à 9,5."
Q42313338;cosmos;"1I/ʻOumuamua";"1I/ʻOumuamua";"phare+saviez";8;5;ecrit;"fr";2026-09-03;2026-09-07;;"Le premier objet venu d'un autre système solaire, reparti avant qu'on ait pu le regarder correctement.";"1I/ʻOumuamua (prononcé en hawaïen [ʔowˈmuwəˈmuwə]), à l'origine C/2017 U1 (PANSTARRS) puis A/2017 U1, est un petit corps interstellaire repéré le 19 octobre 2017 par le télescope Pan-STARRS 1 installé sur l'observatoire du Haleakalā, à Hawaï, alors qu'il se trouvait à environ 0,2 unité astronomique (30 millions de kilomètres) de la Terre."
Q229318;cosmos;"3C 273";"3C 273";"phare";8;4;ecrit;"fr";2026-09-03;2026-09-07;;"Si ce quasar était à 33 années-lumière, il brillerait autant que le Soleil dans notre ciel — il est à 2,4 milliards d'années-lumière.";"3C 273 est un quasar situé dans la constellation zodiacale de la Vierge. C'est le quasar le plus brillant du ciel, avec une magnitude apparente de +12,9, et l'un des plus proches, son décalage vers le rouge valant 0,158."
Q387728;vivant;"Abeille africanisée";"Africanized bee";"phare";8;3;ecrit;"fr";2026-09-03;2026-09-07;;"Vingt-six reines africaines échappées d'un laboratoire brésilien en 1957 ont produit une lignée qui a colonisé un continent entier.";"L’abeille africanisée, appelée aussi abeille tueuse, est le nom donné à une lignée hybride d'abeilles née d'un croisement entre des reines de la sous-espèce africaine Apis mellifera scutellata et des abeilles Apis mellifera ligustica et Apis mellifera iberiensis."
Q5309982;vivant;"Abeille japonaise";"Apis cerana japonica";"phare+saviez";8;2;publie;"fr";2026-09-03;;2026-09-05;"Les abeilles japonaises entourent le frelon intrus par centaines et vibrent jusqu'à quarante-sept degrés : elles supportent cette chaleur, lui non.";"L'Abeille japonaise (Apis cerana japonica) ou Abeille du Japon, est une abeille à miel native du Japon. Elle est une sous-espèce de l'abeille asiatique."
Q384291;terre;"";"Aberfan disaster";"phare";8;4;a-ecrire;"";2026-09-03;;;"Un terril détrempé a glissé sur une école galloise un matin d'octobre 1966 et tué cent seize enfants en classe.";"La catastrophe d'Aberfan est le glissement d'un pan d'un terril à Aberfan, petit village du sud du pays de Galles, le 21 octobre 1966, provoquant la mort de 144 personnes, dont 116 enfants."
Q28501620;histoire;"Acali";"Acali";"phare";8;5;ecrit;"fr";2026-09-03;2026-09-07;;"En 1973, un anthropologue a embarqué onze inconnus sur un radeau pendant trois mois pour observer la violence et la sexualité; il ne s'est presque rien passé.";"L'expédition Acali, aussi appelée l'expérience Acali, ou encore le Sex Raft (« radeau du sexe »), est une expérience sociale ayant eu lieu en 1973 dont le but était d'observer les relations entre des personnes dans un espace limité et isolées de la société."
Q2822496;vivant;"";"Acanthaspis petax";"phare";8;0;publie;"fr";2026-09-03;;2026-09-05;"Cette punaise assassine colle sur son dos les cadavres vidés des fourmis qu'elle a tuées, jusqu'à vingt, pour se déguiser en tas d'ordures.";"Acanthaspis petax est une espèce de punaises de la famille des réduves qui a comme principale caractéristique de sucer le sang et la chair de ses victimes."
Q338613;sciences;"";"Aeolipile";"phare";8;3;a-ecrire;"";2026-09-03;;;"Une turbine à vapeur tournait déjà à Alexandrie au premier siècle ; on l'a rangée au rayon des jouets pendant mille sept cents ans.";"L'éolipyle ou éolipile (latin : æolipila ; « boule d'Éole », « sphère de vent ») est une machine à vapeur et à réaction conçue par Héron d'Alexandrie (Ier siècle apr."
Q2638301;vivant;"Æpyornis";"Aepyornis";"phare+saviez";8;1;ecrit;"fr";2026-09-03;2026-09-07;;"Cet oiseau malgache de trois mètres pondait des œufs de neuf litres, capables de contenir le contenu de cent cinquante œufs de poule.";"L'Æpyornis ou Oiseau-éléphant (genre éteint Aepyornis, du (grec ancien : αἰπύς / aipus) « immense » et du (grec ancien : ὄρνις / ornis) « oiseau ») est un oiseau géant, faisant partie des ratites (autruches, émeus, nandous…)."
Q465744;histoire;"Affaire du collier de la reine";"Affair of the Diamond Necklace";"phare";8;6;ecrit;"fr";2026-09-03;2026-09-07;;"Une escroquerie autour d'un collier de diamants que Marie-Antoinette n'avait jamais commandé a détruit sa réputation, puis contribué à emporter la monarchie.";"L'affaire du collier de la reine est une affaire d'escroquerie qui s'est déroulée de 1784 à 1786 à la cour de France. Montée par Madame de La Motte, une noble sans fortune, elle a eu pour victime l'un des plus hauts prélats du royaume, le cardinal de Rohan, évêque de Strasbourg et grand aumônier de France."
Q85501541;histoire;"Affaire Martin Guerre";"Martin Guerre case";"phare";8;3;publie;"fr";2026-09-03;;2026-09-05;"Un homme a pris la place d'un paysan disparu, vécu trois ans avec sa femme, et n'a été démasqué au procès que par le retour du vrai mari unijambiste.";"L'affaire Martin Guerre est une affaire judiciaire d'usurpation d'identité, jugée à Toulouse en 1560, qui a dès cette époque suscité un vif intérêt. Martin Guerre, paysan d'Artigat dans le comté de Foix, qui avait quitté son village et sa famille, dépose plainte contre Arnaud du Tilh qui a usurpé son identité pendant trois ans, trompant même son épouse, Bertrande de Rols."
Q279012;mysteres;"";"Agloe, New York";"insolite+phare+saviez";8;0;publie;"fr";2026-09-03;;2026-09-05;"Ce village n'existait pas : inventé par des cartographes pour piéger les copieurs, il est devenu réel quand quelqu'un y a bâti un magasin.";"Agloe était dans un premier temps une ville imaginaire de l'État de New York dans les montagnes Catskill, avant que son nom soit adopté comme toponyme réel."
Q220322;esprit;"Agnosie";"Agnosia";"phare";8;0;ecrit;"fr";2026-09-03;2026-09-07;;"Incapable de dire l'orientation d'une fente, une patiente y glissait pourtant une carte du premier coup : voir et agir empruntent deux circuits séparés.";"L'agnosie est l'incapacité de reconnaître certains stimuli en l'absence de déficits sensoriels primaires comme la cécité ou la surdité par exemple. Il s'agit d'une affection neurologique caractérisée par la perte d'informations qui permettent d'interpréter certains types de sensations reçues."
Q4704027;esprit;"";"Al Herpin";"phare";8;0;a-ecrire;"";2026-09-03;;;"Ce New-Jersiais aurait passé sa vie sans jamais dormir, se contentant de se balancer dans un fauteuil jusqu'au matin.";"Al Herpin (January 1, 1862 in Paris – January 3, 1947) was an American known as the ""Man Who Never Slept"". Al Herpin, who lived in Trenton, New Jersey, claimed to have never slept."
Q126708884;sciences;"";"Alan MacMasters hoax";"insolite+saviez";8;4;publie;"fr";2026-09-03;;2026-09-05;"Alan MacMasters — Connu pour être l'inventeur du grille-pain, sa notoriété lui a valu d'être sélectionné sur les billets de 50 £ contre Alan Turing, bien que ce ne soit qu'un canular.";"Alan MacMasters est un personnage fictif créé sur le Wikipédia en anglais, dépeint comme l'inventeur du grille-pain électrique. Ce canular a duré environ 10 ans et a été révélé en 2022."
Q174979;cosmos;"Alan Shepard";"Alan Shepard";"phare+saviez";8;0;ecrit;"fr";2026-09-03;2026-09-07;;"Il a frappé deux balles de golf sur la Lune avec une tête de club cachée dans une chaussette.";"Alan Bartlett Shepard Jr., né le 18 novembre 1923 à Derry (New Hampshire) et mort le 21 juillet 1998 à Pebble Beach (Californie), est un aviateur naval, pilote d'essai, astronaute et homme d'affaires américain."
Q7251;sciences;"Alan Turing";"Alan Turing";"phare+saviez";8;4;ecrit;"fr";2026-09-03;2026-09-07;;"Il a posé les fondations de l'informatique et cassé des codes qui ont raccourci une guerre, mais son travail est resté classé secret cinquante ans.";"Alan Mathison Turing, né le 23 juin 1912 à Londres et mort le 7 juin 1954 à Wilmslow, est un mathématicien et cryptologue britannique, auteur de travaux qui fondent scientifiquement l'informatique."
Q1997428;cosmos;"Albert II (singe)";"Albert II (monkey)";"phare";8;5;ecrit;"fr";2026-09-03;2026-09-07;;"Premier singe à franchir la frontière de l'espace en 1949, il a survécu au vol mais pas au parachute défaillant du retour.";"Albert II est un singe macaque rhésus mâle qui fut le premier primate et le premier mammifère à voyager dans l'espace. Il s'est envolé de la base aérienne de Holloman au Nouveau-Mexique, aux États-Unis, jusqu'à une altitude de 134 km à bord d'une fusée-sonde américaine V2 le 14 juin 1949."
Q37064;sciences;"Alexander Fleming";"Alexander Fleming";"phare";8;0;a-ecrire;"";2026-09-03;;;"Il a refusé de breveter la pénicilline et annonçait dès 1945 l'apparition de bactéries devenues résistantes par usage négligent.";"Alexander Fleming est un médecin, biologiste et pharmacologue britannique, né le 6 août 1881 à Darvel, Ayrshire en Écosse et mort le 11 mars 1955 à Londres. Il a publié de nombreux articles concernant la bactériologie, l'immunologie et la chimiothérapie."
Q223797;histoire;"Alexander Selkirk";"Alexander Selkirk";"phare+saviez";8;0;ecrit;"fr";2026-09-03;2026-09-07;;"Il a demandé lui-même à être laissé sur une île déserte, et y est resté quatre ans et quatre mois.";"Alexander Selkirk , né en 1676 à Lower Largo dans le comté de Fife du royaume d'Écosse, et mort le 13 décembre 1721 au large de Cape Coast au Ghana, est un marin écossais."
Q23810;histoire;"Alfred Nobel";"Alfred Nobel";"phare+saviez";8;0;ecrit;"fr";2026-09-03;2026-09-07;;"Un journal a publié sa nécrologie par erreur en le traitant de marchand de mort, et il a créé ses prix pour changer cela.";"Alfred Bernhard Nobel /'alfrəd 'bɛɳhɑ:ɖ noˈbɛ:l /, né le 21 octobre 1833 à Stockholm en Suède et mort le 10 décembre 1896 à Sanremo en Italie, est un chimiste, industriel et fabricant d'armes suédois."
Q160627;sciences;"Alfred Russel Wallace";"Alfred Russel Wallace";"phare+saviez";8;4;ecrit;"fr";2026-09-03;2026-09-07;;"Une lettre venue d'Indonésie décrivant la sélection naturelle a forcé Darwin à publier en quelques semaines vingt ans de manuscrits gardés au tiroir.";"Alfred Russel Wallace (8 janvier 1823 – 7 novembre 1913) est un naturaliste, géographe, explorateur, anthropologue et biologiste britannique. Il a mis au point la théorie de l'évolution par la sélection naturelle au même moment que Charles Darwin."
Q13080;cosmos;"Algol (étoile)";"Algol";"phare";8;1;ecrit;"fr";2026-09-03;2026-09-07;;"Les Égyptiens notaient déjà son clignotement tous les 2,86 jours, trois mille ans avant qu'on comprenne pourquoi.";"Algol, également nommée Beta Persei dans la désignation de Bayer (ou Bêta de Persée en français, en abrégé β Per) est une étoile variable à éclipses de la constellation de Persée, de deuxième magnitude, qui varie périodiquement tous les 2 jours et 21 heures environ."
Q18413622;sciences;"Algorithme de Kaprekar";"Kaprekar's routine";"phare";8;3;a-ecrire;"";2026-09-03;;;"Prenez un nombre de quatre chiffres, soustrayez ses versions rangées dans les deux sens, recommencez : en sept coups au plus, vous tombez sur 6174.";"En mathématiques, l’algorithme de Kaprekar est un algorithme qui transforme un nombre entier en un autre, de façon répétitive jusqu'à arriver à un cycle. Il fut découvert en 1949 par le mathématicien indien Dattatreya Ramachandra Kaprekar pour les nombres de quatre chiffres, mais il peut être généralisé à tous les nombres."
Q4724992;esprit;"";"Ali Maow Maalin";"phare";8;0;a-ecrire;"";2026-09-03;;;"Dernier malade de la variole naturelle sur Terre en 1977, il a ensuite passé sa vie à vacciner des enfants contre la polio.";"Ali Maow Maalin (Somali: Cali Macow Macallin; also Mao Moallim and Mao' Mo'allim; 1954 – 22 July 2013) was a Somali hospital cook and health worker from Merca who is the last person known to have been infected with naturally occurring Variola minor smallpox."
Q1200582;arts;"Alphabet déséret";"Deseret alphabet";"phare+saviez";8;1;ecrit;"fr";2026-09-03;2026-09-07;;"Les mormons de l'Utah ont imprimé livres et journaux dans un alphabet inventé pour eux, puis l'ont abandonné en vingt ans.";"L’alphabet déséret (en déséret : 𐐔𐐯𐑅𐐨𐑉𐐯𐐻 ou 𐐔𐐯𐑆𐐲𐑉𐐯𐐻) est une réforme phonologique de l’orthographe de l’anglais développée au milieu du XIXe siècle par le conseil des régents de l’Université du Deseret (plus tard l’université de l'Utah) avec l'aide d'un comité désigné par la Première Présidence (Église SDJ) (en)."
Q1164926;arts;"Alphabet méroïtique";"Meroitic script";"phare";8;1;a-ecrire;"";2026-09-03;;;"On sait prononcer chaque signe de cette écriture soudanaise depuis 1909, mais on ignore toujours ce que les phrases veulent dire.";"L’alphabet méroïtique est un alphabet utilisé pour écrire le méroïtique, langue parlée dans le royaume de Koush — dans le nord de l’actuel Soudan — depuis la fin du IIIe siècle av."
Q4745886;arts;"Ames (Stradivarius)";"Ames Stradivarius";"phare";8;1;a-ecrire;"";2026-09-03;;;"Volé en 1980 dans une loge, le violon n'a reparu que trente-cinq ans plus tard, quand la veuve du voleur l'a fait expertiser.";"Le Ames est un violon daté de 1734, réalisé par le luthier italien Antonio Stradivari de Crémone. C'est l'un des 450 à 700 instruments Stradivari conservés jusqu'à l'époque contemporaine."
Q431224;vivant;"";"Amorphophallus titanum";"phare+saviez";8;3;ecrit;"fr";2026-09-03;2026-09-07;;"Sa fleur de trois mètres chauffe son sommet à la température du corps humain pour propulser une odeur de cadavre à des kilomètres, quelques heures tous les sept ans.";"L’Arum titan, Amorphophallus titanum, également appelé le « phallus de titan », est une espèce de plantes de la famille des Aracées. Son inflorescence est une des plus hautes du monde après celle du tallipot, avec plus de trois mètres (la fleur simple la plus grande étant la Rafflesia)."
Q228;histoire;"Andorre";"Andorra";"phare+saviez";8;2;ecrit;"fr";2026-09-03;2026-09-07;;"Oubliée du traité de Versailles, la principauté est restée techniquement en guerre avec l'Allemagne jusqu'à un accord signé en 1958.";"L'Andorre, en forme longue la principauté d'Andorre (en catalan : Andorra et Principat d’Andorra), est un État d'Europe du Sud et, selon certaines définitions, d'Europe de l'Ouest, en fait d'Europe du Sud-Ouest."
Q58213413;mysteres;"";"Angus Barbieri's fast";"phare+saviez";8;0;publie;"fr";2026-09-03;;2026-09-05;"Cet Écossais n'a rien mangé pendant trois cent quatre-vingt-deux jours, sous surveillance médicale, ne buvant que du thé, du café et des vitamines.";"Angus Barbieri (1938 or 1939 – 7 September 1990) was a Scottish man who fasted for 382 days, from 14 June 1965 to 30 June 1966. He subsisted on tea, coffee, sparkling water, vitamins and yeast extract while living at home in Tayport, Scotland, frequently visiting Maryfield Hospital for medical evaluation."
Q171473;cosmos;"Anneaux d'Uranus";"Rings of Uranus";"phare+saviez";8;2;ecrit;"fr";2026-09-03;2026-09-07;;"On les a découverts par accident, en voyant une étoile clignoter juste avant et juste après le passage de la planète.";"Les anneaux d’Uranus sont un système d’anneaux de la planète Uranus, moins complexes que les anneaux de Saturne, mais plus élaborés que ceux de Jupiter ou de Neptune."
Q209625;terre;"Année sans été";"Year Without a Summer";"phare+saviez";8;3;ecrit;"fr";2026-09-03;2026-09-07;;"En 1816, il a neigé en juin dans le Vermont et gelé en août, ruinant les récoltes de tout l'hémisphère nord.";"L’année sans été désigne l'année 1816, pendant laquelle des perturbations sévères du climat détruisent les récoltes en Europe occidentale et centrale, dans l'Est du Canada et dans le Nord-Est des États-Unis, et dans une grande partie de la Chine."
Q139796;vivant;"";"Anophthalmus hitleri";"insolite+phare+saviez";8;1;publie;"fr";2026-09-03;;2026-09-05;"Ce coléoptère aveugle des grottes slovènes est menacé par les collectionneurs de souvenirs nazis, qui paient des milliers d'euros par exemplaire.";"Anophthalmus hitleri est une espèce de coléoptères cavernicoles de la famille des Carabidae. Endémique de quelques grottes de Slovénie, cette espèce rare fait l'objet de braconnage à cause de son épithète spécifique donnée en hommage au dictateur nazi Adolf Hitler en 1937."
Q4770573;esprit;"";"Ansel Bourne";"phare";8;0;publie;"fr";2026-09-03;;2026-09-05;"Ce prédicateur a disparu, tenu une boutique sous un autre nom pendant deux mois, puis s'est réveillé terrifié sans aucun souvenir de cette vie.";"Ansel Bourne (1826–1910) was a famous 19th-century psychology case due to his experience of a probable dissociative fugue. The case, among the first ever documented, remains of interest as an example of multiple personality and amnesia."
Q191746;cosmos;"Apollo 10";"Apollo 10";"phare";8;4;ecrit;"fr";2026-09-03;2026-09-07;;"Le module lunaire Snoopy a été largué en orbite solaire en 1969 : il erre encore quelque part, sans identification certaine.";"Apollo 10 est un vol spatial habité qui a eu lieu en mai 1969, la quatrième mission avec équipage du programme américain Apollo, et la deuxième, après Apollo 8, à orbiter autour de la Lune."
Q188433;cosmos;"Apollo 12";"Apollo 12";"phare+saviez";8;1;a-ecrire;"";2026-09-03;;;"La fusée a été foudroyée deux fois dans les trente-six premières secondes ; un ingénieur a sauvé la mission en dictant un interrupteur obscur.";"Apollo 12 (14 novembre 1969 - 24 novembre 1969) est la sixième mission spatiale avec équipage du programme Apollo, et la deuxième à se poser sur la Lune. L'équipage se compose de Pete Conrad (commandant), Richard Gordon et Alan Bean."
Q182252;cosmos;"Apollo 13";"Apollo 13";"phare+saviez";8;1;a-ecrire;"";2026-09-03;;;"Trois hommes ont survécu grâce à un filtre à CO2 bricolé avec du carton, du ruban adhésif et une chaussette.";"Apollo 13 (11 avril 1970 - 17 avril 1970) est la troisième mission du programme spatial américain Apollo ayant pour objectif de faire atterrir des hommes sur la Lune."
Q1377706;mysteres;"Archibald Belaney (Grey Owl)";"Grey Owl";"phare";8;1;a-ecrire;"";2026-09-03;;;"Ce célèbre défenseur canadien de la nature, présenté comme métis apache, s'est révélé à sa mort en 1938 être un Anglais du Sussex.";"Grey Owl (ou Wa-sha-quon-asin, du mot ojibwé signifiant « chouette cendrée » ou « chouette grise »), pseudonyme d’Archibald Stansfeld Belaney (18 septembre 1888 – 13 avril 1938) et nom adopté lorsque celui-ci s’inventa une identité amérindienne à l’âge adulte, est un écrivain et l’un des tout premie"
Q6950605;sciences;"";"Ariane flight V88";"phare+saviez";8;5;a-ecrire;"";2026-09-03;;;"Trente-sept secondes après le décollage, la fusée s'est autodétruite à cause d'un code recyclé qui logeait un grand nombre dans une case trop petite.";"Le vol 501 est le vol inaugural du lanceur européen Ariane 5, qui a eu lieu le 4 juin 1996. Il s'est soldé par un échec, causé par un dysfonctionnement informatique, qui vit la fusée se briser et exploser en vol seulement 36,7 secondes après le décollage."
Q140188;cosmos;"Aristarque de Samos";"Aristarchus of Samos";"phare+saviez";8;0;a-ecrire;"";2026-09-03;;;"Dix-huit siècles avant Copernic, il plaçait le Soleil au centre et jugeait déjà les étoiles inimaginablement lointaines.";"Aristarque de Samos, en grec ancien Ἀρίσταρχος, né à Samos, en Grèce, est un astronome et mathématicien actif dans la première partie du IIIe siècle av. J.-C. On dispose de très peu d'informations biographiques, certains historiens estiment qu'il serait né vers 310 av."
Q47672;arts;"Armée de terre cuite";"Terracotta Army";"phare+saviez";8;2;a-ecrire;"";2026-09-03;;;"Les huit mille soldats étaient peints de couleurs vives, mais la peinture s'écaille en quelques minutes au contact de l'air.";"L'armée de terre cuite (兵马俑, bīngmǎ yǒng, « figurines de guerriers et de chevaux enterrés avec les morts »), ou armée d'argile, est un ensemble de près de huit mille statues de soldats et chevaux en terre cuite, représentant les troupes de Qin Shi Huang, le premier empereur de Chine."
Q182040;esprit;"Aspartame";"Aspartame";"phare+saviez";8;2;a-ecrire;"";2026-09-03;;;"Un chimiste s'est léché le doigt pour tourner une page et a découvert un édulcorant deux cents fois plus sucré que le sucre.";"L'aspartame est un édulcorant artificiel découvert en 1965. C'est un dipeptide composé de deux acides aminés naturels, l'acide L-aspartique et la L-phénylalanine, ce dernier sous forme d'ester méthylique."
Q431214;histoire;"Atlantropa";"Atlantropa";"phare+saviez";8;2;a-ecrire;"";2026-09-03;;;"Un architecte allemand a sérieusement proposé de barrer Gibraltar pour abaisser la Méditerranée de deux cents mètres et gagner des terres agricoles.";"L'Atlantropa, également appelé Panropa, était un gigantesque projet d'ingénierie et de colonisation conçu par l'architecte allemand Herman Sörgel dans les années 1920 et promu par lui jusqu'à sa mort, en 1952."
Q323325;arts;"Ayapaneco";"Ayapa Zoque";"phare";8;2;a-ecrire;"";2026-09-03;;;"Les deux derniers locuteurs de cette langue mexicaine habitaient à cinq cents mètres l'un de l'autre et refusaient de se parler.";"L’ayapaneco (autonyme Nnumte Oote, « la vraie langue ») est une langue indigène mexicaine en voie de disparition de la famille mixe-zoque. Les noms alternatifs de la langue sont « zoque du Tabasco » et « zoque d’Ayapa »."
Q244959;histoire;"Baerle-Duc";"Baarle-Hertog";"insolite+phare+saviez";8;1;a-ecrire;"";2026-09-03;;;"La frontière belgo-néerlandaise traverse des maisons et des cafés, et l'emplacement d'une porte d'entrée décide dans quel pays vous habitez.";"Baerle-Duc (prononcé [baʁl dyk] ; en néerlandais : Baarle-Hertog) est une commune néerlandophone de Belgique située en Région flamande dans la province d’Anvers et située partiellement dans la province néerlandaise du Brabant-Septentrional."
Q181857;terre;"Baie de Fundy";"Bay of Fundy";"phare+saviez";8;0;a-ecrire;"";2026-09-03;;;"La marée y monte de seize mètres deux fois par jour, soit la hauteur d'un immeuble de cinq étages.";"La baie de Fundy (prononciation : fun-di ou bien fun-day), originellement la baie Française à l'époque de l'Acadie et de la Nouvelle-France, est un bras de mer situé en bordure de l'océan Atlantique sur la côte sud-est du Canada, à l’extrémité nord du golfe du Maine, entre les provinces du Nouveau-Brunswick et de Nouvelle-Écosse."
Q146578;sciences;"Bakélite";"Bakelite";"phare";8;2;a-ecrire;"";2026-09-03;;;"Le premier plastique entièrement synthétique était si stable qu'il ne refond jamais, ce qui le rend aujourd'hui presque impossible à recycler.";"La Bakélite, développée entre 1907 et 1909 par le chimiste belge Leo Baekeland (d'où son nom), fut le premier plastique fait de polymères synthétiques du benzène sous solvants."
Q174652;vivant;"Balaena mysticetus";"Bowhead whale";"phare+saviez";8;0;a-ecrire;"";2026-09-03;;;"Des pointes de harpon du XIXe siècle ont été retrouvées dans des individus vivants : certaines dépassent deux cents ans sans presque développer de cancer.";"La Baleine du Groenland (Balaena mysticetus), ou Baleine boréale, est une espèce de mammifères marins de la famille des Balaenidae. C'est la seule espèce du genre Balaena."
Q174651;esprit;"";"Bálint's syndrome";"phare";8;0;a-ecrire;"";2026-09-03;;;"Ces patients ne perçoivent qu'un seul objet à la fois : la fourchette disparaît de leur monde dès qu'ils regardent l'assiette.";"Le syndrome de Balint, décrit en 1909 par Rezső Bálint (en) sous le nom de « paralysie psychique du regard », est un syndrome médical. Il est également connu sous les noms d'apraxie oculomotrice, d'ataxie visuomotrice ou de simultanagnosie."
Q1711677;arts;"Barque solaire de Khéops";"Khufu ship";"phare";8;1;a-ecrire;"";2026-09-03;;;"Un bateau de quarante-trois mètres, démonté en mille deux cent vingt-quatre pièces et enterré intact il y a 4 500 ans.";"La barque solaire de Khéops est un artéfact découvert en 1954 par l'égyptologue égyptien Kamal el-Mallakh dans la nécropole de Gizeh, en Égypte. Il s'agit d'une barque solaire de vingt tonnes, grandeur nature, entreposée démontée dans une fosse au pied de la pyramide de Khéops."
Q808809;sciences;"Barrage de Malpasset";"Malpasset Dam";"phare+saviez";8;3;a-ecrire;"";2026-09-03;;;"La rupture d'un barrage-voûte a vidé cinquante millions de mètres cubes d'eau sur Fréjus en une vingtaine de minutes.";"Le barrage de Malpasset à Fréjus est un barrage voûte, aujourd'hui en ruine, construit sur le Reyran, dernier affluent rive gauche de l'Argens. Sa retenue devait assurer l'alimentation en eau de l'agglomération de Fréjus–Saint-Raphaël (Var), des communes environnantes et de leur plaine agricole."
Q202136;esprit;"Barry Marshall";"Barry Marshall";"insolite+phare+saviez";8;1;a-ecrire;"";2026-09-03;;;"Pour prouver qu'une bactérie causait l'ulcère, un médecin a bu une culture d'Helicobacter pylori, est tombé malade, et a décroché le Nobel.";"Barry Marshall, né le 30 septembre 1951 à Kalgoorlie en Australie-Occidentale, est un médecin australien, professeur de microbiologie clinique à l'université d'Australie-Occidentale."
Q134884;vivant;"Basilosaurus";"Basilosaurus";"phare+saviez";8;1;a-ecrire;"";2026-09-03;;;"Ce nom signifie « roi lézard » : on avait pris pour un reptile marin une baleine de vingt mètres aux petites pattes arrière inutiles.";"Basilosaurus (littéralement « lézard royal » en grec ancien) est un genre fossile de cétacés archaïques et carnivores de très grande taille, ayant vécu vers la fin de l'Éocène, il y a entre −41,3 et −33,9 millions d'années, dans ce qui sera plus tard l'Afrique du Nord et les États-Unis."
Q281965;terre;"Bassin de Sudbury";"Sudbury Basin";"phare";8;1;a-ecrire;"";2026-09-03;;;"Une grande partie du nickel utilisé sur Terre vient d'un astéroïde tombé au Canada il y a 1,85 milliard d'années.";"Le bassin de Sudbury, également connu comme la structure de Sudbury, est une des structures géologiques les plus importantes de la province de l'Ontario au Canada."
Q1366514;vivant;"";"Bathynomus giganteus";"phare";8;0;a-ecrire;"";2026-09-03;;;"Ce cloporte marin de cinquante centimètres peut jeûner plus de cinq ans, comme celui d'un aquarium japonais qui a refusé toute nourriture jusqu'à sa mort.";"Le bathynome géant (Bathynomus giganteus) est une espèce de crustacés isopodes marins de la famille des Cirolanidae."
Q1543914;vivant;"Batrachochytrium dendrobatidis";"Batrachochytrium dendrobatidis";"phare+saviez";8;2;a-ecrire;"";2026-09-03;;;"Ce champignon microscopique a causé le déclin de plus de cinq cents espèces d'amphibiens et l'extinction de quatre-vingt-dix d'entre elles, la pire épidémie animale connue.";"Batrachochytrium dendrobatidis (ou « Bd ») est une espèce de champignons aquatiques (Chytrides, récemment devenue invasive), parasite des amphibiens. Ce champignon pathogène provoque la chytridiomycose, une maladie infectieuse occasionnant la mort des individus infectés en bloquant leurs organes respiratoires (phénomène reconnu depuis 1998, en Australie et au Panama)."
Q661950;histoire;"Bazar de la Charité";"Bazar de la Charité";"phare";8;2;a-ecrire;"";2026-09-03;;;"La lampe d'un projecteur de cinéma a enflammé un vélum en 1897, tuant cent vingt-six personnes, presque toutes des femmes de l'aristocratie.";"L'incendie du Bazar de la Charité désigne communément l'incendie mortel du 4 mai 1897, survenu lors de la 13e édition de cette fête de bienfaisance, dû à la combustion accidentelle de l'éther destiné à l'alimentation de la lampe d'un cinématographe dans une salle de projection accolée au bazar."
Q559463;cosmos;"Beagle 2";"Beagle 2";"phare";8;1;a-ecrire;"";2026-09-03;;;"Perdue sur Mars en 2003, elle a été retrouvée intacte douze ans plus tard : deux panneaux solaires n'avaient simplement pas fini de s'ouvrir.";"Beagle 2 est un petit engin spatial, de type atterrisseur, développé par l'Agence spatiale européenne, qui s'est posé sur la planète Mars le 25 décembre 2003, mais dont la mission a échoué."
Q2895962;mysteres;"Benjaman Kyle";"Benjaman Kyle";"insolite+phare";8;2;a-ecrire;"";2026-09-03;;;"Retrouvé nu et amnésique derrière un fast-food en 2004, il a vécu onze ans sans savoir son propre nom avant qu'un test ADN ne le retrouve.";"Benjaman Kyle est le pseudonyme d'un homme souffrant d'amnésie rétrograde, retrouvé inconscient le 31 août 2004 à Richmond Hill en Géorgie (États-Unis), alors âgé d'environ 55 ans."
Q61742389;cosmos;"Beresheet";"Beresheet";"phare";8;2;ecrit;"fr";2026-09-03;2026-09-07;;"Un atterrisseur israélien s'est écrasé sur la Lune en 2019 en emportant des milliers de tardigrades déshydratés, peut-être encore viables.";"Beresheet, ou Bereshit en français (בְּרֵאשִׁית en hébreu, signifiant Au commencement et premier mot de la Bible), est une petite sonde spatiale développée par une équipe d'ingénieurs et techniciens israéliens réunis au sein de la société israélienne SpaceIL créée pour tenter de remporter le Google Lunar X Prize."
Q3270204;arts;"Bibliopégie anthropodermique";"Anthropodermic bibliopegy";"insolite+phare+saviez";8;2;a-ecrire;"";2026-09-03;;;"Des bibliothèques conservent des livres reliés en peau humaine, parfois celle du condamné dont le procès est raconté à l'intérieur.";"La bibliopégie anthropodermique est la pratique qui consiste à relier des livres avec de la peau humaine."
Q50711;arts;"Bibliothèque Anna Amalia";"Duchess Anna Amalia Library";"phare";8;0;a-ecrire;"";2026-09-03;;;"Un incendie en 2004 a laissé des dizaines de milliers de volumes calcinés, que des restaurateurs recomposent encore fragment par fragment.";"La bibliothèque Anna Amalia (en allemand : Herzogin Anna Amalia Bibliothek), nommée d'après la duchesse Anne-Amélie de Brunswick, est une bibliothèque située à Weimar, en Allemagne."
Q857320;cosmos;"";"Biela's Comet";"phare";8;0;ecrit;"fr";2026-09-03;2026-09-07;;"Coupée en deux sous les yeux des astronomes, elle a disparu, puis est revenue en pluie d'étoiles filantes spectaculaire.";"La comète Biela ou comète de Biela, dont la désignation officielle est 3D/Biela, est une comète périodique qui fut observée pour la première fois en 1772 à Limoges."
Q219660;arts;"Bleu outremer";"Ultramarine";"phare+saviez";8;2;a-ecrire;"";2026-09-03;;;"Broyé à partir de lapis-lazuli afghan, il coûtait plus cher que l'or, et les contrats fixaient la quantité que le peintre pouvait employer.";"Le bleu outremer ou outremer est un bleu profond basé sur le pigment thiosulfate d'aluminosilicate de sodium identifié dans le Colour Index sous le code PB29. Historiquement obtenu par broyage de la pierre fine de lapis-lazuli et parmi les plus chers des pigments, sa synthèse au XIXe siècle en a fait un des moins coûteux."
Q444752;arts;"";"Boa Sr";"phare";8;2;a-ecrire;"";2026-09-03;;;"À sa mort en 2010, une langue des îles Andaman vieille de dizaines de milliers d'années s'est éteinte avec elle.";"Boa Sr., née vers 1925 sur les îles Andaman-et-Nicobar dans le Raj britannique de l'Empire britannique et morte le 26 janvier 2010 à Port Blair en Inde, est une indienne Grande Andamanaise, dernière locutrice de l'aka-bo."
Q891027;terre;"";"Boiling Lake";"insolite+phare";8;1;a-ecrire;"";2026-09-03;;;"Ce lac de la Dominique bout littéralement à son centre, atteignant quatre-vingt-douze degrés au bord, et s'est parfois vidé sans prévenir.";"Boiling Lake est un lac de la Dominique. Avec une température de l'eau dépassant 82 °C, il s'agit du deuxième plus grand lac en ébullition du monde, après le Frying Pan Lake de Nouvelle-Zélande."
Q402;sciences;"Boson de Higgs";"Higgs boson";"phare+saviez";8;1;a-ecrire;"";2026-09-03;;;"Le surnom de « particule de Dieu » vient d'un éditeur qui a refusé le titre d'origine, nettement plus grossier, proposé par l'auteur.";"Le boson de Higgs, ou boson BEH, est une particule élémentaire du modèle standard de la physique des particules produite par l'excitation du champ de Higgs, lequel donne leur masse à certaines particules, notamment celles de la matière ordinaire, par le mécanisme de Higgs."
Q4531796;cosmos;"Bouran";"";"phare";8;0;a-ecrire;"";2026-09-03;;;"La navette soviétique a volé une seule fois, entièrement sans pilote, avant d'être broyée par l'effondrement du toit de son hangar.";"Bouran (en ukrainien : Буран, en russe : Энгельсово, Engelsovo) est une commune urbaine de l'oblast de Louhansk, du raïon de Louhansk et de la communauté territoriale de la ville de Molodohvardiïsk, en Ukraine orientale."
Q181974;histoire;"Calendrier républicain";"French Republican calendar";"phare+saviez";8;0;a-ecrire;"";2026-09-03;;;"La France a vécu treize ans avec des semaines de dix jours et des mois nommés brumaire ou thermidor, avant que Napoléon n'y renonce.";"Le calendrier républicain ou calendrier révolutionnaire français est un calendrier créé au cours de la Révolution française par la Convention nationale, assemblée constituante qui, élue durant l'été 1792, instaure la République le 21 septembre."
Q7721113;mysteres;"";"Campden Wonder";"phare";8;0;a-ecrire;"";2026-09-03;;;"Trois personnes ont été pendues en 1660 pour le meurtre d'un homme qui est rentré chez lui deux ans plus tard, vivant, racontant avoir été vendu comme esclave.";"The ""Campden Wonder"" is the name given to events surrounding the return of a man thought to have been murdered in the town of Chipping Campden, Gloucestershire, England, in the 17th century."
Q1031478;cosmos;"Campo del Cielo";"Campo del Cielo";"phare+saviez";8;1;a-ecrire;"";2026-09-03;;;"Les conquistadors ont cru découvrir une mine de fer : c'était une pluie de météorites tombée quatre mille ans plus tôt.";"Le Campo del Cielo est un groupe de météorites trouvées en Argentine. Couvrant une superficie de plusieurs dizaines de km², la zone d'impact (également nommée Campo del Cielo) est criblée d'une vingtaine de cratères créés par la fragmentation d'une même météorite il y a 4 000 à 5 000 ans."
Q461457;histoire;"Canal de la mer Blanche";"White Sea–Baltic Canal";"phare+saviez";8;1;a-ecrire;"";2026-09-03;;;"Staline a fait creuser deux cent vingt-sept kilomètres en vingt mois à la pelle et à la brouette, pour un canal trop peu profond pour ses navires de guerre.";"Le canal de la mer Blanche (en russe : Беломо́рско-Балти́йский кана́л, Belomorsko-Baltiski kanal, en abrégé ББК, BBK, en français canal mer Blanche-Baltique) est un canal reliant la mer Blanche, le lac Onega et le lac Ladoga à la mer Baltique près de Saint-Pétersbourg, depuis le 2 août 1933."
Q2936154;arts;"Canard de Vaucanson";"Digesting Duck";"insolite+phare+saviez";8;3;a-ecrire;"";2026-09-03;;;"Vaucanson exhibait un canard mécanique qui avalait du grain et le « digérait » devant la cour : la digestion était un compartiment truqué.";"Le Canard de Vaucanson, également appelé le Canard digérant, digérateur ou défécateur, est un canard automate, créé par Jacques de Vaucanson vers 1734 et présenté au public en 1739, célèbre tant pour le naturel, la complexité et la diversité de ses mouvements que pour la manière réaliste dont il simule la digestion et la défécation."
Q4894124;histoire;"Canular de Berners Street";"Berners Street hoax";"insolite+phare";8;1;a-ecrire;"";2026-09-03;;;"Un plaisantin a envoyé des milliers de commandes à une même adresse de Londres en 1809, y faisant converger livreurs, médecins, un maire et un archevêque.";"Le canular de Berners Street est perpétré par l'écrivain anglais Theodore Hook à Londres en 1810."
Q70538;sciences;"Carl Wilhelm Scheele";"Carl Wilhelm Scheele";"phare+saviez";8;3;a-ecrire;"";2026-09-03;;;"Il a découvert l'oxygène, le chlore et le manganèse en goûtant systématiquement ses produits, habitude qui l'a probablement tué à quarante-trois ans.";"Carl Wilhelm Scheele (né en décembre 1742 à Stralsund en Poméranie suédoise et mort le 21 mai 1786 à Köping) est un chimiste suédois-allemand. Il est particulièrement connu pour avoir découvert nombre d'éléments et composés chimiques, comme l'oxygène et le chlore."
Q277670;arts;"Carnyx";"Carnyx";"phare+saviez";8;0;a-ecrire;"";2026-09-03;;;"Cette trompette de guerre gauloise haute de deux mètres se terminait par une gueule de sanglier hurlante, au-dessus des têtes.";"Un carnyx, ou carnynx ou carnux, est un instrument de musique celtique, de la famille des instruments à vent et de la sous-famille des cuivres. Cor de musique celtique à caractère guerrier, en usage à l’Âge du fer (du VIIIe au Ier siècle av."
Q41898;arts;"Carré Sator";"Sator Square";"phare+saviez";8;1;a-ecrire;"";2026-09-03;;;"Cinq mots latins se lisent dans les quatre sens, gravés de Pompéi à l'Angleterre, sans qu'on sache ce qu'ils veulent dire.";"Le carré Sator est un carré magique contenant le palindrome latin SATOR AREPO TENET OPERA ROTAS. Ce carré figure dans plusieurs inscriptions latines, la plus ancienne connue qui a été trouvée à Pompéi ne pouvant être postérieure à l'an 79."
Q1128599;arts;"Carte de Piri Reis";"Piri Reis map";"phare+saviez";8;2;a-ecrire;"";2026-09-03;;;"Une carte ottomane de 1513, dessinée sur peau de gazelle, compilée à partir de sources dont une carte de Colomb aujourd'hui perdue.";"La carte de Piri Reis est une carte ancienne, de style portulan, découverte en 1929 lors de la restauration du palais de Topkapı à Istanbul. Elle est attribuée à l'amiral et cartographe ottoman Piri Reis qui l'aurait tracée en 1513."
Q255819;arts;"Casu martzu";"Casu martzu";"insolite+phare+saviez";8;4;a-ecrire;"";2026-09-03;;;"Ce fromage sarde se mange avec ses larves vivantes, capables de bondir à quinze centimètres quand on les dérange.";"Le casu martzu (aussi appelé en sarde : casu frazigu, casu modde ou casu cundhídu) est un fromage italien de Sardaigne, connu pour être ensemencé par des larves vivantes."
Q486;histoire;"Catastrophe nucléaire de Tchernobyl";"Chernobyl disaster";"phare+saviez";8;0;a-ecrire;"";2026-09-03;;;"L'explosion s'est produite pendant un test de sécurité censé vérifier ce qui arriverait en cas de panne de courant.";"La catastrophe nucléaire de Tchernobyl (/tʃɛʁnɔbil/) est un accident nucléaire majeur survenu le samedi 26 avril 1986 à 1 h 23 min 45 s dans le réacteur no 4 de la centrale nucléaire V.I."
Q4176;arts;"Cathédrale de Cologne";"Cologne Cathedral";"phare+saviez";8;0;a-ecrire;"";2026-09-03;;;"Interrompue trois siècles, elle a été achevée d'après les plans médiévaux retrouvés, avec la grue restée plantée en haut de la tour.";"La cathédrale de Cologne (en allemand: Kölner Dom, prononcé: /ˌkœlnɐ ˈdoːm/, ? Écouter [Fiche], de son nom plus officiel Hohe Domkirche St."
Q418404;esprit;"CCR5";"CCR5";"phare";8;0;a-ecrire;"";2026-09-03;;;"Une personne d'origine européenne sur cent porte une serrure cassée qui empêche purement et simplement le VIH d'entrer dans ses cellules.";"Le récepteur à C-C chimiokine de type 5 (CCR5), aussi connu sous le nom de CD195, est une protéine de la surface des leucocytes impliquée dans l'immunité : il agit comme un récepteur de chimiokines."
Q627471;arts;"Ceci n'est pas un film";"This Is Not a Film";"phare+saviez";8;1;ecrit;"fr";2026-09-03;2026-09-07;;"Interdit de tourner par l'Iran, Panahi a filmé son assignation à résidence et fait sortir le fichier caché dans un gâteau.";"This Is Not a Film (Persian: In film nist - این فیلم نیست) is an Iranian documentary film by Jafar Panahi and Mojtaba Mirtahmasb. It was released on 28 September 2011 in France, distributed by Kanibal Films Distribution."
Q234909;sciences;"Cecilia Payne-Gaposchkin";"Cecilia Payne-Gaposchkin";"phare+saviez";8;0;ecrit;"fr";2026-09-03;2026-09-07;;"Elle a découvert que les étoiles sont faites d'hydrogène, et on l'a convaincue d'écrire dans sa thèse que ce résultat était sûrement faux.";"Cecilia Payne-Gaposchkin (born Cecilia Helena Payne; (1900-05-10)May 10, 1900 – (1979-12-07)December 7, 1979) was a British-born American astronomer and astrophysicist."
Q2464312;esprit;"Cerveau d'Albert Einstein";"Brain of Albert Einstein";"phare+saviez";8;0;ecrit;"fr";2026-09-03;2026-09-07;;"Le pathologiste l'a emporté sans autorisation, découpé en 240 blocs, et gardé des décennies dans des bocaux à cidre.";"The brain of Albert Einstein has been a subject of much research and speculation. Albert Einstein's brain was removed shortly after his death."
Q332774;sciences;"Chambre anéchoïque";"Anechoic chamber";"phare+saviez";8;0;ecrit;"fr";2026-09-03;2026-09-07;;"Dans la pièce la plus silencieuse du monde, on entend ses articulations et le sang dans ses oreilles ; presque personne n'y tient une heure.";"An anechoic chamber (an-echoic meaning ""non-reflective"" or ""without echoes"") is a room designed to stop reflections or echoes of either sound or electromagnetic waves."
Q1412616;vivant;"";"Channichthyidae";"phare+saviez";8;0;publie;"fr";2026-09-03;;2026-09-05;"Ces poissons antarctiques ont un sang blanc et transparent : ils sont les seuls vertébrés à vivre sans une seule molécule d'hémoglobine.";"The crocodile icefish or white-blooded fish comprise a family (Channichthyidae) of notothenioid fish found in the Southern Ocean around Antarctica. They are one of the few known vertebrates to lack hemoglobin in their blood as adults."
Q663109;histoire;"Charivari (rituel)";"Charivari";"insolite+phare+saviez";8;0;ecrit;"fr";2026-09-03;2026-09-07;;"On réveillait les veufs remariés à coups de casseroles et de cornes des nuits entières, jusqu'à ce qu'ils paient à boire à tout le village.";"Charivari (, UK also , US also , alternatively spelled shivaree or chivaree and also called a skimmington) was a European and North American folk custom designed to shame a member of the community, in which a mock parade was staged through the settlement accompanied by a discordant mock serenade."
Q207667;sciences;"";"Charles Goodyear";"phare";8;1;a-ecrire;"";2026-09-03;;;"Il a trouvé la vulcanisation en laissant tomber son mélange sur un poêle brûlant, et est mort en laissant deux cent mille dollars de dettes.";"Charles Goodyear, né à New Haven (États-Unis) le 29 décembre 1800 et mort à New York (États-Unis) le 1er juillet 1860, est un chimiste américain célèbre pour l'invention de la vulcanisation, qui est à la base de nombreuses applications industrielles du caoutchouc."
Q36174;histoire;"Charles II (roi d'Espagne)";"Charles II of Spain";"insolite+phare";8;0;ecrit;"fr";2026-09-03;2026-09-07;;"Produit de six générations de mariages consanguins, il pouvait à peine mâcher, et son autopsie n'aurait trouvé presque aucune goutte de sang.";"Charles II (6 November 1661 – 1 November 1700) was King of Spain from 1665 to 1700. The last monarch from the House of Habsburg, which had ruled Spain since 1516, his death without children resulted in the 1701 to 1714 War of the Spanish Succession."
Q360145;histoire;"Charles Ponzi";"Charles Ponzi";"phare+saviez";8;2;ecrit;"fr";2026-09-03;2026-09-07;;"Il promettait cinquante pour cent en quarante-cinq jours grâce à des coupons-réponses postaux, et payait les anciens clients avec l'argent des nouveaux.";"Charles Ponzi (; Italian: [ˈpontsi]; born Carlo Pietro Giovanni Guglielmo Tebaldo Ponzi; 3 March 1882 – 18 January 1949) was an Italian charlatan and con artist who operated in the United States and Canada."
Q5083115;histoire;"";"Charles Vance Millar";"phare";8;0;publie;"fr";2026-09-03;;2026-09-05;"Un avocat canadien a légué sa fortune à la Torontoise qui ferait le plus d'enfants en dix ans, et quatre mères se sont partagé le magot en 1936.";"Charles Vance Millar (June 28, 1854 – October 31, 1926) was a Canadian lawyer and financier. He was the president and part-owner of the Toronto brewery of O'Keefe Brewery."
Q468452;sciences;"Chester Carlson";"Chester Carlson";"phare";8;1;a-ecrire;"";2026-09-03;;;"Vingt entreprises ont refusé la photocopie, jugée sans avenir puisque le papier carbone existait déjà et ne coûtait rien.";"Chester Floyd Carlson (né le 8 février 1906 à Seattle, mort le 19 septembre 1968) est un physicien américain, avocat de brevets et inventeur, connu pour avoir inventé en 1938 l'électrophotographie, qui produit une copie ""sèche"", permettant l'essor de la photocopie, la télécopie et l'impression laser."
Q284681;sciences;"Chicago Pile-1";"Chicago Pile-1";"phare+saviez";8;1;ecrit;"fr";2026-09-03;2026-09-07;;"La première réaction en chaîne contrôlée a été obtenue sous les gradins d'un stade universitaire, en pleine ville, sans aucune enceinte de confinement.";"Chicago Pile-1 (CP-1) was the first artificial nuclear reactor. On 2 December 1942, the first human-made self-sustaining nuclear chain reaction was initiated in CP-1 during an experiment led by Enrico Fermi."
Q450317;sciences;"Chien-Shiung Wu";"Chien-Shiung Wu";"phare+saviez";8;0;a-ecrire;"";2026-09-03;;;"Son expérience a prouvé que l'univers distingue la gauche de la droite ; le Nobel est allé aux deux théoriciens qui étaient venus la solliciter.";"Chien-Shiung Wu (chinois simplifié : 吴健雄 ; chinois traditionnel : 吳健雄 ; pinyin : Wú Jiànxíong), née le 31 mai 1912 à Shanghai et morte le 16 février 1997 à New York, est une physicienne sino-américaine, spécialiste de physique nucléaire."
Q39599;sciences;"Christian Huygens";"Christiaan Huygens";"phare+saviez";8;0;a-ecrire;"";2026-09-03;;;"Pour dater ses découvertes sans les révéler à ses rivaux, il publiait des anagrammes que personne ne pouvait déchiffrer avant lui.";"Christiaan Huygens (/ˈkrɪstijaːn ˈɦœyɣə(n)s/), Christianus Hugenius en latin et Christian Huygens en français, né le 14 avril 1629 à La Haye (dans les Provinces-Unies) et mort le 8 juillet 1695 dans la même ville, est un mathématicien, astronome et physicien néerlandais."
Q965491;arts;"Cimetière joyeux de Săpânța";"Merry Cemetery";"phare+saviez";8;0;a-ecrire;"";2026-09-03;;;"Les croix de bois peintes en bleu y racontent en vers drôles, parfois féroces, comment chaque villageois est réellement mort.";"Le Cimetière joyeux de Săpânța (en roumain : Cimitirul Vesel din Săpânța) se situe dans la commune de Săpânța (județ de Maramureș) au nord de la Roumanie."
Q24815;arts;"Citizen Kane";"Citizen Kane";"phare+saviez";8;0;a-ecrire;"";2026-09-03;;;"Le magnat visé a tenté de racheter le négatif pour le brûler et a interdit à tous ses journaux de mentionner le film.";"Citizen Kane, ou Citoyen Kane au Québec, est un film dramatique américain, réalisé par Orson Welles et sorti en 1941. Considéré comme le plus grand film de tous les temps, ou du moins, comme un des plus grands, c'est une des œuvres qui a eu, semble-t-il, la plus grande influence dans l'histoire du cinéma."
Q19670712;cosmos;"CK Vulpeculae";"CK Vulpeculae";"phare";8;2;ecrit;"fr";2026-09-03;2026-09-07;;"L'étoile nouvelle observée en 1670 par les astronomes européens n'a été comprise qu'en 2018 : deux étoiles s'étaient percutées.";"CK Vulpeculae (also Nova Vulpeculae 1670) is an object whose exact nature is unknown. It was once considered to be the oldest reliably-documented nova."
Q2979328;esprit;"Clint Hallam";"Clint Hallam";"phare";8;2;a-ecrire;"";2026-09-03;;;"Premier greffé d'une main, il a fini par exiger qu'on la lui coupe : il ne l'avait jamais reconnue comme sienne.";"Clint Hallam, né en Nouvelle-Zélande vers 1951, a été le premier greffé de la main. Alors qu'il purge une peine de deux ans de prison pour escroquerie, il se tranche accidentellement la main avec la scie circulaire de l'atelier."
Q190232;cosmos;"";"Clyde Tombaugh";"phare+saviez";8;0;ecrit;"fr";2026-09-03;2026-09-07;;"Fils de fermier sans diplôme universitaire, il a comparé des millions de points sur des plaques photographiques jusqu'à trouver Pluton.";"Clyde William Tombaugh (; February 4, 1906 – January 17, 1997) was an American astronomer and telescope maker, best known for discovering Pluto in 1930, marking the first detection of what would eventually be recognized as the Kuiper belt."
Q212180;arts;"Codex Gigas";"Codex Gigas";"phare+saviez";8;1;a-ecrire;"";2026-09-03;;;"Un seul moine aurait copié cette bible d'un mètre de haut en une nuit, aidé par le diable qu'il a peint dedans.";"Le Codex Gigas (du grec Gigas signifiant « géant ») est un manuscrit médiéval écrit au XIIIe siècle par un moine bénédictin du monastère de Podlažice en Bohême et qui se trouve maintenant dans la Bibliothèque nationale de Suède."
Q59166;mysteres;"Coelacanthiformes";"Coelacanth";"phare";8;0;a-ecrire;"";2026-09-03;;;"Un poisson que l'on croyait éteint depuis soixante-six millions d'années a été repéré en 1938 sur l'étal d'un pêcheur sud-africain.";"Les Coelacanthiformes (nom scientifique), Cœlacanthiformes (nom scientifique francisé) ou Cœlacanthes (prononcé /se.la.kɑ̃t/) sont un ordre de poissons sarcoptérygiens."
Q10285;arts;"Colisée";"Colosseum";"phare+saviez";8;0;a-ecrire;"";2026-09-03;;;"Un botaniste a recensé plus de quatre cents espèces de plantes dans les ruines, dont des végétaux venus d'Afrique avec les fauves.";"Le Colisée (en italien : Colosseo), à l'origine amphithéâtre Flavien (en latin : Amphitheatrum Flavium), est un amphithéâtre ovoïde situé dans le centre de la ville de Rome, entre l'Esquilin et le Cælius, le plus grand construit dans l'Empire romain."
Q59222;mysteres;"Colonie de Roanoke";"Roanoke Colony";"phare";8;0;a-ecrire;"";2026-09-03;;;"Cent quinze colons disparus, un seul mot gravé sur un poteau : CROATOAN.";"La colonie de Roanoke sur l'île Roanoke dans la Caroline du Nord actuelle fut le tout premier établissement anglais en Amérique, financé et organisé par Sir Walter Raleigh pour le compte d'Élisabeth Ire d'Angleterre dans les années 1580."
Q750209;arts;"Colosses de Memnon";"Colossi of Memnon";"phare+saviez";8;0;a-ecrire;"";2026-09-03;;;"Fissurée par un séisme, l'une des statues chantait à l'aube ; les Romains venaient l'écouter, jusqu'à ce qu'une restauration la fasse taire.";"Les colosses de Memnon sont deux sculptures de pierre monumentales situées sur la rive occidentale de Thèbes, au lieu-dit Kôm el-Hettan, sur la route qui mène à la nécropole thébaine."
Q770597;sciences;"Colossus (ordinateur)";"Colossus computer";"phare";8;0;a-ecrire;"";2026-09-03;;;"Le premier calculateur électronique programmable a été démonté sur ordre et tenu secret trente ans, effaçant l'antériorité britannique de l'histoire.";"Colossus est une série de calculateurs électroniques fondés sur le système binaire."
Q23054;cosmos;"Comète de Halley";"Halley's Comet";"phare+saviez";8;0;ecrit;"fr";2026-09-03;2026-09-07;;"En 1910, on vendait des pilules anticomètes et des masques pour se protéger du cyanogène de sa queue.";"La comète de Halley, dont la désignation officielle est 1P/Halley, est la plus connue de toutes les comètes. Elle est identifiée vers 1700 par Edmond Halley comme étant l'objet céleste apparu en 1531, 1607 et 1682, avec une période de 76 ans."
Q930457;vivant;"";"Common poorwill";"phare";8;2;ecrit;"fr";2026-09-03;2026-09-07;;"Seul oiseau connu à hiberner vraiment, il se cache dans une crevasse de roche pendant des mois avec une température corporelle tombée à cinq degrés.";"L'Engoulevent de Nuttall (Phalaenoptilus nuttallii) est une espèce d'oiseaux de la famille des Caprimulgidae vivant en Amérique du Nord. Il est le seul oiseau capable d'hiberner."
Q220414;vivant;"";"Common Surinam toad";"insolite+phare+saviez";8;1;publie;"fr";2026-09-03;;2026-09-05;"Les œufs de ce crapaud s'enfoncent dans la peau du dos de la femelle, s'y enkystent, et des dizaines de petits crapauds complets en jaillissent des mois plus tard.";"Pipa pipa est une espèce de crapaud de la famille des Pipidae."
Q2031181;sciences;"Constante de Hubble";"Hubble's constant";"phare";8;1;a-ecrire;"";2026-09-03;;;"Deux méthodes de mesure de l'expansion de l'Univers donnent des valeurs incompatibles, et l'écart refuse obstinément de se combler.";"La constante de Hubble, notée H 0 {\displaystyle H_{0}} , est le coefficient de proportionnalité intervenant dans la loi de Hubble-Lemaître, qui relie la distance et la vitesse de récession apparente des galaxies de l'Univers observable (plus une galaxie est éloignée de la Terre, plus elle s'en éloigne vite)."
Q5997;sciences;"Constante de structure fine";"Fine-structure constant";"phare";8;0;a-ecrire;"";2026-09-03;;;"Wolfgang Pauli était obsédé par le nombre 137 ; il est mort dans la chambre d'hôpital qui portait ce numéro.";"La constante de structure fine est la constante de couplage associée à l'interaction électromagnétique. Elle est sans dimension et son interprétation reste un défi pour la physique moderne."
Q244615;sciences;"";"Conway's Game of Life";"insolite+phare";8;2;a-ecrire;"";2026-09-03;;;"Quatre règles sur une grille de cases suffisent à construire un ordinateur complet, et son inventeur détestait qu'on ne lui parle que de ça.";"Le jeu de la Vie (Game of Life) est un automate cellulaire — devenu un jeu de simulation mathématique — imaginé par John Horton Conway en 1970. Malgré des règles très simples, il est Turing-complet."
Q5975413;vivant;"";"Copidosoma floridanum";"phare";8;0;publie;"fr";2026-09-03;;2026-09-05;"Un seul œuf de cette guêpe se divise en environ trois mille clones dans la chenille, dont une caste de sœurs soldates stériles qui tuent les rivales.";"Copidosoma floridanum is a species of wasp in the family Encyrtidae which is primarily a parasitoid of moths in the subfamily Plusiinae. It has the largest recorded brood of any parasitoidal insect, at 3,055 individuals."
Q1165437;arts;"Cratère de Vix";"";"phare+saviez";8;4;a-ecrire;"";2026-09-03;;;"Un vase de bronze de 1,64 mètre et 208 kilos, fabriqué en Grèce, dormait dans la tombe d'une princesse celte de Bourgogne.";"Le cratère de Vix est un grand vase en bronze destiné en principe à mélanger le vin et l'eau, découvert en 1953 dans la tombe de Vix, sépulture d'une princesse celte à Vix (Côte-d'Or), et daté d'environ 530 ans av."
Q25303778;esprit;"Crise de la reproductibilité";"Replication crisis";"phare+saviez";8;0;a-ecrire;"";2026-09-03;;;"En rejouant cent expériences de psychologie célèbres, moins de quarante ont redonné le même résultat.";"La crise de la reproductibilité aussi appelée crise de la réplicabilité (replication crisis ou replicability crisis ou reproducibility crisis en anglais) est la crise de la méthode scientifique dans le domaine des sciences selon laquelle de nombreux résultats publiés dans des revues scientifiques so"
Q1145419;sciences;"Curta";"Curta";"phare";8;2;a-ecrire;"";2026-09-03;;;"La plus élégante calculatrice mécanique jamais construite a été conçue par un déporté dans un camp de concentration, pour rester en vie.";"La Curta est une petite calculatrice mécanique produite entre 1948 et 1970 par l’entreprise Contina au Liechtenstein. Elle est composée d'un corps cylindrique et d'une petite manivelle la faisant ressembler à un moulin à poivre ou à café."
Q427161;sciences;"Cyanoacrylate";"Cyanoacrylate";"phare+saviez";8;0;a-ecrire;"";2026-09-03;;;"La colle instantanée a été écartée deux fois comme un échec, précisément parce qu'elle collait tout ce qu'elle touchait.";"Les cyanoacrylates sont une famille de colles puissantes et rapides utilisées en médecine, dans l'industrie, et dans la vie courante. Ils ont une courte durée de validité quand ils ne sont pas utilisés (environ un an à compter de leur production si le tube n'a pas été ouvert, et un mois s'il a déjà été ouvert, à moins d'être surgelés)."
Q348970;mysteres;"D. B. Cooper";"D. B. Cooper";"phare+saviez";8;0;a-ecrire;"";2026-09-03;;;"Il a sauté d'un Boeing en vol avec deux cent mille dollars ; neuf ans plus tard, un enfant a trouvé quelques liasses pourries sur une berge.";"D. B. Cooper est le pseudonyme d'un pirate de l’air qui a détourné le 24 novembre 1971 le vol 305 de Northwest Orient Airlines reliant Portland à Seattle dans le nord-ouest des États-Unis."
Q767128;terre;"Dacht-e Lout";"Lut Desert";"phare";8;0;a-ecrire;"";2026-09-03;;;"Les satellites ont mesuré une surface à quatre-vingts degrés, si stérile qu'aucune bactérie n'y survit.";"Le Dacht-e Lout ou Désert de Lout (en persan : دشت لوت / Dašt-e Lut, « désert du vide », également transcrit Dasht-e Lut) est un grand désert salé de la province de Kerman dans le sud-est de l'Iran, inscrit depuis 2016 sur la Liste du patrimoine mondial de l'UNESCO."
Q1764787;terre;"Dahala Khagrabari";"Dahala Khagrabari";"insolite+phare+saviez";8;4;publie;"fr";2026-09-03;;2026-09-05;"Un champ indien se trouvait dans une enclave bangladaise, elle-même dans une enclave indienne, elle-même au cœur du Bangladesh.";"Dahala Khagrabari était une enclave indienne à l'intérieur du Bangladesh. Plus précisément, il s'agissait d'une enclave indienne à l'intérieur d'une enclave bangladaise, elle-même enclavée dans une enclave indienne plus grande."
Q1356165;cosmos;"Découverte de Neptune";"Discovery of Neptune";"phare";8;3;ecrit;"fr";2026-09-03;2026-09-07;;"Une planète a été trouvée au télescope en moins d'une heure, à un degré de l'endroit désigné par le seul calcul.";"La découverte de Neptune est la première découverte d'un objet céleste réalisée grâce au calcul mathématique avant de l'être par l'observation. Longtemps objet de débats quant à sa paternité, elle est aujourd'hui attribuée sans conteste à l'astronome français Urbain Le Verrier, qui a prédit mathématiquement l'existence et la position de la planète."
Q168694;histoire;"Dépêche d'Ems";"Ems dispatch";"phare+saviez";8;6;ecrit;"fr";2026-09-03;2026-09-07;;"Bismarck a raccourci un télégramme diplomatique pour le rendre insultant, et la France lui a déclaré la guerre cinq jours plus tard.";"La dépêche d'Ems est un imbroglio diplomatique qui a servi de prétexte pour engager la guerre franco-allemande de 1870 : il s'agit principalement d'un télégramme officiel envoyé le 13 juillet 1870 par le chancelier Otto von Bismarck à toutes les ambassades, en s'inspirant d'un article publié la veil"
Q217223;terre;"Dépression de l'Afar";"Afar Triangle";"phare+saviez";8;0;a-ecrire;"";2026-09-03;;;"En 2005, le sol s'est ouvert sur soixante kilomètres en quelques jours : un océan est en train de naître à la vitesse d'un ongle qui pousse.";"La dépression de l'Afar, également appelée triangle de l'Afar, ou encore Danakil ou Dancalie du nom de sa région septentrionale située sous le niveau de la mer, est une dépression située en Afrique de l'Est."
Q629140;terre;"";"Devils Hole";"phare";8;1;a-ecrire;"";2026-09-03;;;"Dans ce puits du Nevada survit un poisson unique au monde, et les séismes lointains y déclenchent des vagues qui balaient sa seule frayère.";"Devils Hole is a geologic formation located in a detached unit of Death Valley National Park and surrounded by the Ash Meadows National Wildlife Refuge, in Nye County, Nevada, in the Southwestern United States."
Q2630073;mysteres;"";"Disappearance of Frederick Valentich";"insolite+phare";8;0;a-ecrire;"";2026-09-03;;;"Un pilote de vingt ans décrit à la radio un objet qui le survole, lâche « ce n'est pas un avion », puis un bruit métallique et le silence.";"Le cas Frederick Valentich est une affaire de disparition liée au phénomène ovni. Elle se déroula le 21 octobre 1978, le long des côtes australiennes."
Q330095;terre;"Dôme de Vredefort";"Vredefort impact structure";"phare";8;3;a-ecrire;"";2026-09-03;;;"Le plus grand cratère d'impact de la planète mesure trois cents kilomètres de large et a deux milliards d'années.";"Le dôme de Vredefort (en anglais : Vredefort crater) est le plus grand cratère d'impact connu sur Terre. Il est situé sur le territoire de la province de l'État-Libre, en Afrique du Sud."
Q1987577;histoire;"Donald Crowhurst";"Donald Crowhurst";"phare+saviez";8;5;publie;"fr";2026-09-03;;2026-09-05;"Engagé dans une course autour du monde, il a tourné en rond dans l'Atlantique en falsifiant son journal de bord, puis a disparu alors qu'il était donné vainqueur.";"Donald Crowhurst (né à Ghaziabad en Inde britannique en 1932 et mort en 1969) est un homme d'affaires anglais, passionné de voile, qui fut porté disparu durant la course autour du monde Sunday Times Golden Globe Race."
Q909397;mysteres;"";"Douglas Corrigan";"phare";8;1;a-ecrire;"";2026-09-03;;;"Interdit de traverser l'Atlantique, il a décollé de New York vers la Californie en 1938 et atterri en Irlande, jurant s'être trompé de cap.";"Douglas Corrigan (born Clyde Groce Corrigan; January 22, 1907 – December 9, 1995) was an American aviator, nicknamed ""Wrong Way"" in 1938. After a transcontinental flight in July from Long Beach, California, to New York City, he then flew from Floyd Bennett Field in Brooklyn to Ireland, although his flight plan was filed to return to Long Beach."
Q5308584;vivant;"";"Drosophila bifurca";"phare+saviez";8;0;ecrit;"fr";2026-09-03;2026-09-07;;"Cette mouche de trois millimètres produit des spermatozoïdes de près de six centimètres, enroulés en pelote.";"Drosophila bifurca est une espèce d'insectes diptères de la famille des Drosophilidae."
Q726501;terre;"Dust Bowl";"Dust Bowl";"phare+saviez";8;1;a-ecrire;"";2026-09-03;;;"Un nuage de poussière large de centaines de kilomètres a changé le jour en nuit en 1935 et déposé de la terre des Plaines sur les navires de l'Atlantique.";"Le Dust Bowl (« bassin de poussière ») est une série de tempêtes de poussière provoquant une catastrophe écologique et agricole aux États-Unis, dans les années 1930, en particulier dans une région à cheval sur l'Oklahoma, le Kansas et le Texas."
Q2302517;arts;"Ecce homo (Elías García Martínez)";"Ecce Homo (García Martínez and Giménez)";"insolite+phare+saviez";8;1;publie;"fr";2026-09-03;;2026-09-05;"La restauration ratée d'une fresque par une paroissienne a transformé un village espagnol en destination touristique rentable.";"Ecce homo est une peinture murale réalisée par Elías García Martínez entre la fin du XIXe siècle et le début du XXe siècle, dans l'église du sanctuaire de la Miséricorde (es) de Borja, en Aragon."
Q798506;histoire;"";"Edwin Booth";"phare+saviez";8;2;publie;"fr";2026-09-03;;2026-09-05;"Il a sauvé d'une chute mortelle le fils du président Lincoln, quelques mois avant que son propre frère n'assassine le président.";"Edwin Thomas Booth (13 novembre 1833 - 7 juin 1893) est un célèbre acteur américain au XIXe siècle. Il est né près de Bel Air (Maryland) dans une famille d'acteurs."
Q333987;sciences;"Edwin Howard Armstrong";"Edwin Howard Armstrong";"phare";8;1;a-ecrire;"";2026-09-03;;;"L'inventeur de la radio FM a passé les vingt dernières années de sa vie en procès contre les grandes chaînes et en est mort ruiné.";"Edwin Howard Armstrong (18 décembre 1890 à New York - 31 janvier 1954 à New York) est un ingénieur et inventeur américain. Il a été avant tout le « père malheureux » de la technique de diffusion radiophonique appelée « modulation de fréquence » qui s'est développée d'abord aux États-Unis puis progressivement dans le reste du monde."
Q275393;sciences;"Effet Casimir";"Casimir effect";"phare+saviez";8;1;a-ecrire;"";2026-09-03;;;"Deux plaques placées à quelques nanomètres l'une de l'autre s'attirent, poussées l'une vers l'autre par le vide lui-même.";"L’effet Casimir, tel que prédit par le physicien néerlandais Hendrik Casimir en 1948, est une force attractive entre deux plaques parallèles conductrices et non chargées."
Q2607645;esprit;"Effet Tetris";"Tetris effect";"insolite+phare+saviez";8;2;ecrit;"fr";2026-09-03;2026-09-07;;"Des amnésiques incapables de se rappeler avoir joué rêvaient quand même, la nuit suivante, de pièces qui tombent.";"L'effet Tetris, ou syndrome Tetris, survient lorsqu'un individu consacre tellement de temps et d'attention à une activité que cette dernière commence à modeler sa pensée, ses images mentales, et ses rêves."
Q273219;sciences;"Egas Moniz";"António Egas Moniz";"phare+saviez";8;0;a-ecrire;"";2026-09-03;;;"Le prix Nobel de médecine 1949 a récompensé la lobotomie, ensuite pratiquée sur des dizaines de milliers de patients à travers le monde.";"António Caetano de Abreu Freire Egas Moniz, né le 29 novembre 1874 à Avanca et mort le 13 décembre 1955 à Lisbonne, est un neurologue, psychochirurgien, chercheur, professeur, écrivain et homme politique portugais."
Q368127;arts;"Elena Ferrante";"Elena Ferrante";"phare";8;0;a-ecrire;"";2026-09-03;;;"L'autrice la plus lue d'Italie n'a jamais montré son visage, et l'enquête d'un journaliste sur ses droits d'auteur a fait scandale.";"Elena Ferrante est le pseudonyme d'une romancière, nouvelliste et essayiste d'expression italienne, née selon sa propre biographie le 5 avril 1943 à Naples. Elle est notamment connue pour L'Amie prodigieuse (L'amica geniale), tétralogie romanesque ayant pour toile de fond l'amitié entre deux femmes, de leur enfance dans un quartier pauvre de Naples à l'âge adulte."
Q1326237;histoire;"Éléphant de la Bastille";"Elephant of the Bastille";"phare+saviez";8;6;ecrit;"fr";2026-09-03;2026-09-07;;"Un éléphant géant en plâtre a occupé la place de la Bastille pendant trente ans, rongé par les rats, avant d'être démoli.";"L’éléphant de la Bastille est un projet napoléonien de fontaine parisienne destinée à orner la place de la Bastille. Alimentée par l'eau de l'Ourcq acheminée par le canal Saint-Martin, cette fontaine monumentale devait être surmontée de la statue colossale d'un éléphant portant un howdah en forme de tour."
Q181728;arts;"Éliézer Ben-Yehoudah";"Eliezer Ben-Yehuda";"phare";8;0;a-ecrire;"";2026-09-03;;;"Il a élevé son fils dans une langue que plus personne ne parlait depuis dix-sept siècles, en l'isolant de toute autre voix.";"Éliézer Ben-Yéhouda (hébreu : אֱלִיעֶזֶר בֶּן־יְהוּדָה), né Éliézer Isaac Perelman Elianov, à Lojki, dans l'Empire russe (aujourd'hui en Biélorussie), le 7 janvier 1858, mort à Jérusalem le 16 décembre 1922, journaliste et philologue juif."
Q3051440;histoire;"Ellen et William Craft";"Ellen and William Craft";"phare+saviez";8;3;publie;"fr";2026-09-03;;2026-09-05;"Elle s'est déguisée en jeune planteur blanc, lui en son valet, et ils ont fui l'esclavage en voyageant en première classe jusqu'au Nord.";"Ellen Craft (1826-1891) et William Craft (25 septembre 1824 - 29 janvier 1900) sont un couple d'esclaves américains qui sont parvenus à fuir leur condition et par la suite, ont participé à la cause abolitionniste."
Q1049294;arts;"Émoji";"Emoji";"phare+saviez";8;1;a-ecrire;"";2026-09-03;;;"Les cent soixante-seize premiers pictogrammes, dessinés sur une grille de douze pixels pour un opérateur japonais, sont entrés au MoMA.";"Un émoji (emprunt du japonais : 絵文字, emoji, prononcé en japonais : [emodʑi], en anglais : [ɪˈmoʊdʒiː], et en français : [emodʒi] ou [emoʒi]) est un pictogramme utilisé dans un message informatisé (message électronique, SMS, message sur un réseau social) ou sur une page web."
Q1369020;esprit;"Encéphalite léthargique";"Encephalitis lethargica";"phare+saviez";8;1;ecrit;"fr";2026-09-03;2026-09-07;;"Une épidémie des années 1920 a figé des milliers de gens pendant des décennies, jusqu'à ce qu'un médicament les réveille brièvement en 1969.";"L'encéphalite léthargique (EL) encore appelée encéphalite épidémique ou maladie de von Economo-Cruchet, est une variété rare d'encéphalite virale, qui a sévi dans le monde sur un mode épidémique au début du XXe siècle entre 1915 et 1926."
Q18343;cosmos;"Énergie sombre";"Dark energy";"phare+saviez";8;5;ecrit;"fr";2026-09-03;2026-09-07;;"Une force inconnue représentant 68 % de l'univers accélère son expansion, et on ignore totalement ce qu'elle est.";"En cosmologie, l'énergie sombre (ou parfois énergie noire ; en anglais : dark energy) est une forme d'énergie hypothétique remplissant uniformément tout l'Univers et dotée d'une pression négative, elle se comporte comme une force gravitationnelle répulsive."
Q169399;sciences;"ENIAC";"ENIAC";"phare+saviez";8;0;a-ecrire;"";2026-09-03;;;"Six femmes programmaient la machine en rebranchant des câbles, et on les a longtemps prises, sur les photos, pour des modèles décoratifs.";"L'ENIAC (acronyme de l'expression anglaise Electronic Numerical Integrator And Computer) est en 1945 le premier ordinateur Turing-complet entièrement électronique."
Q17916838;esprit;"EPAS1";"EPAS1";"phare";8;2;ecrit;"fr";2026-09-03;2026-09-07;;"Les Tibétains respirent à 4 000 mètres grâce à une version de gène héritée des Dénisoviens, une espèce humaine disparue.";"L'EPAS1 (en anglais Endothelial PAS domain-containing protein 1) ou HIF-2α (en anglais hypoxia-inducible factor-2alpha) est une protéine codée par le gène EPAS1 humain."
Q43182;sciences;"Ératosthène";"Eratosthenes";"phare+saviez";8;0;a-ecrire;"";2026-09-03;;;"Avec un simple bâton planté dans le sol et l'ombre de midi, il a calculé la circonférence de la Terre il y a vingt-deux siècles.";"Ératosthène ou Ératosthène de Cyrène (en grec ancien Ἐρατοσθένης / Eratosthénês), né vers 276 av. J.-C. à Cyrène et mort vers 194 av."
Q8094772;terre;"Éruption du Krakatoa en 1883";"1883 eruption of Krakatoa";"phare+saviez";8;0;a-ecrire;"";2026-09-03;;;"La détonation a été entendue à près de cinq mille kilomètres, et les baromètres du monde entier ont enregistré l'onde sept fois.";"L'éruption du Krakatoa survenue en 1883 est une éruption volcanique cataclysmique survenue dans les Indes orientales néerlandaises (aujourd'hui l'Indonésie) et qui a bouleversé la physionomie de l'archipel où se trouve le Krakatoa, un volcan gris de la ceinture de feu du Pacifique, situé dans le détroit de la Sonde, entre Sumatra et Java."
Q2535354;terre;"Éruption du Samalas en 1257";"1257 Samalas eruption";"phare+saviez";8;1;a-ecrire;"";2026-09-03;;;"Les glaces polaires gardaient la trace de la plus grosse éruption du millénaire, mais le volcan coupable n'a été identifié qu'en 2013.";"L'éruption du Samalas en 1257 — situé sur l'île de Lombok, en Indonésie — est l'événement volcanique le plus important des temps historiques, et peut-être de l'Holocène."
Q1144693;terre;"Éruption minoenne";"Minoan eruption";"phare";8;1;a-ecrire;"";2026-09-03;;;"L'explosion de Santorin a vidé le centre d'une île entière et projeté des cendres jusqu'en Égypte, vers 1600 avant notre ère.";"L’éruption minoenne, également appelée éruption de Théra ou éruption de Santorin est l'éruption plinienne de l'île volcanique de Théra qui s'est déroulée vers 1610 av."
Q4202;cosmos;"Étoile à neutrons";"Neutron star";"phare+saviez";8;0;ecrit;"fr";2026-09-03;2026-09-07;;"Une cuillère à café de sa matière pèse un milliard de tonnes, et sa croûte est dix milliards de fois plus résistante que l'acier.";"Une étoile à neutrons est un astre principalement composé de neutrons maintenus ensemble par les forces de gravitation. De tels objets sont le résidu compact issu de l'effondrement gravitationnel du cœur de certaines étoiles massives lorsque celles-ci ont épuisé leur combustible nucléaire."
Q14268;cosmos;"Étoile de Barnard";"Barnard's Star";"phare";8;2;ecrit;"fr";2026-09-03;2026-09-07;;"Elle parcourt en ligne droite un diamètre lunaire tous les cent quatre-vingts ans : record absolu de mouvement apparent dans le ciel.";"L'étoile de Barnard est une étoile de la constellation zodiacale d'Ophiuchus. Cette naine rouge, variable de type BY Draconis, est l'étoile connue dont le mouvement propre est le plus élevé (10,3″ par an)."
Q367196;mysteres;"Ettore Majorana";"Ettore Majorana";"phare";8;1;a-ecrire;"";2026-09-03;;;"Le physicien vide son compte, achète un billet de bateau, écrit deux lettres contradictoires et s'efface ; l'Italie a rouvert l'enquête en 2011.";"Ettore Majorana (Catane, Sicile, 5 août 1906 – disparu en 1938 et présumé mort en 1938 ou après 1959) est un physicien italien. Il est surtout connu pour ses travaux en physique des particules, avec des applications particulières de la théorie des neutrinos."
Q7091;sciences;"Évariste Galois";"Évariste Galois";"phare+saviez";8;0;a-ecrire;"";2026-09-03;;;"Il a jeté sur le papier, la veille du duel qui le tua à vingt ans, une théorie que les mathématiciens ont mis quarante ans à comprendre.";"Évariste Galois, né le 25 octobre 1811 à Bourg-la-Reine et mort le 31 mai 1832 à Paris, est un mathématicien français."
Q3944788;cosmos;"Event Horizon Telescope";"Event Horizon Telescope";"phare+saviez";8;1;ecrit;"fr";2026-09-03;2026-09-07;;"Les données de la première image d'un trou noir étaient si volumineuses qu'il a fallu les transporter par avion, sur des disques durs.";"L’Event Horizon Telescope ou EHT (littéralement « Télescope de l'horizon des événements ») est un interféromètre astronomique multi continental de radiotélescopes, utilisés pour créer le plus grand « radiotélescope virtuel géant » du monde."
Q788771;histoire;"Expédition Donner";"Donner Party";"phare";8;6;ecrit;"fr";2026-09-03;2026-09-07;;"Un raccourci recommandé par un guide qui ne l'avait jamais emprunté a coincé des familles entières dans la neige de la Sierra Nevada.";"L'expédition Donner (Donner Party en anglais) est un groupe de 87 pionniers américains en route pour la Californie, pendant la « Fièvre de l'Ouest » des années 1840."
Q18370;sciences;"Expérience de Cavendish";"Cavendish experiment";"phare";8;1;a-ecrire;"";2026-09-03;;;"Avec deux boules de plomb et un fil de torsion dans une cabane, un homme seul a pesé la Terre entière à un pour cent près.";"L'expérience de Cavendish avait pour but initial d'estimer la masse de la Terre. Cette dernière étant directement liée, dans l'équation de Newton, à la constante de gravitation, l'expérience permet de déterminer cette constante."
Q576221;sciences;"Expérience de Fizeau";"Fizeau experiment";"phare+saviez";8;3;a-ecrire;"";2026-09-03;;;"Une roue dentée, un miroir à huit kilomètres et une nuit claire ont suffi pour mesurer la vitesse de la lumière depuis un jardin de Suresnes.";"On désigne sous le nom d'expérience de Fizeau l'une des trois expériences mémorables destinées à mesurer la vitesse de la lumière. Sans autre précision, elle désigne la première, effectuée en 1849 par le physicien français Hippolyte Fizeau, et qui donne la première mesure terrestre de la vitesse de la lumière."
Q191474;esprit;"Expérience de Milgram";"Milgram experiment";"phare";8;2;ecrit;"fr";2026-09-03;2026-09-07;;"Deux tiers des participants ordinaires ont accepté d'infliger une décharge qu'ils croyaient mortelle, simplement parce qu'un homme en blouse le leur demandait.";"L'expérience de Milgram est une étude de psychologie sociale menée par Stanley Milgram en 1963. Elle a pour but d'étudier le comportement humain face à l'autorité et la soumission à celle-ci, et consiste à tester la capacité des individus à obéir, même si cela implique d'infliger des souffrances à autrui."
Q402915;esprit;"Expérience de Rosenhan";"Rosenhan experiment";"insolite+phare";8;0;a-ecrire;"";2026-09-03;;;"Huit personnes en bonne santé se font interner en disant entendre un mot ; aucune n'est démasquée, et il leur faut des semaines pour ressortir.";"En psychologie, l’expérience de Rosenhan, menée par le psychologue David Rosenhan en 1973, porte sur la validité du diagnostic psychiatrique. Son étude a été publiée dans la revue Science sous le titre « On Being Sane in Insane Places » (« Être sain d'esprit dans des lieux fous »)."
Q235089;esprit;"Expérience de Stanford";"Stanford prison experiment";"phare+saviez";8;3;ecrit;"fr";2026-09-03;2026-09-07;;"Des étudiants tirés au sort comme gardiens sont devenus humiliants en quelques jours, et l'expérience a dû être arrêtée au bout de six.";"L’expérience de Stanford (parfois surnommée effet Lucifer) est une étude de psychologie sociale menée par Philip Zimbardo en 1971 sur les effets de la situation carcérale, ayant eu un très grand écho social et médiatique."
Q3106901;esprit;"";"Exploding head syndrome";"insolite+phare+saviez";8;2;ecrit;"fr";2026-09-03;2026-09-07;;"Au moment de s'endormir, certains entendent une détonation assourdissante qui n'existe pas et ne cause absolument aucun dommage.";"Le syndrome de la tête qui explose (EHS, Exploding Head Syndrome) est un trouble du sommeil, faisant partie des parasomnies dites hypnagogiques. Ce syndrome se manifeste par une hallucination auditive qui consiste en le fait d'entendre une détonation lors de l'endormissement."
Q1386318;sciences;"F. D. C. Willard";"";"insolite+phare+saviez";8;3;ecrit;"fr";2026-09-03;2026-09-07;;"Un physicien a inscrit son chat siamois comme coauteur d'un article de physique quantique pour éviter de récrire tous ses « nous ».";"F. D. C. Willard (fl. 1975–1980) est le nom de plume d’un chat siamois nommé Chester ayant appartenu au physicien Jack H."
Q66811868;terre;"Fani Maoré";"";"phare";8;3;a-ecrire;"";2026-09-03;;;"Mayotte s'est mise à trembler et à s'enfoncer en 2018 : on a fini par découvrir un volcan de huit cents mètres né au large, sous la mer.";"Le Fani Maoré est un volcan sous-marin situé à cinquante kilomètres à l'est de l'île de Mayotte, s'élevant de 800 mètres au-dessus du fond marin situé ici à 3 500 mètres sous le niveau de la mer."
Q12165555;cosmos;"Félicette";"Félicette";"phare+saviez";8;7;ecrit;"fr";2026-09-03;2026-09-07;;"En 1963, la France a envoyé une chatte de gouttière dans l'espace avec des électrodes implantées dans le crâne ; elle en est revenue vivante.";"Félicette est la première chatte qui a effectué un voyage dans l'espace le 18 octobre 1963 dans le cadre du programme spatial français, dans une fusée Véronique AGI no 47, lancée à 8 h 9 du Centre interarmées d'essais d'engins spéciaux à Hammaguir dans le Sahara algérien."
Q3073667;terre;"Flevopolder";"Flevopolder";"phare+saviez";8;1;a-ecrire;"";2026-09-03;;;"La plus grande île artificielle du monde a été créée en vidant purement et simplement une mer intérieure néerlandaise.";"Le Flevopolder est une région des Pays-Bas conquise sur l'IJsselmeer. Avec le Noordoostpolder, elle forme la dernière province créée : le Flevoland."
Q327115;arts;"Flocon de maïs";"Corn flakes";"phare+saviez";8;1;a-ecrire;"";2026-09-03;;;"Deux frères ont laissé rassir par mégarde une pâte de céréales, puis l'ont passée au rouleau : elle s'est brisée en pétales.";"Les flocons de maïs, pétales de maïs, aussi parfois appelé corn flakes, sont un produit alimentaire dérivé du maïs. C'est un mets à base de maïs cuit avec du sucre et des vitamines."
Q1437077;arts;"Fordlândia";"Fordlândia";"insolite+phare+saviez";8;1;ecrit;"fr";2026-09-03;2026-09-07;;"Ford a bâti une ville américaine en pleine Amazonie, avec bals et hamburgers imposés, avant d'y perdre ses hévéas et ses ouvriers.";"Fordlândia est le nom donné à une ville nouvelle, une cité ouvrière du monde américain (« company town »), bâtie par l’industriel américain Henry Ford en 1928, sur une immense concession au bord du Rio Tapajós dans l'État de Pará au Brésil."
Q1976257;vivant;"";"Four-eyed fish";"phare+saviez";8;0;ecrit;"fr";2026-09-03;2026-09-07;;"Chacun de ses yeux est divisé en deux moitiés avec deux pupilles et deux focales : il voit net au-dessus et en dessous de l'eau simultanément.";"Les Anableps ou « quatre yeux » sont un genre de poissons d'eau saumâtre de la famille des Anablepidae."
Q182008;cosmos;"Galileo (sonde spatiale)";"Galileo project";"phare";8;4;ecrit;"fr";2026-09-03;2026-09-07;;"Sa grande antenne ne s'est jamais dépliée : toute la mission a été sauvée en réécrivant depuis la Terre la compression des données.";"Galileo, aussi appelée Jupiter Orbiter with Probe ou JOP, est une sonde spatiale américaine développée par la NASA qui a pour mission d'étudier la planète Jupiter et ses lunes."
Q3169;cosmos;"Ganymède (lune)";"Ganymede (moon)";"phare+saviez";8;6;ecrit;"fr";2026-09-03;2026-09-07;;"La plus grosse lune du Système solaire dépasse Mercure en taille et cache un océan salé sous cent cinquante kilomètres de glace.";"Ganymède, de nom international Jupiter III Ganymede, est un satellite naturel de Jupiter. Sur l'échelle des distances au centre de Jupiter, il s'agit du septième satellite naturel connu de la planète et du troisième satellite galiléen."
Q76951;sciences;"George de Hevesy";"George de Hevesy";"phare+saviez";8;1;a-ecrire;"";2026-09-03;;;"Il a dissous deux médailles Nobel en or dans de l'eau régale pour les cacher aux nazis ; le flacon a passé la guerre sur une étagère.";"George de Hevesy, ou George von Hevesy (1er août 1885 à Budapest, en Hongrie - 5 juillet 1966 Fribourg-en-Brisgau, en Allemagne) est un chimiste hongrois, lauréat du prix Nobel de chimie en 1943."
Q1508116;histoire;"George Psalmanazar";"George Psalmanazar";"insolite+phare+saviez";8;4;publie;"fr";2026-09-03;;2026-09-05;"Un Français blond s'est fait passer à Londres pour un indigène de Formose, a inventé un alphabet et une religion, et a enseigné sa langue à Oxford.";"George Psalmanazar, né vers 1679 et mort le 3 mai 1763 à Londres, est un imposteur qui a prétendu être le premier Formosan à visiter l'Europe. D'origine française, il fit carrière à Londres, où il publia en 1704 un ouvrage qui eut grand succès et qui fit autorité durant tout le XVIIIe siècle : la Description historique et géographique de l'île de Formose."
Q12998;cosmos;"Georges Lemaître";"Georges Lemaître";"phare";8;4;ecrit;"fr";2026-09-03;2026-09-07;;"Un prêtre belge a proposé l'expansion de l'univers deux ans avant Hubble, dans une revue que presque personne ne lisait.";"Georges Lemaître, né le 17 juillet 1894 à Charleroi et mort le 20 juin 1966 à Louvain, est un chanoine catholique, astronome et physicien belge, professeur à l'université catholique de Louvain."
Q216862;arts;"Ġgantija";"Ġgantija";"phare";8;2;a-ecrire;"";2026-09-03;;;"Ces temples maltais tenaient déjà debout mille ans avant la première pyramide égyptienne, hissés avec des blocs de cinquante tonnes.";"Ġgantija (« tour des géants » en maltais) est un ensemble de deux temples préhistoriques entouré d'un mur d'enceinte, situé près de la ville de Xagħra, au centre de l'île de Gozo dans l'archipel de Malte."
Q5557046;histoire;"";"Ghost Army";"phare+saviez";8;0;publie;"fr";2026-09-03;;2026-09-05;"Onze cents artistes et publicitaires américains ont simulé des divisions entières avec des haut-parleurs et des chars en caoutchouc.";"The Ghost Army was a United States Army tactical deception unit during World War II officially known as the 23rd Headquarters Special Troops. The 1,100-man unit was created to deceive the Axis forces and mislead them as to the size and location of Allied forces, while giving the actual units elsewhere time to maneuver."
Q862089;vivant;"Girafe";"Giraffe";"phare+saviez";8;2;ecrit;"fr";2026-09-03;2026-09-07;;"Son nerf laryngé descend jusqu'au cœur avant de remonter au larynx, soit un détour de plus de quatre mètres pour vingt centimètres utiles.";"Les girafes (Giraffa) sont un genre de mammifères artiodactyles ruminants, de la famille des Giraffidés. Elles vivent dans les savanes africaines et sont répandues du Tchad jusqu'en Afrique du Sud."
Q53752;vivant;"";"Glass frog";"phare+saviez";8;0;publie;"fr";2026-09-03;;2026-09-05;"En dormant, elle range 89 % de ses globules rouges dans son foie et devient presque invisible, un tour qui la tuerait par thrombose chez n'importe quel autre animal.";"Les Centrolenidae sont une famille d'amphibiens. Elle a été définie par Edward Harrison Taylor (1889-1978) en 1951."
Q131757;vivant;"Glaucus atlanticus";"Glaucus atlanticus";"phare+saviez";8;1;ecrit;"fr";2026-09-03;2026-09-07;;"Ce petit mollusque bleu mange la physalie, stocke ses cellules urticantes intactes dans ses propres appendices et devient plus venimeux que sa proie.";"Glaucus atlanticus, parfois appelé glaucus atlantique, dragon bleu ou hirondelle de mer, voire francisé en glauque atlantique dans les publications anciennes, est une espèce de nudibranches de la famille des Glaucidae."
Q23000947;cosmos;"GN-z11";"GN-z11";"phare";8;6;ecrit;"fr";2026-09-03;2026-09-07;;"On observe cette galaxie telle qu'elle était 400 millions d'années après le Big Bang ; sa lumière voyage depuis 13,4 milliards d'années.";"GN-z11, Identifiée en 2010 par Bouwens et al."
Q214944;arts;"Göbekli Tepe";"Göbekli Tepe";"phare+saviez";8;0;a-ecrire;"";2026-09-03;;;"Des chasseurs-cueilleurs ont dressé des piliers sculptés de plusieurs tonnes six mille ans avant Stonehenge, puis ont tout enseveli volontairement.";"Göbekli Tepe est un site préhistorique occupé de la seconde moitié du Xe millénaire av. J.-C. à la première moitié du VIIIe millénaire av."
Q12630;terre;"Golfe du Mexique";"Gulf of Mexico";"phare+saviez";8;2;a-ecrire;"";2026-09-03;;;"Au fond du golfe du Mexique, un lac de saumure tue tout ce qui y tombe et conserve les cadavres presque intacts.";"Le golfe du Mexique (en espagnol : Golfo de México, en anglais : Gulf of Mexico) est une mer bordière de l'océan Atlantique située au sud-sud-est de l'Amérique du Nord."
Q268706;sciences;"Gorilla Glass";"Gorilla Glass";"phare";8;1;a-ecrire;"";2026-09-03;;;"Un verre inventé en 1960 est resté cinquante ans dans un entrepôt sans client, jusqu'à ce que les téléphones le rendent indispensable.";"Le Gorilla Glass est une marque de verre renforcé chimiquement, un verre d'alcali-aluminosilicate, développé et commercialisé par Corning spécifiquement pour le marché des verres d'appareils électroniques portables avec écran tactile ou non."
Q11641;sciences;"Grace Hopper";"Grace Hopper";"phare+saviez";8;0;a-ecrire;"";2026-09-03;;;"Pour faire sentir ce qu'est une nanoseconde, elle distribuait des bouts de fil de trente centimètres : la distance que parcourt un signal pendant ce temps.";"Grace Murray Hopper est une informaticienne, mathématicienne et Rear admiral (lower half) de la marine américaine, née le 9 décembre 1906 à New York et morte le 1er janvier 1992 dans le comté d'Arlington."
Q1107344;sciences;"Grand Chiffre";"Great Cipher";"phare+saviez";8;0;a-ecrire;"";2026-09-03;;;"Le code de Louis XIV, fort de cinq cent quatre-vingt-sept symboles, a résisté deux siècles avant qu'un cryptologue ne le brise en trois mois.";"Dans l'histoire de la cryptographie, le « Grand Chiffre » était un chiffrement par substitution à répertoire destiné aux messages ultra-secrets et développé par les Rossignol, dont plusieurs générations travaillèrent pour la couronne de France comme cryptologues."
Q2192;sciences;"Graphics Interchange Format";"GIF";"phare+saviez";8;2;a-ecrire;"";2026-09-03;;;"Un brevet réveillé en 1994 sur l'algorithme de compression a rendu soudain illicite le format d'image le plus répandu du web.";"Le Graphics Interchange Format (littéralement « format d'échange d'images »), plus connu sous l'acronyme GIF (prononcé en français [ ʒif] , [gif] ou [dʒif]), est un format d'image numérique couramment utilisé sur Internet."
Q528365;cosmos;"GRB 080319B";"GRB 080319B";"phare";8;2;ecrit;"fr";2026-09-03;2026-09-07;;"Une explosion survenue à 7,5 milliards d'années-lumière fut brièvement visible à l'œil nu depuis la Terre.";"GRB 080319B est un sursaut gamma (GRB) remarquable détecté par le satellite Swift à 6 h 12 (UTC), le 19 mars 2008. L'explosion a établi un nouveau record de l'objet le plus lointain pouvant être vu à l'œil nu."
Q370444;vivant;"";"Greenland shark";"phare+saviez";8;0;publie;"fr";2026-09-03;;2026-09-05;"Il atteint la maturité sexuelle vers cent cinquante ans et certains individus datés nageaient déjà avant la naissance de Newton.";"Le requin du Groenland ou laimargue du Groenland (Somniosus microcephalus) est une espèce de requins de la famille des Somniosidae. C'est le vertébré qui a la plus longue espérance de vie connue : estimée entre 272 et 510 ans."
Q330882;histoire;"Gregor MacGregor";"Gregor MacGregor";"insolite+phare+saviez";8;4;publie;"fr";2026-09-03;;2026-09-05;"Un Écossais a inventé un pays entier d'Amérique centrale, vendu des terres et des obligations, et envoyé des colons mourir sur une côte vide.";"Gregor MacGregor, né le 24 décembre 1786 dans le Stirlingshire et mort le 4 décembre 1845 à Caracas, est un soldat, mercenaire, aventurier et escroc écossais. MacGregor rejoint l'armée britannique en 1803 et il est affecté au 57e régiment d'infanterie."
Q374096;arts;"Grotte Chauvet";"Chauvet Cave";"phare+saviez";8;0;a-ecrire;"";2026-09-03;;;"Des lions et des rhinocéros peints il y a trente-six mille ans, scellés par un éboulement, avec des pattes multipliées pour figurer la course.";"La grotte Chauvet, grotte ornée du Pont d'Arc, grotte Chauvet-Pont d'Arc, est une grotte ornée datant du Paléolithique située sur le territoire de la commune de Vallon-Pont-d'Arc (sud de l'Ardèche, France)."
Q747992;arts;"Grotte Cosquer";"Cosquer Cave";"phare+saviez";8;0;a-ecrire;"";2026-09-03;;;"On n'atteint ces peintures que par un tunnel de trente-sept mètres sous la mer : la montée des eaux a noyé l'entrée.";"La grotte Cosquer est une grotte ornée paléolithique située dans la calanque de la Triperie, à Marseille, au pied de la pointe de la Voile, près du cap Morgiou."
Q7070592;terre;"Grotte de Nutty Putty";"Nutty Putty Cave";"phare";8;1;a-ecrire;"";2026-09-03;;;"Un spéléologue s'est coincé la tête en bas dans un boyau en 2009 ; après vingt-sept heures, on a renoncé et scellé la grotte avec lui dedans.";"La grotte de Nutty Putty (Nutty Putty Cave en anglais) est une grotte hydrothermale située à une centaine de kilomètres au sud de Salt Lake City, à l'ouest du lac Utah dans l'Utah aux États-Unis."
Q157548;histoire;"Guerre de Succession de Bavière";"War of the Bavarian Succession";"phare";8;4;ecrit;"fr";2026-09-03;2026-09-07;;"Deux armées se sont fait face un an sans livrer bataille en 1778, occupées surtout à s'arracher les récoltes de pommes de terre.";"La guerre de Succession de Bavière (juillet 1778 - mai 1779) est un conflit qui opposa la monarchie des Habsbourg-Lorraine à une alliance prusso-saxonne, visant à empêcher les Habsbourg-Lorraine de faire l'acquisition du duché de Bavière."
Q856168;histoire;"Guerre des Pâtisseries";"Pastry War";"insolite+phare+saviez";8;3;ecrit;"fr";2026-09-03;2026-09-07;;"Un pâtissier français de Mexico a réclamé une indemnité pour sa boutique saccagée, et la flotte française est venue bombarder Veracruz.";"La guerre des Pâtisseries (en espagnol : Primera Intervención Francesa en México, « Première intervention française au Mexique », ou Guerra de los Pasteles, littéralement « Guerre des gâteaux ») désigne le blocus naval auquel les armées françaises soumirent le port de Veracruz (Mexique) d'avril 1838 à mars 1839."
Q3119043;histoire;"Guerre des six jours (Kisangani)";"Six-Day War (2000)";"phare";8;1;ecrit;"fr";2026-09-03;2026-09-07;;"Deux armées alliées à la même cause se sont entretuées six jours en pleine ville, à mille kilomètres de leurs propres frontières.";"La guerre des six jours est une succession d’affrontements meurtriers entre l'armée ougandaise et l'armée rwandaise à Kisangani, en République démocratique du Congo, du 5 au 10 juin 2000, durant la deuxième guerre du Congo."
Q128015;esprit;"Guillotine";"Guillotine";"phare+saviez";8;1;a-ecrire;"";2026-09-03;;;"Un médecin a appelé son nom juste après la guillotine ; la tête aurait ouvert les yeux et fixé le sien, deux fois de suite.";"La guillotine est une machine de conception française, inspirée d’anciens modèles de machines à décapitation, et qui fut utilisée en France pour l’application officielle de la peine de mort par décapitation, puis dans certains cantons de Suisse, en Grèce, en Suède, en Belgique et en Allemagne."
Q22683173;cosmos;"GW150914";"First observation of gravitational waves";"phare+saviez";8;2;ecrit;"fr";2026-09-03;2026-09-07;;"Trois masses solaires ont été converties en pure énergie gravitationnelle en une fraction de seconde, éclipsant toutes les étoiles de l'univers visible.";"GW150914 est le nom du signal à l’origine de la première observation directe d’ondes gravitationnelles annoncée le 11 février 2016 par les laboratoires LIGO et Virgo."
Q126167;vivant;"Gypaète barbu";"Bearded vulture";"phare+saviez";8;1;publie;"fr";2026-09-03;;2026-09-05;"Il se nourrit à quatre-vingts pour cent d'os, qu'il lâche sur les rochers pour les briser, et se teint volontairement le plumage en rouge dans la boue ferrugineuse.";"Le Gypaète barbu (Gypaetus barbatus) est la seule espèce du genre Gypaetus. Cette espèce est aujourd'hui principalement présente en Asie centrale et Moyen-Orient, mais est aussi en Afrique, en Europe et en Crète."
Q28270;cosmos;"";"Ham (chimpanzee)";"insolite+phare+saviez";8;3;ecrit;"fr";2026-09-03;2026-09-07;;"Un chimpanzé a essuyé les plâtres de la capsule Mercury avant les Américains et en est sorti en réclamant une pomme.";"Ham, né en juillet 1957 au Cameroun et mort le 19 janvier 1983 aux États-Unis, également connu sous le nom de « Ham le chimpanzé », est le premier chimpanzé et le premier hominidé à être allé dans l'espace, à bord d'une capsule Mercury lancée par une fusée Redstone, le 31 janvier 1961."
Q436161;arts;"Han van Meegeren";"Han van Meegeren";"phare+saviez";8;0;a-ecrire;"";2026-09-03;;;"Pour prouver qu'il n'avait pas vendu un vrai Vermeer aux nazis, il a dû peindre un faux Vermeer devant ses juges.";"Han van Meegeren, né Henricus Antonius van Meegeren le 10 octobre 1889 à Deventer (Overijssel) et mort le 30 décembre 1947 à Amsterdam, est un peintre, restaurateur d'œuvres d'art et faussaire néerlandais."
Q1479200;histoire;"Hanno (éléphant)";"Hanno (elephant)";"insolite+phare";8;3;ecrit;"fr";2026-09-03;2026-09-07;;"Le pape Léon X a reçu un éléphant blanc du Portugal, l'a fait défiler dans Rome et lui a fait composer une épitaphe à sa mort.";"Hanno (en italien, Annone ; c. 1510 - 8 juin 1516) est l’éléphant blanc donné comme animal de compagnie par le roi Manuel Ier de Portugal (1469-1521) au pape Léon X, né Jean de Médicis (1475-1521), pour son couronnement."
Q1127291;sciences;"Hans le Malin";"Clever Hans";"insolite+phare+saviez";8;2;ecrit;"fr";2026-09-03;2026-09-07;;"Ce cheval savait compter et lire l'heure, jusqu'à ce qu'on découvre qu'il déchiffrait les micro-mouvements involontaires de son propre maître.";"Hans le Malin (en allemand : Kluger Hans) est un cheval, élevé et présenté en démonstration en Allemagne au début du XXe siècle. Considéré comme ayant une « intelligence supérieure », il devient célèbre dans toute l'Europe et met la communauté scientifique de l'époque en émoi."
Q275444;cosmos;"Hayabusa (sonde spatiale)";"Hayabusa";"phare";8;3;ecrit;"fr";2026-09-03;2026-09-07;;"Moteurs morts et réservoirs percés, la sonde est rentrée avec sept ans de retard, a livré ses mille cinq cents grains d'astéroïde et s'est consumée.";"Hayabusa (はやぶさ, « faucon pèlerin » en japonais), ou MUSES-C pour Mu Space Engineering Spacecraft C, est une sonde spatiale de l'Agence d'exploration aérospatiale japonaise (JAXA), ayant pour objectif l'étude du petit astéroïde Itokawa et la validation de plusieurs techniques d'exploration robotique innovantes."
Q695224;cosmos;"HD 189733 b";"HD 189733 b";"phare+saviez";8;0;ecrit;"fr";2026-09-03;2026-09-07;;"Il y pleut du verre fondu, latéralement, poussé par des vents de 8 700 kilomètres par heure.";"HD 189733 b, formellement HD 189733 Ab et surnommée de façon informelle Isis, est une planète de type Jupiter chaud."
Q1140454;cosmos;"HD 80606 b";"HD 80606 b";"phare";8;6;ecrit;"fr";2026-09-03;2026-09-07;;"Sa température passe de 500 à 1 200 °C en six heures lors de son passage au plus près de son étoile.";"HD 80606 b est une exoplanète orbitant autour de HD 80606, une étoile d'environ 0,9 masse solaire située à environ 190 années-lumière (58,4 pc) du Soleil, dans la constellation de la Grande Ourse."
Q180556;vivant;"Helicobacter pylori";"Helicobacter pylori";"phare+saviez";8;1;publie;"fr";2026-09-03;;2026-09-05;"Pour prouver que l'ulcère était infectieux et non nerveux, un médecin australien a bu un bouillon de cette bactérie et est tombé malade en cinq jours.";"Helicobacter pylori est une bactérie qui infecte la muqueuse gastrique. Sa structure externe est hélicoïdale (d'où son nom « Helicobacter »)."
Q77306;sciences;"";"Hennig Brand";"phare+saviez";8;2;a-ecrire;"";2026-09-03;;;"En faisant bouillir des tonneaux d'urine pour fabriquer de l'or, un alchimiste a découvert un élément qui brille tout seul dans le noir.";"Hennig Brand ou Hennig Brandt (1630 - 1692 ou 1710) est un souffleur de verre et alchimiste allemand de Hambourg, connu pour avoir découvert le phosphore."
Q3132652;histoire;"";"Henry Box Brown";"phare+saviez";8;2;publie;"fr";2026-09-03;;2026-09-05;"Un esclave de Virginie s'est fait expédier vers la liberté dans une caisse de quatre-vingts centimètres, vingt-sept heures durant, parfois la tête en bas.";"Henry Brown, dit Box Brown (né vers 1815 et mort le 15 juin 1897 à Toronto, dans l'Ontario, au Canada) est un esclave américain de Virginie, célèbre pour avoir fui l'État esclavagiste de Virginie enfermé volontairement dans un colis postal envoyé vers l'État libre voisin de Pennsylvanie."
Q18627;esprit;"HM (patient)";"Henry Molaison";"phare+saviez";8;0;ecrit;"fr";2026-09-03;2026-09-07;;"Après l'ablation de ses hippocampes, il a vécu cinquante-cinq ans dans un présent permanent, saluant chaque matin les mêmes médecins comme des inconnus.";"HM, pseudonyme d'Henry Gustav Molaison, (26 février 1926 - 2 décembre 2008), est un patient qui a souffert d'une épilepsie de plus en plus handicapante depuis l'âge de ses 10 ans et devenu amnésique, à 27 ans, à la suite d'une opération chirurgicale destinée à supprimer le foyer de son épilepsie et"
Q127470;vivant;"Holothurie";"Sea cucumber";"phare+saviez";8;0;ecrit;"fr";2026-09-03;2026-09-07;;"Menacée, elle expulse ses propres organes internes par l'anus vers l'agresseur, puis les reconstitue en quelques semaines.";"Les Holothuries (Holothuroidea) sont une classe d'animaux marins de l'embranchement des échinodermes au corps mou et oblong et possédant un cercle de tentacules autour de la bouche."
Q40171;esprit;"Homme de Néandertal";"Neanderthal";"phare+saviez";8;2;ecrit;"fr";2026-09-03;2026-09-07;;"Chaque Européen porte environ 2 % d'ADN néandertalien, qui influence encore son sommeil, sa peau et sa sensibilité à la douleur.";"L'Homme de Néandertal (Homo neanderthalensis), ou Néandertalien, est une espèce éteinte du genre Homo, qui a vécu en Europe, au Moyen-Orient et en Asie centrale, jusqu'à environ 40 000 ans avant le présent."
Q244937;histoire;"Homme de Piltdown";"Piltdown Man";"phare+saviez";8;2;ecrit;"fr";2026-09-03;2026-09-07;;"Un crâne d'homme préhistorique a trompé les scientifiques britanniques quarante ans avant qu'on découvre une mâchoire d'orang-outan limée et teintée.";"L'homme de Piltdown, Eoanthropus dawsoni (« l'homme de l'aube de Dawson ») puis Homo dawsoni ou Homo piltdownensis, est une supercherie paléoanthropologique du début du XXe siècle."
Q640037;mysteres;"Hope (diamant)";"Hope Diamond";"phare+saviez";8;1;a-ecrire;"";2026-09-03;;;"En 1958, le plus célèbre diamant du monde a été envoyé au Smithsonian dans un simple paquet brun, affranchi à 2,44 dollars.";"Le Hope, du nom de la famille qui en fut propriétaire à partir de 1824, est un diamant de 45,52 carats retaillé à partir du Bleu de France, un diamant bleu de la Couronne volé en 1792 et recelé en Angleterre."
Q389378;esprit;"Hospitalisme";"Hospitalism";"phare";8;0;a-ecrire;"";2026-09-03;;;"Des nourrissons nourris et soignés mais jamais pris dans les bras dépérissaient dans les orphelinats, et l'on ne comprenait pas pourquoi.";"L'hospitalisme est un état dépressif avec régression physique et psychique qui se manifeste chez certains enfants séparés précocement de tout lien d’affection (carence affective totale)."
Q29272;arts;"Hôtel Ryugyong";"Ryugyong Hotel";"insolite+phare";8;2;a-ecrire;"";2026-09-03;;;"Un gratte-ciel pyramidal de trois cent trente mètres est resté vide, sans vitres ni intérieur, pendant plus de vingt ans.";"L'hôtel Ryugyong (en coréen : 류경호텔) aussi translittéré Ryugyŏng / Ryugyeong Hotel – ou encore Ryu-Gyong Hotel ou Yu-Kyung Hotel – est un gratte-ciel pyramidal de 105 étages situé dans le quartier de Potong-gang à Pyongyang en Corée du Nord."
Q695052;histoire;"Hyperinflation de la république de Weimar";"Hyperinflation in the Weimar Republic";"phare+saviez";8;0;ecrit;"fr";2026-09-03;2026-09-07;;"Les ouvriers étaient payés deux fois par jour et couraient dépenser leurs billets avant qu'ils ne perdent la moitié de leur valeur.";"L'hyperinflation de la république de Weimar est la période de très forte augmentation des prix que connaît l'Allemagne entre juin 1921 et janvier 1924 et plus précisément durant l'année 1923."
Q425608;mysteres;"";"Hyperion (tree)";"phare+saviez";8;3;a-ecrire;"";2026-09-03;;;"Le plus haut arbre de la planète mesure 116 mètres, et l'accès à son secteur est désormais passible d'amende pour empêcher qu'on l'abîme.";"Hypérion est le nom d'un séquoia à feuilles d'if de Californie du Nord d’environ 800 ans dont la taille est de 116 mètres, ce qui en fait l'arbre le plus haut du monde connu."
Q595010;esprit;"Hypertrichose";"Hypertrichosis";"insolite+phare+saviez";8;2;ecrit;"fr";2026-09-03;2026-09-07;;"Une pilosité qui recouvre tout le visage a valu à des familles entières plusieurs générations de carrière dans les foires.";"L’hypertrichose est le symptôme d'un dérèglement lié à des mutations génétiques (pouvant devenir héréditaire) qui se manifeste, chez l'homme ou la femme, par une pilosité envahissante sur une partie du corps ou sa totalité."
Q168776;histoire;"";"Ibrahim (Ottoman sultan)";"phare+saviez";8;2;ecrit;"fr";2026-09-03;2026-09-07;;"Un sultan ottoman tapissait ses appartements de fourrure de zibeline et aurait fait noyer deux cents femmes de son harem sur une simple rumeur.";"Ibrahim Ier, né le 5 novembre 1615 à Constantinople et mort assassiné le 18 août 1648 dans la même ville, dit Ibrahim le fou (en turc: Deli İbrahim), est sultan de l'Empire ottoman et calife de l’islam de 1640 à 1648."
Q161258;histoire;"Île Clipperton";"Clipperton Island";"phare+saviez";8;1;ecrit;"fr";2026-09-03;2026-09-07;;"Une garnison mexicaine oubliée sur un atoll a vu son gardien de phare s'autoproclamer roi et terroriser les dernières femmes survivantes.";"L'île de la Passion-Clipperton ou île de Clipperton, aussi appelée île Clipperton, Clipperton ou île de la Passion, est une possession française composée d'un unique atoll situé dans l'est de l'océan Pacifique nord."
Q191750;histoire;"Îlot Persil";"Perejil Island";"phare";8;3;ecrit;"fr";2026-09-03;2026-09-07;;"En 2002, l'Espagne a monté une opération militaire pour reprendre à six gendarmes marocains un caillou inhabité peuplé de chèvres.";"L'îlot Persil (en espagnol : Isla de Perejil ; en amazigh : Tura ou Thoura ; en arabe : جزيرة تورة) ou îlot Leïla est un territoire situé en Méditerranée au large des côtes marocaines, à moins de 2 km à l'ouest de la plage Belyounech."
Q3244543;terre;"Incendie de Peshtigo";"Peshtigo fire";"phare+saviez";8;2;a-ecrire;"";2026-09-03;;;"Le feu le plus meurtrier de l'histoire américaine a tué quinze cents personnes le soir même du grand incendie de Chicago, qui a volé toute l'attention.";"L'incendie de Peshtigo est un très grand feu de forêt qui a eu lieu le 8 octobre 1871 dans le nord-est du Wisconsin, aux États-Unis, comprenant une grande partie de la moitié sud de la péninsule de Door et des parties adjacentes de la péninsule supérieure du Michigan."
Q5674582;histoire;"Incendie du cirque de Hartford";"Hartford circus fire";"phare";8;1;ecrit;"fr";2026-09-03;2026-09-07;;"Le chapiteau était imperméabilisé à la paraffine et à l'essence; il a brûlé en dix minutes en 1944 et tué cent soixante-sept spectateurs.";"L'incendie du cirque de Hartford est survenu le 6 juillet 1944 à Hartford, dans le Connecticut, aux États-Unis. Il s'agit de l'un des pires incendies de l'histoire des États-Unis."
Q897768;histoire;"Incendie du Cocoanut Grove";"Cocoanut Grove fire";"phare";8;3;ecrit;"fr";2026-09-03;2026-09-07;;"Une porte tournante bloquée par la panique a transformé une boîte de nuit de Boston en piège mortel pour près de cinq cents personnes.";"L’incendie du Cocoanut Grove est un incendie qui a lieu le 28 novembre 1942, au Cocoanut Grove, une boîte de nuit de la ville de Boston, dans l'État du Massachusetts, aux États-Unis."
Q180012;arts;"Inscription de Behistun";"Behistun inscription";"phare+saviez";8;1;a-ecrire;"";2026-09-03;;;"Pour copier ce texte perse, un officier britannique est resté des mois suspendu à une falaise, à cent mètres du sol.";"L’inscription de Behistun (ou Béhistoun ou Bisistun ou Bisutun) est une inscription monumentale décrivant les conquêtes de Darius Ier en trois langues : le vieux perse, l’élamite et l’akkadien."
Q7504674;mysteres;"Inscription de Shugborough";"Shugborough inscription";"phare+saviez";8;4;a-ecrire;"";2026-09-03;;;"Huit lettres gravées sur un monument anglais du XVIIIe siècle ont résisté à Dickens, à Darwin et aux codeurs de Bletchley Park.";"L’inscription de Shugborough est une séquence de huit lettres : O U O S V A V V, entre les deux lettres D M. Elle a été sculptée au XVIIIe siècle dans le Shepherd's Monument sur le site de Shugborough Hall à Staffordshire en Angleterre, en dessous d'un relief en miroir de la peinture de Nicolas Poussin, Et in Arcadia ego (les Bergers d'Arcadie)."
Q421368;esprit;"Iproniazide";"Iproniazid";"phare";8;0;a-ecrire;"";2026-09-03;;;"Des tuberculeux traités se sont mis à danser dans les couloirs de l'hôpital : le premier antidépresseur venait d'être trouvé par accident.";"L'iproniazide est un inhibiteur de monoamine oxydase de structure hydrazidique. Son mécanisme d’action sur la dépression n'est pas complètement connu."
Q25409561;histoire;"Isabel Godin des Odonais";"Isabel Godin des Odonais";"phare";8;4;publie;"fr";2026-09-03;;2026-09-05;"Après avoir perdu tous ses compagnons dans la jungle amazonienne, elle a marché seule pendant des semaines et retrouvé son mari vingt ans après leur séparation.";"Isabel Godin des Odonais, parfois dénommée Doña Isabel dans la littérature moderne, née en 1728 à Guayaquil, vice-royauté du Pérou, aujourd'hui en Équateur, et morte le 28 septembre 1792 à Saint-Amand-Montrond, (France), est la première femme à traverser l'Amazonie de bout en bout."
Q687168;arts;"";"Ise Shrine";"phare+saviez";8;1;a-ecrire;"";2026-09-03;;;"Le sanctuaire est démoli et rebâti à l'identique tous les vingt ans depuis treize siècles, sur un terrain jumeau juste à côté.";"Le sanctuaire d'Ise (伊勢神宮, Ise-jingū), aussi connu comme le grand sanctuaire d'Ise (伊勢大神宮, Ise-daijingū), est le sanctuaire shinto le plus important du Japon, considéré comme le lieu le plus sacré de cette religion."
Q937315;arts;"Jeu royal d'Ur";"Royal Game of Ur";"phare+saviez";8;0;a-ecrire;"";2026-09-03;;;"Les règles d'un jeu de plateau vieux de quatre mille cinq cents ans ont été retrouvées gravées sur une tablette : on y rejoue aujourd'hui.";"Le jeu royal d'Ur, ou jeu des vingt carrés, est un jeu de l'ancienne Mésopotamie. Il est connu par deux plateaux, découverts dans des tombes royales d'Ur par Leonard Woolley dans les années 1920."
Q233974;sciences;"";"Jocelyn Bell Burnell";"phare+saviez";8;4;a-ecrire;"";2026-09-03;;;"Elle a repéré le premier pulsar à l'œil sur des kilomètres de papier millimétré ; le Nobel a récompensé son directeur de thèse.";"Jocelyn Bell Burnell, née Susan Jocelyn Bell le 15 juillet 1943, est une astrophysicienne britannique. Elle est connue pour sa découverte du premier pulsar, pour laquelle son directeur de thèse Antony Hewish obtient le prix Nobel, ce qui déclenche une très vive controverse."
Q16120612;histoire;"John Darwin";"John Darwin (historian)";"phare";8;0;ecrit;"fr";2026-09-03;2026-09-07;;"Un Anglais a simulé sa mort en canoë et vécu cinq ans caché dans la maison mitoyenne de celle de sa femme, jusqu'à une photo trouvée sur Internet.";"Gareth John Darwin (né le 29 juin 1948) est un historien et universitaire britannique spécialisé dans l'histoire de l'Empire britannique. De 1984 à 2019, il est maître de conférences Beit en histoire du Commonwealth à l'Université d'Oxford et membre du Nuffield College d'Oxford."
Q403394;histoire;"";"Juan Pujol García";"insolite+phare";8;2;publie;"fr";2026-09-03;;2026-09-05;"Un Espagnol a inventé vingt-sept agents imaginaires, s'est fait rembourser leurs frais par Berlin, et a été décoré par les deux camps.";"Joan Pujol i Garcia (forme catalane), ou Juan Pujol García (forme espagnole), né le 14 février 1912 à Barcelone et mort le 10 octobre 1988 à Caracas, est un agent double espagnol qui a travaillé pour les Britanniques, considéré comme le plus grand agent double durant la Seconde Guerre mondiale."
Q95273;mysteres;"Juliane Koepcke";"Juliane Koepcke";"phare";8;1;a-ecrire;"";2026-09-03;;;"À dix-sept ans elle tombe d'un avion foudroyé au-dessus de l'Amazonie, encore sanglée à son siège, puis marche onze jours jusqu'à des bûcherons.";"Juliane Margaret Beate Koepcke, également connue sous son nom de femme mariée, Juliane Diller, née le 10 octobre 1954 à Lima (Pérou), est une biologiste germano-péruvienne, principalement connue pour être la seule survivante de l'accident d'avion du vol LANSA 508 le 24 décembre 1971, après avoir sur"
Q697195;sciences;"";"Julius Edgar Lilienfeld";"phare";8;0;a-ecrire;"";2026-09-03;;;"Le transistor à effet de champ avait été breveté dès 1925, ce qui a empêché les laboratoires Bell de breveter le leur vingt ans plus tard.";"Julius Edgar Lilienfeld, né le 18 avril 1882 à Lemberg (en Autriche-Hongrie) dans une famille juive, mort le 28 août 1963 à Charlotte Amalie (Iles Vierges), émigré aux États-Unis en 1927, est un physicien et inventeur austro-hongrois."
Q629940;sciences;"";"Karatsuba algorithm";"phare";8;0;a-ecrire;"";2026-09-03;;;"Un étudiant de vingt-trois ans a réfuté en une semaine une conjecture de Kolmogorov et divisé pour toujours le coût de la multiplication.";"En informatique, l'algorithme de Karatsuba est un algorithme pour multiplier rapidement deux nombres de n chiffres avec une complexité temporelle en O(nlog2(3)) ≈ O(n1,585) au lieu de O(n2) pour la méthode naïve."
Q90657516;cosmos;"";"KELT-9b";"phare";8;1;ecrit;"fr";2026-09-03;2026-09-07;;"Sa face éclairée atteint 4 300 °C, plus chaud que bien des étoiles ; les molécules y sont déchirées en atomes.";"KELT-9 b est une exoplanète de type Jupiter ultra-chaud membre du système KELT-9 (aussi appelé HD 195689). La découverte de cette planète est annoncée le 5 juin 2017."
Q47272;cosmos;"Kepler (télescope spatial)";"Kepler space telescope";"phare+saviez";8;3;ecrit;"fr";2026-09-03;2026-09-07;;"Deux roues de pointage cassées, la mission a été sauvée en équilibrant le télescope sur la simple pression de la lumière solaire.";"Kepler est un télescope spatial développé par l'agence spatiale américaine, la NASA, pour détecter des exoplanètes."
Q660787;cosmos;"Kepler-16 b";"Kepler-16b";"phare+saviez";8;1;ecrit;"fr";2026-09-03;2026-09-07;;"Depuis sa surface, on verrait deux soleils se coucher côte à côte, comme dans le film.";"Kepler-16 (AB) b, ou Kepler-16 b de façon usuelle, est une planète extrasolaire (exoplanète) circumbinaire confirmée en orbite dans la zone habitable du système stellaire Kepler-16 (AB), une étoile binaire à éclipses de type Algol située à une distance de ∼ 245 a.l."
Q6334918;cosmos;"Kepler-70 b";"Kepler-70b";"phare";8;2;publie;"fr";2026-09-03;;2026-09-05;"Cette planète a survécu à l'engloutissement par sa géante rouge et l'orbite désormais en cinq heures et demie, à 7 000 °C.";"Kepler-70 b (KOI-55.01, parfois noté KOI-55 b) est une planète extrasolaire (exoplanète) confirmée en orbite autour de l'étoile Kepler-70 (KOI-55), une sous-naine (classe de luminosité VI) bleue-blanche (type spectral O) située dans la constellation boréale du Cygne ; et située à environ 4000 années-lumière du Système solaire."
Q110727;vivant;"Kha-nyou";"Laotian rock rat";"phare+saviez";8;2;publie;"fr";2026-09-03;;2026-09-05;"Trouvé sur un marché laotien, ce rongeur s'est révélé appartenir à une famille que l'on croyait éteinte depuis onze millions d'années.";"Le Kanyou (Laonastes aenigmamus) ou kha-nyou (lao : ຂະຍຸ), est un rongeur découvert au Laos dans la province de Khammouane dans les montagnes calcaires karstiques escarpées des Annamites en 1996 et définitivement décrit comme une nouvelle espèce dans un article publié le 18 avril 2005 par Paulina D."
Q188698;terre;"Kīlauea";"Kīlauea";"phare";8;1;a-ecrire;"";2026-09-03;;;"En 2018, une fissure s'est ouverte dans un lotissement hawaïen, a englouti sept cents maisons et vidé un lac de lave de cinq cents mètres de profondeur.";"Le Kīlauea ou Kilauea est un volcan situé dans le sud-est de l'île d'Hawaï, elle-même située dans le sud-est de l'archipel d'Hawaï aux États-Unis. Ce volcan bouclier s'est construit au pied du Mauna Loa voisin et culmine à 1 246,2 mètres d'altitude, ce qui en fait l'un des plus imposants du monde si on tient compte de l'empilement total de ses coulées de lave."
Q14468623;cosmos;"Kilonova";"Kilonova";"phare";8;3;ecrit;"fr";2026-09-03;2026-09-07;;"La collision de deux étoiles à neutrons en 2017 a fabriqué plusieurs fois la masse de la Terre en or pur.";"Une kilonova, aussi nommée macronova ou supernova à processus r, est un phénomène astronomique qui se produit lors de la fusion de deux étoiles à neutrons ou d'une étoile à neutrons et d'un trou noir, dans un système binaire."
Q296790;esprit;"Kim Peek";"Kim Peek";"phare+saviez";8;0;publie;"fr";2026-09-03;;2026-09-05;"Né sans corps calleux, il lisait deux pages à la fois, une par œil, et connaissait par cœur près de douze mille livres.";"Laurence Kim Peek, né le 11 novembre 1951 à Salt Lake City et mort dans cette même ville le 19 décembre 2009, est un Américain atteint du syndrome du savant. Tout en étant doué d'une mémoire eidétique, il souffrait de difficultés dans la vie en société, possibles résultats d'anomalies congénitales du cerveau."
Q569198;cosmos;"";"Kosmos 954";"phare+saviez";8;5;ecrit;"fr";2026-09-03;2026-09-07;;"Un satellite soviétique à réacteur nucléaire s'est désintégré au-dessus du Canada, semant des débris radioactifs sur six cents kilomètres.";"Cosmos-954 était un satellite espion de l'Union soviétique de type Radar Ocean Reconnaissance Satellite (RORSAT) et rendu célèbre pour avoir été en 1978 la cause du premier incident spatial nucléaire."
Q1785742;terre;"";"Koyna Dam";"phare";8;0;a-ecrire;"";2026-09-03;;;"Remplir un réservoir indien a déclenché un séisme de magnitude 6,3 qui a tué près de deux cents personnes en 1967.";"Le barrage de Koyna est un barrage dans le Maharashtra en Inde sur le Koyna. Il est associé à une centrale hydroélectrique de 1 960 MW."
Q82613;terre;"Krakatoa";"Krakatoa";"phare+saviez";8;1;a-ecrire;"";2026-09-03;;;"Un flanc du volcan s'est effondré dans la mer un soir de décembre 2018 : le tsunami a frappé sans le moindre séisme annonciateur.";"Le Krakatoa, Krakatau ou Gunung Krakatau en indonésien et en javanais, est un volcan de subduction du détroit de la Sonde, entre Sumatra et Java (Indonésie), dont les éruptions sont à forte dominante explosive."
Q41390;sciences;"Kurt Gödel";"Kurt Gödel";"phare";8;0;a-ecrire;"";2026-09-03;;;"Il a démontré qu'aucune mathématique ne pourra jamais tout démontrer, puis s'est laissé mourir de faim en refusant toute nourriture que sa femme n'avait pas goûtée.";"Kurt Gödel est un logicien et mathématicien autrichien naturalisé américain, né le 28 avril 1906 à Brünn (Autriche-Hongrie) et mort le 14 janvier 1978 à Princeton (États-Unis)."
Q465878;arts;"L'Art de la fugue";"The Art of Fugue";"insolite+phare";8;1;a-ecrire;"";2026-09-03;;;"La dernière fugue de Bach s'interrompt net au milieu d'une mesure, juste après qu'il a signé son nom en notes de musique.";"L'Art de la fugue (en allemand : Die Kunst der Fuge) est une œuvre inachevée de Jean-Sébastien Bach (BWV 1080). Bach a commencé sa composition aux alentours de 1740 ou 1742, et l'a mise au propre vers 1745."
Q5513;terre;"Lac Baïkal";"Lake Baikal";"phare+saviez";8;0;a-ecrire;"";2026-09-03;;;"Il contient un cinquième de l'eau douce liquide de la planète, plonge à mille six cent quarante-deux mètres et gèle en glace transparente.";"Le lac Baïkal (prononcé : /baj.kal/, en russe : Озеро Байкал, Ozero Baïkal, /ˈozʲɪrə bɐjˈkaɫ/, en bouriate : Байгал далай, Baigal dalai), aussi appelé la mer sacrée, est le plus profond lac de rift du monde."
Q2641234;terre;"Lac Chagan";"";"phare+saviez";8;2;a-ecrire;"";2026-09-03;;;"Les Soviétiques ont creusé ce lac à la bombe nucléaire en 1965, puis filmé des officiels s'y baignant pour rassurer la population.";"Le lac Chagan (ou lac Balapan), situé au Kazakhstan, est un lac créé par l'essai nucléaire Chagan effectué le 15 janvier 1965 par l'Union soviétique, dans le cadre du programme pacifique d'explosions nucléaires pour l'économie nationale."
Q464945;terre;"Lac Poopó";"Lake Poopó";"phare+saviez";8;2;a-ecrire;"";2026-09-03;;;"Le deuxième lac de Bolivie, grand comme un département français, s'est totalement asséché en 2015.";"Le lac Poopó est un ancien lac salin de Bolivie disparu fin 2015. Il était situé à environ 3 686 mètres d'altitude sur l'Altiplano à 75 km au sud d'Oruro, dans une région de climat aride."
Q125309;terre;"Lac Tchad";"Lake Chad";"phare";8;0;a-ecrire;"";2026-09-03;;;"Le lac a perdu près de 90 % de sa surface en un demi-siècle, sous les yeux de quarante millions de riverains.";"Le lac Tchad est un grand lac endoréique d'eau douce situé à la frontière entre le Niger (au nord-ouest), le Nigeria (au sud-ouest), le Cameroun (au sud) et le Tchad (à l'est)."
Q152044;terre;"Lac Vostok";"Lake Vostok";"phare+saviez";8;0;a-ecrire;"";2026-09-03;;;"Sous quatre kilomètres de glace dort un lac de la taille de la Corse, coupé du monde depuis quinze millions d'années.";"Le lac Vostok (en russe : О́зеро Восто́к, [ˈozʲɪrə vɐˈstok]) est le plus grand des lacs subglaciaires de l'Antarctique. Il se situe en dessous de la station soviétique puis russe de Vostok, dont la surface de l'inlandsis se situe à cet endroit à 3 488 m d'altitude."
Q1797842;cosmos;"";"LAGEOS";"phare+saviez";8;1;ecrit;"fr";2026-09-03;2026-09-07;;"Ce satellite emporte une plaque adressée aux humains de l'an huit millions quatre cent mille, date prévue de sa retombée.";"Les satellites LAGEOS (Laser Geodynamics Satellite) sont une série de deux satellites artificiels à vocation géodésique en orbite terrestre."
Q1070248;terre;"";"Lake Kaindy";"phare";8;0;a-ecrire;"";2026-09-03;;;"Une forêt d'épicéas noyée par un séisme se dresse toujours, droite et intacte, sous trente mètres d'eau glacée.";"Le lac Kaindy (kazakh : Қайыңды көлі, russe : Каинды) est un lac du Kazakhstan."
Q1345427;histoire;"";"Lal Bihari";"insolite+phare";8;2;publie;"fr";2026-09-03;;2026-09-05;"Déclaré mort par son oncle pour lui voler ses terres, il a fondé en Inde une association de morts vivants et s'est présenté aux élections.";"Lal Bihari (ou Lal Bihari Mritak, लाल बिहारी “मृतक”), né en 1961 dans le district d'Azamgarh, est un paysan d'Uttar Pradesh (Inde). Officiellement déclaré mort de 1976 à 1994, il s'est battu contre le gouvernement indien pendant 18 ans pour prouver qu'il était vivant."
Q161528;vivant;"";"Large blue";"phare+saviez";8;0;publie;"fr";2026-09-03;;2026-09-05;"Cette chenille imite l'odeur et le chant d'une larve de fourmi, se fait porter dans la fourmilière, et y dévore le couvain pendant dix mois.";"L’Azuré du serpolet (Phengaris arion) est une espèce de lépidoptères (papillons) de la famille des Lycaenidae, de la sous-famille des Polyommatinae et du genre Phengaris."
Q255371;sciences;"Laser Interferometer Gravitational-Wave Observatory";"LIGO";"phare";8;0;a-ecrire;"";2026-09-03;;;"Ce détecteur mesure, sur des bras de quatre kilomètres, des variations de longueur mille fois plus petites qu'un proton.";"Le Laser Interferometer Gravitational-Wave Observatory (« Observatoire d'ondes gravitationnelles par interférométrie laser »), en abrégé LIGO, est une expérience de physique à grande échelle dont le but est de détecter directement les ondes gravitationnelles."
Q212616;histoire;"Le Radeau de la Méduse";"The Raft of the Medusa";"phare+saviez";8;2;ecrit;"fr";2026-09-03;2026-09-07;;"Cent cinquante naufragés sont montés sur un radeau improvisé ; quinze en sont descendus, après treize jours de meurtres et de cannibalisme.";"Le Radeau de la Méduse est une peinture à l'huile sur toile, réalisée de 1818 à 1819 par le peintre et lithographe romantique français Théodore Géricault (1791-1824)."
Q2657071;arts;"Le Voleur et le Cordonnier";"The Thief and the Cobbler";"phare";8;1;a-ecrire;"";2026-09-03;;;"Commencé en 1964 puis arraché à son auteur, ce film d'animation a mis près de trente ans à sortir, dans une version qu'il a reniée.";"Le Voleur et le Cordonnier (The Thief and the Cobbler) est un long-métrage d'animation réalisé par le réalisateur Canadien, Richard Williams et distribué par Miramax Films."
Q654136;sciences;"";"Leidenfrost effect";"phare+saviez";8;3;a-ecrire;"";2026-09-03;;;"Une goutte d'eau survit plus longtemps sur une plaque brûlante que sur une plaque tiède, parce qu'elle flotte sur son propre coussin de vapeur.";"L'effet Leidenfrost est le phénomène qui met en caléfaction une goutte d'un liquide sur une plaque chaude. Le principe étant qu'une fine pellicule de vapeur se crée à partir du liquide et isole de la chaleur."
Q1143549;sciences;"Lenna";"Lenna";"insolite+phare";8;4;a-ecrire;"";2026-09-03;;;"Pendant quarante ans, les algorithmes d'image du monde entier ont été testés sur la photo scannée à la hâte d'un magazine pour adultes.";"Lenna (ou plus justement Lena) est un morceau de photo de la playmate Lena Forsén du numéro de novembre (miss novembre) 1972 du magazine Playboy. Elle sert d'image de test pour les algorithmes de traitement d'images et est devenue de facto un standard industriel et scientifique, avant d'être progressivement abandonné du fait du sexisme qui sous-tend ce choix."
Q185243;cosmos;"Lentille gravitationnelle";"Gravitational lens";"phare+saviez";8;1;ecrit;"fr";2026-09-03;2026-09-07;;"La masse d'un amas courbe la lumière au point de montrer la même supernova quatre fois, à quatre dates différentes.";"En astrophysique, une lentille gravitationnelle, ou mirage gravitationnel, est produit par la présence d'un corps céleste très massif (tel, par exemple, un amas de galaxies) se situant entre un observateur et une source « lumineuse » lointaine."
Q2543762;esprit;"Leonid Rogozov";"Leonid Rogozov";"phare+saviez";8;1;a-ecrire;"";2026-09-03;;;"Seul médecin d'une base antarctique, il s'est opéré lui-même de l'appendicite, à demi couché, en s'aidant d'un miroir.";"Leonid Ivanovitch Rogozov (en russe : Леонид Иванович Рогозов), né le 14 mars 1934 dans l'oblast de Tchita et mort le 21 septembre 2000 à Saint-Pétersbourg, est un médecin soviétique puis russe."
Q48978014;mysteres;"Les Cinq du comté de Yuba";"Yuba County Five";"phare+saviez";8;2;a-ecrire;"";2026-09-03;;;"Cinq hommes rentrant d'un match ont abandonné leur voiture en état de marche pour monter à trente kilomètres dans la montagne enneigée.";"L’affaire dite des Cinq du comté de Yuba désigne la disparition mystérieuse de cinq jeunes hommes originaires du comté de Yuba, en Californie (États-Unis). Dans la nuit du 24 au 25 février 1978, après avoir assisté à un match de basket-ball à Chico, cinq jeunes hommes disparaissent sans laisser de trace."
Q24323;arts;"Les Sept Piliers de la sagesse";"Seven Pillars of Wisdom";"phare";8;1;a-ecrire;"";2026-09-03;;;"Lawrence a oublié l'unique manuscrit de son livre sur un banc de gare, et l'a réécrit entièrement de mémoire.";"Les Sept Piliers de la sagesse (en anglais : Seven Pillars of Wisdom: A Triumph) est le récit autobiographique des aventures de Thomas Edward Lawrence (plus connu sous le nom de « Lawrence d'Arabie ») alors qu'il était officier de liaison britannique auprès des forces arabes lors de la révolte arabe de 1916-1918 contre l'Empire ottoman."
Q190102;arts;"Linéaire B";"Linear B";"phare+saviez";8;1;a-ecrire;"";2026-09-03;;;"Un architecte amateur a déchiffré seul cette écriture et découvert qu'elle notait du grec, plusieurs siècles avant Homère.";"Le linéaire B est un syllabaire utilisé pour l'écriture du mycénien, une forme archaïque du grec ancien. Il se compose d'environ 87 signes."
Q134358;vivant;"";"Lineus longissimus";"phare+saviez";8;0;ecrit;"fr";2026-09-03;2026-09-07;;"Un spécimen échoué en Écosse mesurait plus de cinquante mètres, ce qui en fait peut-être le plus long animal du monde.";"Le Ver lacet (Lineus longissimus) ou Ver rubané géant est une espèce de vers marins de l'embranchement des némertes, ou « vers rubans ». C'est le plus long des animaux connus, avec des spécimens qui atteignent 30 m et une longueur maximale enregistrée de plus de 50 m."
Q56189;sciences;"Lise Meitner";"Lise Meitner";"phare+saviez";8;0;a-ecrire;"";2026-09-03;;;"Elle a compris et nommé la fission nucléaire depuis son exil suédois, mais le prix Nobel est allé au seul collègue resté à Berlin.";"Elise « Lise » Meitner, née le 7 ou le 17 novembre 1878 à Vienne en Autriche et morte le 27 octobre 1968 à Cambridge, en Angleterre, est une physicienne autrichienne naturalisée suédoise."
Q6628626;terre;"";"List of mines in India";"phare";8;0;a-ecrire;"";2026-09-03;;;"Des dizaines de foyers souterrains rongent le bassin houiller depuis 1916 ; le sol s'ouvre parfois sous les maisons encore habitées.";"Voici une liste de mines situées en Inde, triée en fonction du type de production."
Q541080;esprit;"Lithopédion";"Lithopedion";"insolite+phare+saviez";8;1;publie;"fr";2026-09-03;;2026-09-05;"Une grossesse hors de l'utérus peut se calcifier et rester des décennies dans l'abdomen : un enfant de pierre, parfois découvert à l'autopsie.";"Le lithopédion est un fœtus issu d'une grossesse extra-utérine non arrivée à terme, et qui est mort sans avoir été expulsé, sachant que celui-ci n'a pas été diagnostiqué durant cette période."
Q120919994;sciences;"LK-99";"LK-99";"phare";8;0;a-ecrire;"";2026-09-03;;;"Un supraconducteur à température ambiante annoncé en 2023 a électrisé la planète pendant trois semaines avant de se révéler être une simple impureté.";"Le LK-99, de formule Pb9Cu(PO4)6O, est le nom commercial[réf. non conforme] d'un matériau potentiellement diamagnétique."
Q13745;histoire;"Llívia";"Llívia";"phare+saviez";8;7;ecrit;"fr";2026-09-03;2026-09-07;;"Un village espagnol est enclavé en France depuis 1659 parce que le traité cédait des villages, et que Llívia avait le statut de ville.";"Llívia (en catalan : /ˈʎiβiə/ ; en espagnol : Llivia, /ˈʎiβja/) est une ville espagnole située en Cerdagne, dans la partie orientale des Pyrénées. Son territoire de 12,83 km2 présente la particularité d'être une enclave en France, dans le département des Pyrénées-Orientales."
Q207684;esprit;"Lobotomie";"Lobotomy";"phare";8;4;publie;"fr";2026-09-03;;2026-09-05;"Un prix Nobel de médecine a récompensé en 1949 une opération que l'on pratiquerait bientôt au pic à glace, par l'orbite, en dix minutes.";"La lobotomie est une opération chirurgicale du cerveau qui consiste à sectionner ou à altérer la substance blanche d’un lobe cérébral. Elle est désormais interdite dans de nombreux pays et n'est plus considérée comme une bonne pratique dans la médecine actuelle."
Q970308;histoire;"Locomotive Act";"Locomotive Acts";"phare";8;3;ecrit;"fr";2026-09-03;2026-09-07;;"Une loi anglaise a exigé qu'un homme à pied agitant un drapeau rouge marche devant chaque automobile, limitée à six kilomètres à l'heure, jusqu'en 1896.";"Le Locomotive Act (aussi connu sous le nom de Red Flag Act) désigne le Locomotives Act 1865 introduit par le parlement britannique dans une série de mesures destinées à limiter l'emploi des véhicules à moteur sur la voie publique."
Q411827;terre;"Lonsdaléite";"Lonsdaleite";"phare";8;1;a-ecrire;"";2026-09-03;;;"Ce diamant hexagonal né du choc des météorites serait jusqu'à 58 % plus dur que le diamant ordinaire.";"La lonsdaléite est un minéral, l'une des trois formes cristallisées naturelles du carbone avec le diamant et le graphite. Son nom est un hommage à la cristallographe britannique Kathleen Lonsdale (1903-1971)."
Q18028670;esprit;"";"LRP5";"phare";8;0;ecrit;"fr";2026-09-03;2026-09-07;;"Une famille dont les os sont si denses qu'aucun de ses membres ne s'est jamais rien cassé, accidents de voiture compris.";"Low-density lipoprotein receptor-related protein 5 is a protein that in humans is encoded by the LRP5 gene. LRP5 is a key component of the LRP5/LRP6/Frizzled co-receptor group that is involved in canonical Wnt pathway."
Q261052;cosmos;"Lunokhod 1";"Lunokhod 1";"phare";8;1;ecrit;"fr";2026-09-03;2026-09-07;;"Perdu pendant quarante ans, le rover a été retrouvé en 2010 par un tir laser qui a rebondi sur son réflecteur.";"Lunokhod 1 est le premier des deux rovers (astromobiles) envoyés sur la Lune par l'Union soviétique dans le cadre du programme Lunokhod. Le vaisseau qui a transporté Lunokhod 1 s'appelait Luna 17."
Q18808368;mysteres;"Lyle Stevik";"Lyle Stevik";"phare+saviez";8;2;a-ecrire;"";2026-09-03;;;"Un homme s'est pendu dans un motel sous un nom emprunté à un roman ; il a fallu dix-sept ans pour apprendre le vrai.";"Lyle Stevik est le faux nom utilisé par un homme non identifié qui s'est suicidé par pendaison en 2001 dans un motel à Amanda Park dans l'État de Washington aux États-Unis."
Q485257;sciences;"Machine analytique";"Analytical engine";"phare";8;1;a-ecrire;"";2026-09-03;;;"Conçue en 1837, cette machine à vapeur possédait déjà mémoire, processeur, boucles et branchements conditionnels, un siècle avant le premier ordinateur.";"La machine analytique (analytical engine en anglais) est une calculatrice mécanique programmable imaginée en 1834 par le mathématicien anglais Charles Babbage. Il ne la réalisera jamais (sauf pour un prototype inachevé), mais il passera le reste de sa vie à la concevoir dans les moindres détails."
Q182324;arts;"Machine d'Anticythère";"Antikythera mechanism";"insolite+phare+saviez";8;1;publie;"fr";2026-09-03;;2026-09-05;"Repêché par des pêcheurs d'éponges, cet engrenage grec prédisait les éclipses et les dates des Jeux olympiques.";"La machine d'Anticythère, appelée également mécanisme d'Anticythère, est considérée comme le premier calculateur analogique antique permettant de calculer des positions astronomiques."
Q23361;sciences;"";"Magdeburg hemispheres";"phare";8;1;a-ecrire;"";2026-09-03;;;"En 1654, seize chevaux tirant en sens inverse n'ont pas réussi à séparer deux demi-sphères de cuivre que rien ne retenait, sinon le vide.";"Les hémisphères de Magdebourg sont un dispositif expérimental d'Otto von Guericke, bourgmestre de Magdebourg, ayant servi, en 1654, à démontrer l'existence du vide et la notion de pression de l'air."
Q2666855;terre;"Mammoth Cave";"";"phare";8;0;a-ecrire;"";2026-09-03;;;"Plus de six cent quatre-vingts kilomètres de galeries y ont été cartographiés, et on n'a toujours pas trouvé la fin.";"Mammoth Cave est une grotte américaine dans le Kentucky. Plus longue cavité naturelle du monde, elle est protégée au sein du parc national de Mammoth Cave."
Q130940;arts;"";"Marcha Real";"phare+saviez";8;1;a-ecrire;"";2026-09-03;;;"L'hymne espagnol n'a aucune parole officielle : toutes les tentatives d'en écrire ont été abandonnées depuis deux siècles.";"La Marcha Real (litt. « Marche royale ») est l'hymne national et royal de l'Espagne."
Q272504;histoire;"Marcus Garvey";"Marcus Garvey";"phare+saviez";8;0;ecrit;"fr";2026-09-03;2026-09-07;;"Il a lu dans la presse sa propre nécrologie, particulièrement sévère, et en est mort d'une attaque quelques jours plus tard.";"Marcus Mosiah Garvey, né le 17 août 1887 à Saint Ann’s Bay, Jamaïque, et mort le 10 juin 1940 à Hammersmith, Londres, est un militant noir des droits civiques du XXe siècle, considéré comme un prophète par les adeptes du mouvement rastafari, d’où son surnom « Moses » (« Moïse » en français) ou « The Black Moses » (« Le Moïse noir »)."
Q7186;histoire;"Marie Curie";"Marie Curie";"phare+saviez";8;0;ecrit;"fr";2026-09-03;2026-09-07;;"Ses carnets de laboratoire sont encore si radioactifs qu'on les consulte en signant une décharge, dans des étuis de plomb.";"Marie Curie (ou Marie Skłodowska-Curie), née le 7 novembre 1867 à Varsovie (royaume de Pologne, sous domination russe) et morte le 4 juillet 1934 à Passy (Haute-Savoie), dans le sanatorium de Sancellemoz, est une physicienne et chimiste polonaise, naturalisée française par son mariage avec le physicien Pierre Curie en 1895."
Q213499;cosmos;"Mariner 1";"Mariner 1";"phare+saviez";8;4;ecrit;"fr";2026-09-03;2026-09-07;;"Un trait d'union manquant dans le code de guidage a obligé à détruire la sonde deux cent quatre-vingt-treize secondes après le décollage.";"Mariner 1 est la première sonde du programme Mariner de la NASA. Lancée le 22 juillet 1962 pour une mission de survol de la planète Vénus, l'officier de sécurité de l'aire de lancement commande sa destruction 294,5 secondes après son lancement."
Q16066644;mysteres;"Marthe de Florian";"Marthe de Florian";"phare";8;0;a-ecrire;"";2026-09-03;;;"Un appartement parisien fermé à clé en 1942 a été rouvert en 2010 avec ses meubles intacts et un portrait inédit vendu plus de deux millions d'euros.";"Marthe de Florian, née Héloïse Mathilde Beaugiron à Paris 18e le 9 septembre 1864 et morte à Trouville-sur-Mer le 29 août 1939, est une comédienne et demi-mondaine française de la Belle Époque."
Q238948;histoire;"Mary Mallon";"Mary Mallon";"phare+saviez";8;4;publie;"fr";2026-09-03;;2026-09-05;"Une cuisinière en parfaite santé a contaminé des dizaines de personnes et fini ses jours enfermée sur une île pendant vingt-trois ans.";"Mary Mallon (née le 23 septembre 1869, morte le 11 novembre 1938), également connue sous le surnom de Mary Typhoïde (Typhoid Mary), fut la première personne aux États-Unis identifiée comme porteur sain de la fièvre typhoïde."
Q305970;vivant;"";"Mary River turtle";"phare";8;1;ecrit;"fr";2026-09-03;2026-09-07;;"Cette tortue australienne tire jusqu'à soixante-dix pour cent de son oxygène par le cloaque et porte souvent une chevelure d'algues vertes.";"La Tortue de la Mary River, Elusor macrurus, unique représentant du genre Elusor, est une espèce de tortues de la famille des Chelidae."
Q270855;histoire;"Mary Toft";"Mary Toft";"insolite+phare";8;5;publie;"fr";2026-09-03;;2026-09-05;"Une servante anglaise a fait croire aux médecins du roi en 1726 qu'elle accouchait de lapins, jusqu'à ce qu'on la surprenne à en acheter.";"Mary Toft (née Denyer vers 1701 et morte en 1763), également appelée Mary Tofts, est une paysanne anglaise de Godalming, dans le Surrey, qui en 1726 suscita une controverse en faisant croire à des médecins qu'elle avait donné naissance à des lapins."
Q1126741;arts;"Masque d'Agamemnon";"Mask of Agamemnon";"phare+saviez";8;3;a-ecrire;"";2026-09-03;;;"Le masque d'or que Schliemann crut poser sur le visage d'Agamemnon date de trois siècles avant la guerre de Troie.";"Le « masque d'Agamemnon » est un masque funéraire en or, découvert à Mycènes en 1876 par Heinrich Schliemann dans un lieu qui s'avéra par la suite être une tombe à fosse."
Q571433;terre;"";"McMurdo Dry Valleys";"insolite+phare";8;0;a-ecrire;"";2026-09-03;;;"Il n'y a pas plu ici depuis environ deux millions d'années, et le vent y momifie des phoques égarés depuis des siècles.";"Les vallées sèches de McMurdo sont une suite de vallées d'Antarctique situées dans la terre Victoria, à l'ouest du détroit de McMurdo."
Q7122109;vivant;"Megaponera analis";"Megaponera";"phare";8;1;ecrit;"fr";2026-09-03;2026-09-07;;"Ces fourmis ramènent leurs blessées du champ de bataille, lèchent leurs plaies avec une sécrétion antimicrobienne et divisent par cinq la mortalité des amputées.";"Megaponera analis est une espèce de fourmis de la sous-famille des Ponerinae, la seule espèce du genre Megaponera (monotypique).Ces fourmis sont de strictes mangeuses de termites (termitophage) présentes à travers l'Afrique subsaharienne et communément connues pour les colonnes de raid qu'elles forment lorsqu'elles attaquent des termites."
Q2500615;arts;"Mehen";"";"phare";8;1;a-ecrire;"";2026-09-03;;;"On jouait il y a cinq mille ans sur un plateau en forme de serpent enroulé, dont plus personne ne connaît les règles.";"Dans la mythologie égyptienne, Mehen est un dieu serpent qui entoure la cabine de la barque de Rê et le protège lors de son passage nocturne dans l'univers inférieur (la Douât, l'Au-delà)."
Q1191062;esprit;"Membre fantôme";"Phantom limb";"phare+saviez";8;0;a-ecrire;"";2026-09-03;;;"Des amputés sentent leur main disparue se crisper, et une simple boîte à miroirs suffit parfois à défaire la crampe.";"Le terme membre fantôme désigne la sensation qu'un membre (même un organe, comme l'appendice) amputé ou manquant est toujours relié au corps et interagit bien avec d'autres parties du corps."
Q386001;esprit;"Mémoire eidétique";"Eidetic memory";"phare+saviez";8;0;a-ecrire;"";2026-09-03;;;"Quelques enfants décrivent une image retirée comme s'ils la voyaient encore devant eux, et perdent presque tous ce don à l'adolescence.";"La mémoire eidétique (/εj.de.tik/), mémoire photographique, ou mémoire absolue, est la faculté de se souvenir d'une grande quantité d'images, de sons, d'odeurs ou d'objets dans leurs moindres détails."
Q35883;terre;"Mer d'Aral";"Aral Sea";"phare";8;0;a-ecrire;"";2026-09-03;;;"En cinquante ans, la quatrième mer intérieure du monde a presque disparu, laissant des chalutiers rouillés au milieu du désert.";"La mer d'Aral (en russe, Аральское море, en kazakh, Арал теңізі/Aral teñızı, en ouzbek, Orol dengizi, en karakalpak, Aral Teńizi) est un lac d'eau salée d'Asie centrale situé entre 43° et 47° de latitude nord et entre 58° et 62° de longitude est, occupant la partie basse de la dépression touranienne"
Q166;terre;"Mer Noire";"Black Sea";"phare+saviez";8;0;a-ecrire;"";2026-09-03;;;"Sous deux cents mètres, l'eau est privée d'oxygène : des navires antiques y reposent avec leurs cordages et leurs mâts intacts.";"La mer Noire est située entre l’Europe, le Caucase et l’Anatolie. Principalement alimentée par le Danube, le Dniepr et le Don, elle est issue de la fermeture d’une mer océanique ancienne, l'océan ou mer Paratéthys."
Q104804;arts;"Mesrop Machtots";"Mesrop Mashtots";"phare";8;1;a-ecrire;"";2026-09-03;;;"Il a créé l'alphabet arménien vers 405 pour traduire la Bible, et la langue s'écrit encore aujourd'hui avec ces mêmes lettres.";"Saint Mesrop (prononcé Mesrob en arménien occidental), dit aussi Machtots (en arménien Մեսրոպ Մաշտոց), né en l'an 362 dans le village de Hatsekats, en Taronide, près du lac de Van, en Arménie occidentale et mort le 17 février 440, à Vagharchapat, est un moine, lettré, linguiste missionnaire chrétien"
Q15034;cosmos;"Mimas (lune)";"Mimas";"insolite+phare+saviez";8;2;ecrit;"fr";2026-09-03;2026-09-07;;"Un cratère occupe presque un tiers de son diamètre ; l'impact a failli la briser en morceaux.";"Mimas (S I Mimas) est un satellite naturel de Saturne découvert en 1789 par William Herschel. Il tire son nom de Mimas, un Géant de la mythologie grecque."
Q48604;cosmos;"Mir (station spatiale)";"Mir";"phare+saviez";8;1;ecrit;"fr";2026-09-03;2026-09-07;;"Une collision avec un cargo en 1997 a percé la station ; l'équipage a colmaté un module en coupant les câbles à la hache.";"Mir (du russe Мир signifiant « Paix » et « Monde ») est une station spatiale russe placée en orbite terrestre basse par l'Union soviétique. Mise en orbite le 19 février 1986 et détruite volontairement le 23 mars 2001, elle fut assemblée en orbite entre 1986 et 1996."
Q3352;cosmos;"Miranda (lune)";"Miranda (moon)";"phare";8;1;ecrit;"fr";2026-09-03;2026-09-07;;"Elle porte une falaise de 20 kilomètres de haut ; un objet lâché du sommet mettrait dix minutes à tomber.";"Miranda, également connue sous le nom d'Uranus V, est un satellite naturel d'Uranus. Cette lune fut découverte en 1948 par Gerard Kuiper."
Q20350;arts;"Moaï";"Moai";"phare";8;2;a-ecrire;"";2026-09-03;;;"Les statues de l'île de Pâques ont un corps entier enfoui sous le sol, couvert de gravures que personne ne soupçonnait.";"Les moaï sont des statues monumentales découvertes en 1722 par le navigateur néerlandais Jakob Roggeveen. Construites par les Rapa Nui, elles sont situées sur l’île de Pâques, en Polynésie orientale."
Q83497;arts;"Mont Rushmore";"Mount Rushmore";"phare+saviez";8;0;a-ecrire;"";2026-09-03;;;"Derrière la tête de Lincoln, une salle des Archives creusée dans la roche est restée inachevée, avec un coffre scellé en 1998.";"Le mont Rushmore (en anglais : Mount Rushmore) est un sommet américain du massif des Black Hills, transformé en mémorial, situé dans le territoire de la ville de Keystone, près de Rapid City, dans l'État du Dakota du Sud."
Q151938;histoire;"Moresnet neutre";"Neutral Moresnet";"insolite+phare";8;1;publie;"fr";2026-09-03;;2026-09-05;"Un territoire minuscule ni belge ni prussien a survécu un siècle et a failli devenir le premier État espérantophone du monde.";"Le territoire contesté de Moresnet, dit Moresnet neutre, est un ancien territoire communal neutre européen créé par l'article 17 du traité des limites signé à Aix-la-Chapelle le 26 juin 1816."
Q831351;sciences;"Morris (ver informatique)";"Morris worm";"phare";8;2;a-ecrire;"";2026-09-03;;;"Un programme lâché par curiosité en 1988 a paralysé un dixième d'Internet parce que son auteur avait mal réglé une seule probabilité.";"Le ver Morris ou ver de Morris était un ver informatique distribué via l'Internet, écrit par Robert Tappan Morris (à l'époque étudiant à l'université Cornell), et lancé le 2 novembre 1988 à partir du MIT."
Q230100;esprit;"Mot sur le bout de la langue";"Tip of the tongue";"insolite+phare";8;4;ecrit;"fr";2026-09-03;2026-09-07;;"Votre cerveau connaît la première lettre, le nombre de syllabes et le rythme du mot — tout, sauf le mot lui-même.";"Avoir un mot sur le bout de la langue désigne l'impossibilité à retrouver un mot en mémoire, associée à un souvenir partiel et le sentiment que la récupération du mot est imminente."
Q620860;terre;"";"Mount Unzen";"phare";8;0;a-ecrire;"";2026-09-03;;;"La nuée ardente de 1991 a tué quarante-trois personnes, dont les deux volcanologues français qui filmaient à quelques centaines de mètres.";"Le mont Unzen (雲仙岳, Unzen-dake) est un volcan du Japon situé sur l'île de Kyūshū."
Q1781497;mysteres;"";"Mountains of Kong";"phare";8;3;a-ecrire;"";2026-09-03;;;"Une chaîne de montagnes inventée en 1798 a barré l'Afrique de l'Ouest sur les atlas pendant quatre-vingt-dix ans avant d'être effacée.";"Les monts de Kong sont une chaîne de montagnes imaginaire qui a figuré à tort sur la plupart des cartes géographiques de l'Afrique au cours du XIXe siècle. Leur nom fait référence au royaume et à la ville de Kong (aujourd'hui en Côte d'Ivoire), tous deux bien réels."
Q1850416;arts;"Musée national de l'université fédérale de Rio de Janeiro";"National Museum of Brazil";"phare";8;0;a-ecrire;"";2026-09-03;;;"Vingt millions de pièces ont brûlé en une nuit de 2018, dont Luzia, le plus ancien crâne humain des Amériques.";"Le musée national de l'université fédérale de Rio de Janeiro (en portugais : Museu Nacional da Universidade Federal do Rio de Janeiro) ou juste musée national, anciennement musée national de Rio de Janeiro, parfois nommé musée d'histoire naturelle (en portugais : museu de História Natural) ou par le"
Q4043301;mysteres;"MV Lyubov Orlova";"MV Lyubov Orlova";"phare";8;1;a-ecrire;"";2026-09-03;;;"Ce paquebot russe abandonné a traversé l'Atlantique tout seul en 2013, et ses balises de détresse se sont déclenchées quelque part au milieu de l'océan.";"Le Lyubov Orlova, construit sous le nom de Lyubovy Orlova (en russe : Любовь Орлова), est un navire de croisières d'exploration de la classe Mariya Yermolova construit en Yougoslavie en 1976."
Q1062587;arts;"";"N'Ko script";"phare";8;3;a-ecrire;"";2026-09-03;;;"Un Guinéen a inventé en 1949 un alphabet pour les langues mandingues, après avoir lu qu'elles étaient impossibles à écrire.";"Le n’ko, aussi écrit nko, est une écriture créée par Solomana Kante en 1949 comme système de transcription des langues mandingues en Afrique occidentale. Le mot n’ko signifie « je dis » dans toutes les langues mandingues."
Q697;terre;"Nauru";"Nauru";"phare+saviez";8;0;a-ecrire;"";2026-09-03;;;"L'extraction du phosphate a transformé 80 % de l'île en un champ de pinacles calcaires où plus rien ne peut pousser.";"Nauru (/na.u.ʁu/), en forme longue la république de Nauru (en nauruan : Naoero et Repubrikin Naoero ; en anglais : Republic of Naoero), est un État insulaire d'Océanie situé en Micronésie, dont la population est estimée à 9 811 habitants en 2022."
Q16528;vivant;"Nelumbo nucifera";"Nelumbo nucifera";"phare+saviez";8;1;ecrit;"fr";2026-09-03;2026-09-07;;"Une graine tirée d'un lac asséché chinois a germé après environ mille trois cents ans, et la fleur maintient ses trente degrés en régulant sa température.";"Nelumbo nucifera, le Lotus sacré ou Lotus d'Orient, est une espèce de plantes à fleurs de la famille des Nélumbonacées originaire d'Eurasie. C'est une plante aquatique d'eau douce reconnaissable à son port en grande partie émergeant de l'eau, ses larges feuilles peltées dont la cuticule est hydrophobe, et à ses très grandes fleurs, à dominante de rose pour les variétés sauvages."
Q740541;esprit;"Nerf laryngé récurrent";"Recurrent laryngeal nerve";"phare";8;1;ecrit;"fr";2026-09-03;2026-09-07;;"Ce nerf contourne absurdement le cœur avant de remonter à la gorge ; chez la girafe, il parcourt plus de quatre mètres pour rien.";"Le nerf laryngé récurrent ou nerf récurrent ou nerf laryngé inférieur est un nerf mixte issu du nerf vague (Xe paire des nerfs crâniens). Il n'a pas le même trajet à droite et à gauche du fait des origines différentes des artères à partir de l'arc aortique."
Q19574;cosmos;"";"Neso (moon)";"phare+saviez";8;3;ecrit;"fr";2026-09-03;2026-09-07;;"Cette lune de Neptune met vingt-six ans à faire un tour et s'éloigne jusqu'à cinquante millions de kilomètres de sa planète.";"Néso est un satellite naturel de Neptune qui présente la particularité d'être le plus éloigné de sa planète à ce jour identifié."
Q334206;vivant;"";"New Caledonian crow";"phare";8;1;ecrit;"fr";2026-09-03;2026-09-07;;"Un corbeau nommé Betty, sans l'avoir jamais appris, a plié un fil de fer droit en crochet pour extraire un seau de nourriture d'un tube.";"Le Corbeau calédonien ou Corbeau de Nouvelle-Calédonie (Corvus moneduloides) est une espèce de passereaux de la famille des Corvidae. Originaire de Nouvelle-Calédonie, c'est l'un des animaux (avec la loutre et des primates) connus pour fabriquer et utiliser des outils."
Q48461;cosmos;"New Horizons";"New Horizons";"phare+saviez";8;0;ecrit;"fr";2026-09-03;2026-09-07;;"Lancée si vite qu'elle a franchi l'orbite de la Lune en neuf heures, elle emporte une pincée des cendres de Clyde Tombaugh.";"New Horizons (« Nouveaux Horizons » en français) est une sonde de l'agence spatiale américaine (NASA) dont l'objectif principal est l'étude de la planète naine Pluton et de ses satellites, ce qui a été réalisé à la mi-juillet 2015."
Q214926;histoire;"Nikolaï Vavilov";"Nikolai Vavilov";"phare";8;0;publie;"fr";2026-09-03;;2026-09-05;"Ses collègues sont morts de faim en 1942 en protégeant une collection de graines qu'ils refusaient de manger.";"Nikolaï Ivanovitch Vavilov (en russe : Николай Иванович Вавилов), né le 13 novembre 1887 (25 novembre dans le calendrier grégorien) à Moscou (Empire russe) et mort le 26 janvier 1943 à Saratov (URSS), est un éminent botaniste et généticien russe et soviétique, fondateur et directeur de l'Institut pa"
Q477645;sciences;"Nombre de Skewes";"Skewes's number";"phare";8;1;a-ecrire;"";2026-09-03;;;"On sait qu'une inégalité finit par s'inverser quelque part, sans savoir où, et la borne proposée fut longtemps le plus grand nombre jamais utilisé.";"En mathématiques, plus précisément en théorie des nombres, le nombre de Skewes est le plus petit entier naturel x {\displaystyle x} pour lequel la fonction de compte des nombres premiers π ( x ) {\displaystyle \pi (x)} dépasse la fonction logarithme intégral li ( x ) {\displaystyle {\text{li}}(x)} ."
Q151895;arts;"Nosferatu le vampire";"Nosferatu";"phare+saviez";8;1;a-ecrire;"";2026-09-03;;;"La justice a ordonné la destruction de toutes les copies pour plagiat de Dracula ; le film ne survit que grâce à celles qui avaient fui.";"Nosferatu le vampire (Nosferatu, eine Symphonie des Grauens) est un film muet allemand réalisé par Friedrich Wilhelm Murnau sorti en 1922, adapté du roman Dracula, bien qu'il ne fût pas autorisé par les détenteurs des droits d’auteur."
Q692922;terre;"Novarupta";"Novarupta";"phare";8;1;a-ecrire;"";2026-09-03;;;"La plus grosse éruption du XXe siècle a créé une vallée de dix mille fumerolles dans un coin d'Alaska si vide qu'elle n'a fait aucun mort.";"Le Novarupta est un volcan des États-Unis situé en Alaska, à proximité du mont Katmai."
Q40864;cosmos;"Nuage de Oort";"Oort cloud";"phare+saviez";8;4;ecrit;"fr";2026-09-03;2026-09-07;;"Sa frontière extérieure se trouve à mi-chemin de l'étoile la plus proche ; la sonde Voyager mettra 30 000 ans à en sortir.";"En astronomie, le nuage de Oort (/ɔʁt/), ou nuage d'Oort, aussi appelé le nuage d'Öpik-Oort (/ˈø.pik/), est un vaste ensemble sphérique hypothétique de corps planétésimaux situé aux limites du Système solaire, approximativement entre 20 000 et 30 000 unités astronomiques (au) et jusqu'à plus de 100"
Q192794;terre;"Nuage noctulescent";"Noctilucent cloud";"phare";8;1;a-ecrire;"";2026-09-03;;;"Les nuages les plus hauts du monde brillent à quatre-vingts kilomètres d'altitude, en pleine nuit, longtemps après le coucher du soleil.";"Les nuages noctulescents, aussi connus sous le nom de nuages polaires mésosphériques, nuages nocturnes lumineux ou de nuages noctiluques, sont des phénomènes nuageux ténus dans la haute atmosphère de la Terre."
Q1430362;cosmos;"Nuages de Kordylewski";"Kordylewski cloud";"phare+saviez";8;4;ecrit;"fr";2026-09-03;2026-09-07;;"Deux amas de poussière fantomatiques flottent aux points de Lagrange de la Terre, si ténus qu'on a mis cinquante ans à les confirmer.";"Les nuages de Kordylewski sont de grandes concentrations de poussière qui pourraient exister aux points de Lagrange L4 et L5 du système Terre-Lune. On les compte au nombre des troyens que possède la Terre, dont les seuls autres représentants connus sont les astéroïdes (706765) 2010 TK7 et (614689) 2020 XL5 du système Terre-Soleil."
Q928198;histoire;"Nueva Germania";"Nueva Germania";"phare";8;6;ecrit;"fr";2026-09-03;2026-09-07;;"Une colonie aryenne fondée au Paraguay en 1887 par la sœur de Nietzsche s'est enlisée dans la misère et le suicide de son fondateur.";"Nueva Germania est un district du département de San Pedro au Paraguay, situé à environ 297 kilomètres d'Asunción, capitale de la république du Paraguay."
Q214696;terre;"Nyiragongo";"Mount Nyiragongo";"phare+saviez";8;0;a-ecrire;"";2026-09-03;;;"Sa lave, presque aussi fluide que de l'huile, dévale à soixante kilomètres à l'heure vers une ville d'un million d'habitants.";"Le Nyiragongo, anciennement orthographié Niragongo, est un stratovolcan culminant à 3 470 m d'altitude dans la vallée du Grand Rift, dans l'Est de la république démocratique du Congo."
Q692640;arts;"";"Octobass";"phare+saviez";8;0;a-ecrire;"";2026-09-03;;;"Une contrebasse de trois mètres cinquante jouée avec des leviers, dont les notes les plus graves ne s'entendent plus, elles se sentent.";"L'octobasse est le plus grand et le plus grave des instruments de la famille des instruments à cordes. Il n’en existe que huit exemplaires fonctionnels au monde."
Q43735;vivant;"";"Odontodactylus scyllarus";"phare";8;0;publie;"fr";2026-09-03;;2026-09-05;"Son coup de massue accélère comme une balle de calibre 22 et fait bouillir l'eau autour de lui, frappant sa proie deux fois : par le choc et par l'implosion.";"La Squille multicolore ou crevette-mante paon (Odontodactylus scyllarus) est une espèce de crustacés stomatopode de la famille des Odontodactylidae (« crevettes-mantes »)."
Q580394;cosmos;"";"OJ 287";"phare";8;3;ecrit;"fr";2026-09-03;2026-09-07;;"Deux trous noirs supermassifs y valsent, et le plus petit percute le disque du plus gros tous les douze ans, à la date prévue.";"OJ 287 est un objet BL Lacertae qui produit des émissions lumineuses quasi périodiques. On soupçonne qu'il s'agit d'un système binaire de trous noirs supermassifs en orbite l'un autour de l'autre."
Q45178;arts;"Opéra de Sydney";"Sydney Opera House";"phare+saviez";8;0;a-ecrire;"";2026-09-03;;;"Le projet gagnant avait été écarté d'office ; un juré arrivé en retard est allé le repêcher dans la pile des refusés.";"L'opéra de Sydney (en anglais : Sydney Opera House), à Sydney (Nouvelle-Galles du Sud, Australie), est l'un des plus célèbres bâtiments du XXe siècle et un haut lieu de représentation des arts notamment lyriques."
Q1130522;histoire;"Opération Mincemeat";"Operation Mincemeat";"insolite+phare";8;2;publie;"fr";2026-09-03;;2026-09-05;"Les Britanniques ont habillé un cadavre en officier, l'ont lâché à la mer avec de faux plans, et Hitler a dégarni la Sicile.";"L'opération Mincemeat était un plan britannique organisé par le Système Double Cross durant la Seconde Guerre mondiale, destiné à convaincre le Haut Commandement de la Wehrmacht (OKW) que les Alliés envahiraient les Balkans et la Sardaigne au lieu de la Sicile, qui était leur réel objectif."
Q610076;arts;"Opus caementicium";"Roman concrete";"phare";8;1;a-ecrire;"";2026-09-03;;;"Le mortier antique se répare tout seul quand l'eau de mer s'y infiltre, ce qui explique des ports intacts après deux mille ans.";"L'opus caementicium (du latin caementum = moellon, pierre brute, agrégat), également appelé le béton romain, était utilisé dans la construction dans la Rome antique."
Q2031059;esprit;"Orlando Serrell";"";"phare";8;5;ecrit;"fr";2026-09-03;2026-09-07;;"Frappé par une balle de baseball à dix ans, il est devenu capable de dire le temps qu'il faisait chaque jour depuis l'accident.";"Orlando L. Serrell, né en 1969, est un Américain atteint d'hypermnésie (syndrome du savant). Ne possédant pas de compétences particulières, il est frappé par une balle de baseball lors d'une partie le 15 août 1979, alors qu'il n'a que dix ans."
Q15343;vivant;"Ornithorynque";"Platypus";"phare+saviez";8;2;ecrit;"fr";2026-09-03;2026-09-07;;"Il pond des œufs, détecte le champ électrique des crevettes les yeux fermés, sue son lait, porte du venin aux chevilles et possède dix chromosomes sexuels.";"L'ornithorynque (Ornithorhynchus anatinus) est un animal semi-aquatique endémique de l'est de l'Australie et de la Tasmanie. C'est l'une des cinq espèces de l'ordre des monotrèmes, seul ordre de mammifères qui pond des œufs au lieu de donner naissance à des petits complètement formés (les quatre autres espèces sont des échidnés)."
Q287253;vivant;"";"Osedax";"phare";8;1;publie;"fr";2026-09-03;;2026-09-05;"Ce ver sans bouche ni estomac dissout les os des baleines coulées, et les mâles, cent fois plus petits, vivent par dizaines à l'intérieur de chaque femelle.";"Osedax est un genre de vers annélides polychètes nécrophages de la famille des Siboglinidae. Ces espèces se nourrissent d'os de baleines."
Q171291;mysteres;"Ötzi";"Ötzi";"phare+saviez";8;0;a-ecrire;"";2026-09-03;;;"Vingt ans après sa découverte, une radio a révélé la pointe de flèche plantée dans son épaule : le plus vieux meurtre documenté d'Europe.";"Ötzi (prononcé en allemand : /ˈœtsi/ ) est un homme préhistorique momifié naturellement (congelé et déshydraté) découvert fortuitement le 19 septembre 1991 à 3 210 mètres d'altitude, dans le val de Senales en Italie, à 92 mètres de la frontière de l'Autriche."
Q21175521;terre;"Ouragan Patricia";"Hurricane Patricia";"phare";8;1;a-ecrire;"";2026-09-03;;;"Ses vents ont atteint 345 km/h, record mondial, après s'être renforcés de plus de 100 km/h en une seule journée.";"L’ouragan Patricia est le cyclone tropical le plus intense jamais observé dans l'hémisphère occidental en termes de pression atmosphérique et le plus fort à l'échelle mondiale en matière de vitesse maximale des vents soutenus mesurés de manière fiable."
Q1770470;arts;"Palimpseste d'Archimède";"Archimedes Palimpsest";"phare+saviez";8;1;a-ecrire;"";2026-09-03;;;"Un moine a gratté un traité perdu d'Archimède pour écrire un livre de prières ; les rayons X ont ressuscité le texte effacé.";"Le palimpseste d'Archimède est une des plus anciennes copies d'un ouvrage écrit par le mathématicien, physicien et ingénieur grec Archimède de Syracuse (287-212 av."
Q1477924;vivant;"Pantala flavescens";"Pantala flavescens";"phare+saviez";8;1;ecrit;"fr";2026-09-03;2026-09-07;;"Cette libellule de quatre centimètres traverse l'océan Indien d'Inde en Afrique, un aller-retour de plusieurs générations sur près de dix-huit mille kilomètres.";"Pantala flavescens (Fabricius, 1798), la libellule globe-trotter, la pantale globe-trotteur ou pantale flavescente, est une des espèces d'odonates anisoptères les plus largement répandue dans la ceinture intertropicale, et qui essaime vers le nord et le sud lors de phénomènes migratoires obligés."
Q339000;sciences;"Paradoxe des anniversaires";"Birthday problem";"phare+saviez";8;1;a-ecrire;"";2026-09-03;;;"Dans une pièce de vingt-trois personnes, il y a plus d'une chance sur deux que deux d'entre elles soient nées le même jour.";"En théorie des probabilités, le paradoxe des anniversaires est un résultat mathématique contre-intuitif concernant la probabilité que deux personnes, dans un groupe, aient la même date d'anniversaire."
Q1797373;sciences;"Paradoxe du littoral";"Coastline paradox";"phare";8;1;a-ecrire;"";2026-09-03;;;"La longueur des côtes de Bretagne n'a pas de valeur : plus la règle employée est petite, plus la mesure grandit, sans jamais se stabiliser.";"Le paradoxe du littoral est l'observation contre-intuitive que le littoral d'une masse continentale n'a pas de longueur définie. Cela résulte des propriétés apparentées à celles d'une courbe fractale des littoraux ; c'est-à-dire le fait qu'un littoral a typiquement une dimension fractale."
Q7137747;sciences;"";"Park Grass Experiment";"phare";8;0;a-ecrire;"";2026-09-03;;;"Ce champ anglais reçoit exactement le même engrais depuis 1856, ce qui en fait la plus vieille expérience écologique encore en cours au monde.";"The Park Grass Experiment is a biological study originally set up to test the effect of fertilizers and manures on hay yields."
Q61931;mysteres;"Particule Oh-My-God";"Oh-My-God particle";"insolite+phare";8;3;publie;"fr";2026-09-03;;2026-09-05;"Cette particule voyageait à 99,99999999999999999999951 % de la vitesse de la lumière et son origine reste inconnue.";"La particule Oh-My-God (« Oh mon Dieu ») est un rayon cosmique d'ultra-haute énergie détecté le 15 octobre 1991 à 13 h 34 min 16 s dans le détecteur de rayons cosmiques HiRes (en) situé au Dugway Proving Ground dans l'Utah aux États-Unis Il s’agit, encore en 2023, du rayon cosmique le plus énergétiq"
Q47480;sciences;"Paul Dirac";"Paul Dirac";"phare+saviez";8;0;a-ecrire;"";2026-09-03;;;"Il a déduit l'existence de l'antimatière d'un simple signe moins dans son équation, trois ans avant qu'on ne la détecte réellement.";"Paul Adrien Maurice Dirac (né le 8 août 1902 à Bristol, Angleterre et mort le 20 octobre 1984 à Tallahassee, Floride, États-Unis) est un mathématicien et physicien britannique."
Q178841;sciences;"Pendule de Foucault";"Foucault pendulum";"phare+saviez";8;2;a-ecrire;"";2026-09-03;;;"En 1851, un pendule suspendu sous le dôme du Panthéon a montré à l'œil nu que la Terre tourne, sans regarder le ciel.";"Le pendule de Foucault, du nom du physicien français Léon Foucault, est un dispositif expérimental conçu pour mettre en évidence la rotation de la Terre par rapport à un référentiel galiléen."
Q668011;sciences;"";"Pentium FDIV bug";"phare+saviez";8;2;a-ecrire;"";2026-09-03;;;"Cinq cases fausses dans une table de division ont coûté près d'un demi-milliard de dollars à Intel et fait rappeler des millions de processeurs.";"Le bug de la division du Pentium est un bug informatique ayant affecté le microprocesseur Pentium du fabricant Intel peu après son lancement en 1994 : une erreur était introduite lors de certaines opérations de division."
Q60259056;terre;"Période humide africaine";"African humid period";"phare+saviez";8;0;a-ecrire;"";2026-09-03;;;"Il y a six mille ans, le Sahara était vert, parcouru d'hippopotames et couvert de lacs grands comme des mers.";"La période humide africaine (ou PHA, aussi connue sous d'autres noms) est une période climatique de l'Afrique qui va du début du Bölling, il y a 14 500 ans, au milieu de l'Holocène, avec un assèchement progressif en fin de période."
Q1787101;esprit;"Pétrichor";"Petrichor";"phare+saviez";8;1;ecrit;"fr";2026-09-03;2026-09-07;;"Votre nez détecte la molécule de l'odeur de pluie à quelques parties par billion, mieux qu'un requin ne détecte le sang.";"Le pétrichor (prononcé /petʁikɔʁ/, du grec petra, « pierre », et ichor, « sang, fluide ») est un liquide huileux sécrété par certaines plantes, puis absorbé par le sol et les roches argileuses pendant les périodes sèches."
Q411216;esprit;"Phénylthiocarbamide";"Phenylthiocarbamide";"phare";8;0;ecrit;"fr";2026-09-03;2026-09-07;;"Découverte par accident en 1931, cette molécule a un goût atroce pour environ 70 % des gens et absolument aucun goût pour les autres.";"Le Phénylthiocarbamide, aussi connu sous le nom PTC, ou phénylthiourée, est un composé organique amer fabriqué par de nombreuses plantes, dont le brocoli et le chou de Bruxelles qui l'utilisent comme répulsif pour se protéger des herbivores[réf."
Q7547;cosmos;"";"Phobos (moon)";"phare+saviez";8;1;ecrit;"fr";2026-09-03;2026-09-07;;"Elle se rapproche de Mars de deux centimètres par an et finira déchiquetée en un anneau autour de la planète.";"Phobos, ou Mars I (en dénomination systématique), est le plus grand des deux satellites naturels de Mars (l'autre étant Déimos). Des deux, il est le plus proche de la planète."
Q963997;vivant;"Phyllobates terribilis";"Golden poison frog";"phare+saviez";8;2;ecrit;"fr";2026-09-03;2026-09-07;;"Un seul individu porte de quoi tuer une dizaine d'adultes, mais élevé en captivité il devient inoffensif : le poison venait de ses proies.";"Phyllobates terribilis est une espèce d'amphibiens de la famille des Dendrobatidae, endémique de la côte pacifique de la Colombie. Cet anoure est assez semblable à certaines autres espèces du même genre, en particulier à Phyllobates bicolor."
Q498231;arts;"Pieds bandés";"Foot binding";"phare+saviez";8;0;a-ecrire;"";2026-09-03;;;"Pour obtenir un pied de sept centimètres, on brisait les orteils de fillettes de cinq ans, et la pratique a duré mille ans.";"La coutume des pieds bandés fut pratiquée en Chine du xe au début du XXe siècle sur les filles et jeunes femmes issues des classes sociales favorisées dans un premier temps, avant de s'étendre à une part plus large de la société chinoise."
Q48584;histoire;"Pierre de Rosette";"Rosetta Stone";"phare+saviez";8;5;ecrit;"fr";2026-09-03;2026-09-07;;"Le déchiffrement des hiéroglyphes tient à un décret administratif banal recopié en trois écritures.";"La pierre de Rosette est un fragment de stèle gravée de l'Égypte antique portant trois versions d'un même texte qui a permis le déchiffrement des hiéroglyphes égyptiens au XIXe siècle."
Q132999;vivant;"Pieuvre mimétique";"Mimic octopus";"phare+saviez";8;1;publie;"fr";2026-09-03;;2026-09-05;"Cette pieuvre imite à la demande une sole, un poisson-lion venimeux ou un serpent de mer, en choisissant l'imitation selon le prédateur qui approche.";"La pieuvre mimétique ou pieuvre-mime (Thaumoctopus mimicus) est une espèce de mollusques céphalopodes capable d'imiter d'autres animaux marins. C'est la seule espèce du genre Thaumoctopus."
Q543419;arts;"Pilier de fer de Delhi";"Iron pillar of Delhi";"phare+saviez";8;1;a-ecrire;"";2026-09-03;;;"Ce pilier de sept mètres, dressé il y a seize siècles, ne rouille pas grâce à une couche de phosphates.";"Le pilier de fer de Delhi ou pilier de fer de Mehrauli est un vestige archéologique et une curiosité métallurgique du Ve siècle se trouvant dans le complexe du Qûtb Minâr dans la banlieue sud de Delhi, en Inde."
Q59103;cosmos;"Pioneer 10";"Pioneer 10";"phare";8;2;ecrit;"fr";2026-09-03;2026-09-07;;"Sa dernière transmission reçue en 2003 avait mis onze heures à parcourir la distance et n'était plus qu'un murmure d'un milliardième de milliardième de watt.";"Pioneer 10 est une sonde spatiale américaine lancée le 3 mars 1972, ayant pour mission de faire une première reconnaissance de planètes du Système solaire externe."
Q167910;cosmos;"Planète errante";"Rogue planet";"phare";8;2;ecrit;"fr";2026-09-03;2026-09-07;;"Des milliards de planètes vagabondent sans étoile dans notre seule galaxie, dans un noir et un froid absolus.";"Une planète errante ou objet libre de masse planétaire (en anglais : free-floating planetary-mass objects ; voir la liste des autres noms possibles) est un objet possédant la masse d'une planète mais qui n'est attaché gravitationnellement à aucune étoile ou naine brune : il erre dans l'espace comme un objet indépendant."
Q339;cosmos;"Pluton (planète naine)";"Pluto";"phare+saviez";8;2;ecrit;"fr";2026-09-03;2026-09-07;;"Pendant vingt ans de chaque orbite elle passe à l'intérieur de celle de Neptune, sans risque de collision.";"Pluton, officiellement désignée par (134340) Pluton (désignation internationale : (134340) Pluto), est une planète naine, la plus volumineuse connue dans le Système solaire (2 372 km de diamètre, contre 2 326 km pour Éris), et la deuxième en ce qui concerne sa masse (après Éris)."
Q7886194;mysteres;"Point Nemo";"Point Nemo";"phare+saviez";8;5;a-ecrire;"";2026-09-03;;;"Au point de l'océan le plus éloigné de toute terre, les humains les plus proches sont souvent les astronautes qui passent quatre cents kilomètres au-dessus.";"Le point Nemo est le pôle maritime d'inaccessibilité, c'est-à-dire le point de l'océan le plus éloigné de toute terre émergée sur la planète Terre. C'est une application du problème du plus grand cercle vide en mathématiques."
Q149943;vivant;"";"Polypedilum vanderplanki";"phare";8;0;publie;"fr";2026-09-03;;2026-09-05;"Cette larve de moucheron peut perdre 97 % de son eau, rester momifiée dix-sept ans, passer par l'azote liquide, et repartir en quelques minutes dans une goutte.";"Polypedilum vanderplanki, le Chironome endormi, est une espèce d'insectes diptères nématocères africains de la famille des Chironomidae (moucherons non piqueurs)."
Q143252;sciences;"Polytétrafluoroéthylène";"Polytetrafluoroethylene";"phare+saviez";8;1;a-ecrire;"";2026-09-03;;;"Un chimiste a trouvé sa bonbonne de gaz vide mais toujours aussi lourde : dedans, une poudre blanche sur laquelle absolument rien ne colle.";"Le polytétrafluoroéthylène (sigle PTFE) est un fluoropolymère issu du tétrafluoroéthylène. Ce polymère technique a été découvert par hasard en 1938 par le chimiste Roy J."
Q43332;arts;"Pompéi";"Pompeii";"phare+saviez";8;0;a-ecrire;"";2026-09-03;;;"En coulant du plâtre dans les vides laissés par la cendre, un archéologue a rendu leur forme exacte aux corps disparus.";"Pompéi (Pompeii en latin et Pompei en italien) est une ville et cité antique située dans la région italienne de Campanie. Elle est célèbre pour avoir été ensevelie à l'automne 79 lors d'une éruption du Vésuve, volcan situé à 9 km au nord-ouest."
Q125006;arts;"Pont de Brooklyn";"Brooklyn Bridge";"phare+saviez";8;0;a-ecrire;"";2026-09-03;;;"Le concepteur mort du tétanos et son fils paralysé, c'est Emily Roebling qui a dirigé le chantier pendant onze ans depuis leur maison.";"Le pont de Brooklyn (en anglais Brooklyn Bridge), à New York, est l'un des plus anciens ponts suspendus des États-Unis. Il traverse l'East River pour relier les arrondissements de Manhattan et de Brooklyn."
Q4118041;arts;"";"Poppy Flowers";"phare+saviez";8;0;a-ecrire;"";2026-09-03;;;"Ce Van Gogh a été volé deux fois dans le même musée du Caire, la seconde fois alors que presque aucune alarme ne fonctionnait.";"Poppy Flowers (also known as Vase And Flowers and Vase with Viscaria) is a painting by Vincent van Gogh with an estimated value of US$55 million which was stolen from Cairo's Mohamed Mahmoud Khalil Museum twice; first in 1977 (and recovered after a decade), then again in August 2010."
Q271759;esprit;"Porphyrie";"Porphyria";"insolite+phare+saviez";8;0;ecrit;"fr";2026-09-03;2026-09-07;;"Peau qui brûle au soleil, gencives rétractées, urines rouge sombre : cette maladie a peut-être nourri la légende des vampires.";"Les porphyries sont un groupe de huit maladies rares héréditaires représentant chacune un défaut génétique portant sur une des huit enzymes spécifiques de la biosynthèse de l'hème (partie non protéique de l'hémoglobine)."
Q544137;vivant;"Posidonia oceanica";"Posidonia oceanica";"phare+saviez";8;2;ecrit;"fr";2026-09-03;2026-09-07;;"Une même plante clonée s'étend sur quinze kilomètres au fond de la Méditerranée et pourrait avoir cent mille ans, soit l'âge d'Homo sapiens.";"La Posidonie de Méditerranée (Posidonia oceanica), aussi appelée Herbe de Neptune, est une espèce de plantes à fleurs aquatiques de la famille des Posidoniaceae et endémique de la mer Méditerranée."
Q5962343;esprit;"Poto et Cabengo";"Poto and Cabengo";"phare";8;5;ecrit;"fr";2026-09-03;2026-09-07;;"Deux jumelles californiennes parlaient couramment, à toute vitesse, une langue qu'elles avaient inventée à deux et que personne d'autre ne comprenait.";"Poto et Cabengo (les noms que s'étaient elles-mêmes donnés, respectivement, Grace et Virginia Kennedy) sont deux vraies jumelles américaines qui ont inventé et utilisé leur propre langue jusqu'à l'âge d'approximativement huit ans."
Q622849;sciences;"Problème de l'arrêt";"Halting problem";"phare";8;1;a-ecrire;"";2026-09-03;;;"Il est démontré qu'aucun programme, aussi puissant soit-il, ne pourra jamais dire de tout programme s'il finira par s'arrêter.";"En théorie de la calculabilité, le problème de l'arrêt est le problème de décision qui détermine, à partir d'une description d'un programme informatique, et d'une entrée, si le programme s'arrête avec cette entrée ou non."
Q1817785;esprit;"Problème de Molyneux";"Molyneux's problem";"phare+saviez";8;2;ecrit;"fr";2026-09-03;2026-09-07;;"Des aveugles de naissance opérés à l'âge adulte ont vu le monde sans reconnaître, au premier regard, le cube qu'ils identifiaient au toucher.";"Le problème de Molyneux est une expérience de pensée relevant de la philosophie empirique que formula le savant et homme politique irlandais William Molyneux en réponse à un extrait de l'Essai sur l'entendement humain de John Locke paru en français au début de l'année 1688."
Q219698;histoire;"Procès des sorcières de Salem";"Salem witch trials";"phare+saviez";8;1;ecrit;"fr";2026-09-03;2026-09-07;;"Les accusations reposaient sur des « preuves spectrales » : des visions que seules les accusatrices pouvaient voir.";"Les procès des sorcières de Salem sont une série de procès en sorcellerie célèbres de l'histoire coloniale de l'Amérique du Nord, situés entre février 1692 et mai 1693 dans plusieurs villages du Massachusetts proches de Salem, dans les Treize colonies, qui entraînèrent l'arrestation d'une centaine d"
Q1156392;histoire;"Projet Habakkuk";"Project Habakkuk";"insolite+phare+saviez";8;4;publie;"fr";2026-09-03;;2026-09-05;"Churchill a fait construire un prototype de porte-avions en glace mélangée à de la sciure, et un officier a tiré dessus au revolver pour prouver sa solidité.";"Le projet Habakkuk ou Habbakuk est un projet britannique pendant la Seconde Guerre mondiale de construction d'un porte-avions géant en pykrete, un mélange de pâte de bois et de glace."
Q898068;histoire;"Projet Pigeon";"";"insolite+phare+saviez";8;6;ecrit;"fr";2026-09-03;2026-09-07;;"Un psychologue américain a dressé des pigeons à guider des missiles en picorant la cible sur un écran, et le programme a été financé pendant des années.";"Pendant la Seconde Guerre mondiale, le « Project Pigeon » (Projet Pigeon) était un projet du psychologue américain Burrhus F. Skinner qui avait pour but de développer un missile dirigé par un ou plusieurs pigeons."
Q621882;cosmos;"Projet West Ford";"";"phare+saviez";8;5;publie;"fr";2026-09-03;;2026-09-05;"Les États-Unis ont dispersé quatre cent quatre-vingts millions d'aiguilles de cuivre en orbite pour se fabriquer une ionosphère artificielle.";"Le projet West Ford (appelé également Aiguilles de Westford ou projet Aiguilles) est un dispositif de télécommunications spatial passif testé par le Lincoln Laboratory du Massachusetts Institute of Technology (MIT) à la demande de l'Armée américaine au début des années 1960."
Q590010;mysteres;"Prometheus (arbre)";"Prometheus (tree)";"phare+saviez";8;0;a-ecrire;"";2026-09-03;;;"En 1964, un étudiant a abattu un pin dont la carotte avait cassé dans sa tarière ; en comptant les cernes, il a compris qu'il venait de tuer le plus vieil arbre du monde.";"Prometheus (également connu sous le code WPN-114) est le surnom d'un pin de Bristlecone (Pinus longaeva) âgé probablement de plus de 5 000 ans et situé dans le Nevada au niveau de l'étage alpin."
Q15856;vivant;"Protée anguillard";"Olm";"phare+saviez";8;2;ecrit;"fr";2026-09-03;2026-09-07;;"Cette salamandre aveugle des grottes vit un siècle, jeûne dix ans sans dommage, et l'un des individus suivis n'a pas bougé de sa pierre pendant sept ans.";"Le Protée anguillard (Proteus anguinus), aussi appelé olm, salamandre blanche ou salamandre des grottes, du genre Proteus, est une espèce d'urodèles de la famille des Proteidae."
Q17394776;esprit;"Protocole de Milwaukee";"Milwaukee protocol";"phare+saviez";8;2;publie;"fr";2026-09-03;;2026-09-05;"Une adolescente a survécu à une rage déclarée après avoir été plongée en coma artificiel, alors que la maladie était réputée sans exception fatale.";"Le protocole de Milwaukee est un traitement expérimental contre la rage chez un être humain. Le traitement consiste à plonger le malade dans un coma induit et lui administrer des médicaments contre le virus."
Q905750;esprit;"Protoxyde d'azote";"Nitrous oxide";"phare+saviez";8;1;a-ecrire;"";2026-09-03;;;"Le gaz hilarant a servi vingt ans d'attraction de foire avant que quiconque n'ait l'idée de s'en servir pour ne pas souffrir.";"Le protoxyde d'azote, ou monoxyde de diazote, oxyde nitreux, hémioxyde d'azote ou gaz hilarant, est un composé chimique de formule N2O. Ce gaz incolore a une odeur et un goût légèrement sucré."
Q119583;cosmos;"PSR J1748-2446ad";"PSR J1748−2446ad";"phare+saviez";8;7;ecrit;"fr";2026-09-03;2026-09-07;;"Cette étoile de 25 kilomètres tourne 716 fois par seconde ; son équateur file à un quart de la vitesse de la lumière.";"PSR J1748-2446ad est un pulsar de l'amas globulaire Terzan 5, situé à environ 18 000 années-lumière de la Terre dans la constellation du Sagittaire. C'est l'étoile à neutrons avec la rotation la plus rapide jamais observée jusqu'à aujourd'hui avec 716 rotations par seconde."
Q365289;arts;"";"Pyrophone";"insolite+phare";8;2;a-ecrire;"";2026-09-03;;;"Un orgue à explosions : chaque note est une flamme enfermée dans un tube de verre, allumée par le clavier.";"Le pyrophone est un instrument ressemblant à un orgue dont les tuyaux en verre sont mis en vibration par des flammes d’hydrogène."
Q6718;sciences;"Quark";"Quark";"phare+saviez";8;2;a-ecrire;"";2026-09-03;;;"Le nom de la brique élémentaire de la matière est tiré d'une phrase absurde d'un roman de James Joyce, lue par hasard.";"En physique des particules, un quark est une particule élémentaire et un constituant de la matière observable. Les quarks s'associent entre eux pour former différents types de hadrons, des particules composites (notamment les protons et les neutrons, les seuls qui soient aussi des constituants de la matière)."
Q185292;arts;"Quipu";"Quipu";"phare+saviez";8;1;a-ecrire;"";2026-09-03;;;"Les Incas ont administré un empire avec des cordelettes nouées, et l'on ne sait toujours pas lire celles qui ne notent pas des nombres.";"Un quipu est un ensemble de cordes, de cordelettes et de nœuds qu'utilisaient les civilisations andines pour encoder et garder une trace de diverses informations."
Q3928885;sciences;"Radithor";"Radithor";"phare+saviez";8;0;a-ecrire;"";2026-09-03;;;"Une eau au radium vendue en pharmacie a tué un industriel américain dont on a rouvert le cercueil : ses os étaient encore radioactifs.";"Le Radithor était un remède radioactif, breveté aux États-Unis, destiné à soigner près de 150 maladies, surtout les états de fatigue et d'impuissance sexuelle. Produit inventé par le charlatan William J."
Q39086826;vivant;"";"Ramisyllis multicaudata";"phare+saviez";8;0;publie;"fr";2026-09-03;;2026-09-05;"Ce ver se ramifie comme un arbre à l'intérieur d'une éponge : une seule tête, un seul intestin, et des centaines de queues qui sortent.";"Ramisyllis multicaudata is a species of polychaete worm in the family Syllidae. It was found in Darwin Harbour, Australia, where it was living within the tissues of a sponge of the genus Petrosia."
Q5017285;vivant;"";"Ramosmania rodriguesii";"phare";8;0;ecrit;"fr";2026-09-03;2026-09-07;;"On croyait cet arbuste éteint jusqu'à ce qu'un écolier en retrouve un pied en 1980 ; il a fallu vingt ans pour le forcer à faire des graines.";"Ramosmania rodriguesii, commonly known as café marron, is a tree native to the Mauritian island of Rodrigues in the Indian Ocean. The plant has an average size of about 5 to 6 feet (1.5 to 1.8 m) and features white five-petal star-shaped flowers."
Q1523;mysteres;"Ramsès II";"Ramesses II";"phare+saviez";8;0;a-ecrire;"";2026-09-03;;;"Pour venir se faire soigner à Paris en 1976, la momie du pharaon a reçu un passeport égyptien mentionnant la profession « roi (décédé) ».";"Ramsès II, né aux alentours de 1304 / 1301 av. J.-C. et mort à Pi-Ramsès vers 1213 av."
Q184224;vivant;"Rattus norvegicus";"Brown rat";"phare+saviez";8;0;ecrit;"fr";2026-09-03;2026-09-07;;"Chatouillé sur le ventre, le rat émet des ultrasons à cinquante kilohertz, revient en chercher davantage, et cesse s'il est anxieux.";"Rattus norvegicus, le rat brun, est une espèce de rat. C'est un rongeur trapu de la famille des Muridae."
Q2393278;histoire;"";"Republic of Cospaia";"phare";8;2;publie;"fr";2026-09-03;;2026-09-05;"Une erreur de tracé de frontière a créé en 1440 une république indépendante de quelques centaines d'habitants, qui a duré trois cent soixante-cinq ans.";"La république de Cospaia est une minuscule république qui a existé en Ombrie de 1440 à 1826. Divisée en 1826 entre le Grand-duché de Toscane et les États pontificaux, elle fait à présent partie de la frazione de San Giustino, dans la province de Pérouse."
Q142968;vivant;"";"Rhizanthella gardneri";"phare";8;0;publie;"fr";2026-09-03;;2026-09-05;"Cette orchidée australienne passe sa vie entière sous terre, fleurit sous terre, et se fait polliniser par de petits insectes du sol qui ne voient jamais le jour.";"Rhizanthella gardneri est une espèce de plante du genre Rhizanthella de la famille des orchidées. L'espèce est endémique de l'ouest de l'Australie."
Q3431645;mysteres;"";"Ricky McCormick";"phare";8;0;a-ecrire;"";2026-09-03;;;"Le corps d'un homme retrouvé dans un champ du Missouri en 1999 avait dans ses poches deux feuilles couvertes d'un code que le FBI a fini par soumettre au public.";"Ricky Joe McCormick, né le 14 mars 1952 à Independence (Montana), est un skieur nautique américain des années 1960 et 1970."
Q3936046;terre;"Ringwoodite";"Ringwoodite";"phare+saviez";8;0;a-ecrire;"";2026-09-03;;;"Un diamant remonté du Brésil contenait un minéral gorgé d'eau, preuve que l'équivalent d'un océan est piégé à cinq cents kilomètres sous nos pieds.";"La ringwoodite est un polymorphe de l'orthosilicate de magnésium et de fer (Mg,Fe)2SiO4, stable à hautes pression et température. D'abord obtenue au laboratoire par le pétrologue et géochimiste australien Ted Ringwood, elle a ensuite été observée dans des météorites, puis dans de rares échantillons terrestres."
Q1112110;terre;"";"Roopkund";"insolite+phare+saviez";8;2;publie;"fr";2026-09-03;;2026-09-05;"Un lac himalayen jonché de centaines de squelettes ; l'analyse des crânes montre des impacts arrondis, sans doute des grêlons géants.";"Le Roopkund (aussi connu sous le nom de « lac des squelettes ») est un lac glaciaire de l'Himalaya situé dans le district de Chamoli de l'État d'Uttarakhand en Inde."
Q286587;mysteres;"Rosalia Lombardo";"Rosalia Lombardo";"phare";8;3;a-ecrire;"";2026-09-03;;;"Embaumée à deux ans en 1920, elle semble simplement endormie dans les catacombes de Palerme, et le procédé de son embaumeur a été perdu pendant un siècle.";"Rosalia Lombardo (née le 13 décembre 1918 à Palerme en Italie et morte le 6 décembre 1920), était une enfant italienne morte d'une pneumonie. Le père de Rosalia, Mario Lombardo, très touché par la mort de sa fille, contacta Alfredo Salafia, un embaumeur, pour préserver le corps de Rosalia."
Q2502155;arts;"Rouleau de cuivre";"Copper Scroll";"phare";8;2;a-ecrire;"";2026-09-03;;;"Ce manuscrit de la mer Morte grave la liste de soixante-quatre caches de trésors dont pas une seule n'a été retrouvée.";"Le « rouleau de cuivre » (3Q15), ou Inventaire d'un trésor caché, est un des manuscrits de la mer Morte trouvé à Khirbet Qumrân dans la grotte no 3. Il s'agit d'un inventaire d'objets de grande valeur — or, argent, encens, vêtements précieux — ayant été cachés dans différents lieux de la région, dont des grottes, avec des indications pour les retrouver."
Q369503;esprit;"Saccade oculaire";"Saccade";"phare";8;1;ecrit;"fr";2026-09-03;2026-09-07;;"Regardez vos yeux dans un miroir en passant de l'un à l'autre : vous ne verrez jamais vos yeux bouger, le cerveau coupe l'image.";"Une saccade oculaire est un bref et rapide mouvement des yeux entre deux positions stables (vitesse variant de 400 à 800°/s et durée inférieure à 50 ms). Le but d'une saccade oculaire est d'amener très rapidement l'image d'un objet sur la fovéa."
Q128841;terre;"Sakurajima";"Sakurajima";"phare";8;1;a-ecrire;"";2026-09-03;;;"Ce volcan japonais explose des centaines de fois par an au-dessus d'une ville de six cent mille habitants dont les écoliers portent un casque.";"Le Sakurajima (桜島, Sakura-jima, « île des sakuras ») est un volcan du Japon situé dans le sud de l'île de Kyūshū. C'est un des volcans les plus actifs du Japon."
Q76122;terre;"";"Salar de Uyuni";"phare+saviez";8;0;a-ecrire;"";2026-09-03;;;"Cette croûte de sel est si plate que les satellites l'utilisent pour se calibrer ; sous la pluie, elle devient un miroir de dix mille kilomètres carrés.";"Le salar d'Uyuni (en espagnol : salar de Uyuni) est un salar situé sur les hauts plateaux du sud-ouest de la Bolivie. Il est à proximité de la ville d'Uyuni, dont il tire son nom."
Q503301;terre;"";"Salton Sea";"phare+saviez";8;0;a-ecrire;"";2026-09-03;;;"Ce lac californien est né en 1905 d'une vanne d'irrigation mal fermée qui a détourné tout le Colorado pendant seize mois.";"Salton Sea (en français : « mer de Salton ») est un lac salé endoréique situé en Californie du Sud, au sud-ouest des États-Unis."
Q152416;arts;"";"Samizdat";"phare";8;0;a-ecrire;"";2026-09-03;;;"Les lecteurs soviétiques retapaient les livres interdits à la machine en six exemplaires, le sixième presque illisible tant le carbone pâlissait.";"Le samizdat (en russe : самиздат) était un système clandestin de circulation d’écrits dissidents en URSS et dans les pays du bloc de l'Est, manuscrits ou dactylographiés par les nombreux membres de ce réseau informel."
Q828336;arts;"Saqsaywaman";"Sacsayhuamán";"phare";8;0;a-ecrire;"";2026-09-03;;;"Des blocs de plus de cent tonnes s'emboîtent sans mortier avec des joints où une lame de couteau ne passe pas.";"Saksaywaman, Saqsaywaman, Sacsayhuamán ou Sacsahuamán (mot quechua signifiant « rapace content » ou « repu ») est une forteresse inca ou un centre religieux dédié au Soleil et à d'autres dieux incas, située à deux kilomètres de la ville de Cuzco, au Pérou."
Q1474460;terre;"";"Sarez Lake";"phare";8;0;a-ecrire;"";2026-09-03;;;"Un séisme de 1911 a bâti un barrage naturel de six cents mètres de haut dont la rupture menacerait cinq millions de personnes.";"Le lac Sarez est un lac du Tadjikistan situé sur le cours du Bartang."
Q112558;histoire;"Saugeais";"Republic of Saugeais";"phare+saviez";8;3;ecrit;"fr";2026-09-03;2026-09-07;;"Un préfet plaisantin a demandé son laissez-passer à un aubergiste du Doubs en 1947, et le canton élit depuis une présidente avec hymne et douaniers.";"Le Saugeais est une micronation folklorique composée de onze communes situées en Franche-Comté, en France (Montbenoît, Gilley, La Longeville, Ville-du-Pont, La Chaux, Montflovin, Hauterive-la-Fresse, Les Alliés, Maison-du-Bois-Lièvremont, Bugny), et réunies en une « république héréditaire » (jusqu'e"
Q1372364;sciences;"";"Secretary problem";"phare";8;0;a-ecrire;"";2026-09-03;;;"La stratégie optimale consiste à écarter systématiquement les trente-sept premiers pour cent des candidats, puis à prendre le premier qui les surpasse tous.";"Le problème du ou de la secrétaire, ou des secrétaires, est un problème mathématique de l’arrêt optimal en théorie de la décision, en théorie des probabilités et en statistique."
Q749610;terre;"Séisme de 1964 en Alaska";"1964 Alaska earthquake";"phare+saviez";8;1;a-ecrire;"";2026-09-03;;;"La terre a tremblé quatre minutes et le sol s'est soulevé de onze mètres par endroits, s'affaissant de deux mètres ailleurs.";"Le séisme de 1964 en Alaska (Good Friday Earthquake en anglais) est un des plus puissants séismes enregistrés sur Terre avec une magnitude de 9,2 (entre 9,1 et 9,3) sur l'échelle de Richter."
Q191293;terre;"Séisme du 23 janvier 1556 au Shaanxi";"1556 Shaanxi earthquake";"phare";8;0;a-ecrire;"";2026-09-03;;;"Huit cent trente mille morts : la plupart dormaient dans des habitations creusées dans le lœss, qui se sont refermées sur eux.";"Le séisme de 1556 au Shaanxi a eu lieu dans la matinée du 23 janvier 1556 dans la province du même nom, en Chine. C'est le séisme le plus meurtrier jamais recensé, ayant causé la mort de 830 000 personnes."
Q379781;mysteres;"";"Shoichi Yokoi";"phare";8;1;a-ecrire;"";2026-09-03;;;"Découvert à Guam en 1972 après vingt-huit ans caché, il a déclaré en rentrant au Japon qu'il avait honte de revenir vivant.";"Shōichi Yokoi (横井 庄一, Yokoi Shōichi, 31 mars 1915 à Saori (en), préfecture d'Aichi - 22 septembre 1997) est un soldat japonais demeuré dans la jungle de l'île de Guam jusqu'en 1972, où il survécut seul pendant 28 ans."
Q1078057;esprit;"Signe de Lazare";"Lazarus sign";"phare+saviez";8;4;a-ecrire;"";2026-09-03;;;"Chez des patients en mort cérébrale, les bras se lèvent parfois et se croisent sur la poitrine, par pur réflexe de la moelle.";"Le signe de Lazare (ou réflexe de Lazare, à ne pas confondre avec le syndrome de Lazare et le phénomène de Lazare) est un mouvement réflexe parfois observé chez les patients en état de mort cérébrale, qui consiste le plus souvent en une flexion des avant-bras sur les bras, les mains pouvant ainsi at"
Q415;arts;"Silbo";"Silbo Gomero";"insolite+phare+saviez";8;1;ecrit;"fr";2026-09-03;2026-09-07;;"Sur une île canarienne, on tient une conversation entière en sifflant, audible à plusieurs kilomètres à travers les ravins.";"Le silbo (le « sifflement » en espagnol) est le langage sifflé des Gomeros, les habitants de l'île de La Gomera aux Canaries, parlant espagnol. Les Guanches, les autochtones des îles Canaries, utilisaient une forme sifflée de leur langue d'origine berbère."
Q191521;esprit;"Sildénafil";"Sildenafil";"phare+saviez";8;0;a-ecrire;"";2026-09-03;;;"Testé contre l'angine de poitrine, il échouait — mais les volontaires refusaient obstinément de rendre les comprimés restants.";"Le citrate de sildénafil (dénomination commune internationale) est un médicament de la classe des inhibiteurs de la phosphodiestérase de type 5 (PDE5) développé par la firme pharmaceutique Pfizer."
Q310792;vivant;"";"Silene stenophylla";"phare+saviez";8;0;publie;"fr";2026-09-03;;2026-09-05;"Des chercheurs russes ont fait fleurir cette plante à partir de tissus enfouis par un écureuil dans le pergélisol il y a trente-deux mille ans.";"Silene stenophylla est une espèce de plantes herbacées vivace appartenant au genre Silene et à la famille des Caryophyllacées."
Q310987;histoire;"Siméon le Stylite";"Simeon Stylites";"phare+saviez";8;3;publie;"fr";2026-09-03;;2026-09-05;"Un ascète syrien a vécu trente-sept ans au sommet d'une colonne de quinze mètres, arbitrant d'en haut les querelles de ses visiteurs.";"Siméon le Stylite ou Syméon le Stylite (en grec ancien : Συμεών ὁ Στυλίτης / Sumeṓn ho Stulítēs ; en syriaque : ܫܡܥܘܢ ܕܐܣܛܘܢܐ / šemʿōn d-ʾesṭōnā, en arabe : سمعان العمودي / simʿān al-ʿamūdī), dit Siméon l'Ancien, né vers 388 ou 389 et mort en 459, est un saint chrétien."
Q2604355;esprit;"Sinus préauriculaire";"Preauricular sinus and cyst";"phare+saviez";8;1;ecrit;"fr";2026-09-03;2026-09-07;;"Ce petit trou devant l'oreille que certains ont depuis toujours est un reliquat des arcs branchiaux de l'embryon.";"Un sinus préauriculaire ou fistule pré-hélicéenne est une malformation congénitale, décrite pour la première fois en 1864 par Van Heusinger, qui se traduit par la présence d'un petit trou au niveau de l'anti-hélix."
Q190776;cosmos;"Skylab";"Skylab";"phare+saviez";8;1;ecrit;"fr";2026-09-03;2026-09-07;;"En retombant sur l'Australie en 1979, la station a valu à la NASA une amende de 400 dollars pour dépôt sauvage d'ordures.";"Skylab (abréviation de Sky Laboratory, « Laboratoire du ciel » en français) est la première station spatiale lancée par l'agence spatiale américaine, la NASA. Elle est développée dans le cadre du Programme des applications Apollo mis en place en 1965 pour donner une suite au programme Apollo."
Q22639522;terre;"";"Slims River";"phare";8;3;a-ecrire;"";2026-09-03;;;"En 2016, la fonte d'un glacier a détourné une rivière entière vers un autre océan en l'espace de quatre jours.";"La rivière Slims (A'ay Chu) est une ancienne rivière d'origine glaciaire, située dans le Territoire du Yukon, au Canada, alimentée jusqu'en 2016 par les eaux du glacier Kaskawulsh, qui coulaient vers le nord-est sur environ 24 km jusqu'au lac Kluane."
Q55195347;cosmos;"";"SN 2018cow";"phare";8;2;ecrit;"fr";2026-09-03;2026-09-07;;"Une explosion apparue en deux jours, cent fois plus lumineuse qu'une supernova, reste inexpliquée depuis.";"SN 2018cow (ATLAS name: ATLAS18qqn; also known as Supernova 2018cow, AT 2018cow (AT = Astronomical Transient), and ""The Cow"") was a very powerful astronomical explosion 10–100 times brighter than a normal supernova, spatially coincident with galaxy CGCG 137-068, approximately 200 million ly (60 mill"
Q36764;arts;"Solresol";"Solresol";"insolite+phare";8;5;a-ecrire;"";2026-09-03;;;"Une langue complète construite avec sept notes de musique : on peut la parler, la siffler, la chanter ou la jouer au violon.";"Le solresol est une langue construite inventée par le musicien François Sudre dans le but de pouvoir parler à n'importe qui dans le monde (même aveugle) avec des mots composés du nom des notes de musique : do, ré, mi, fa, sol, la, si (la note si étant parfois notée ti selon la méthode de Sarah Ann Glover)."
Q7103;sciences;"Sophie Germain";"Sophie Germain";"phare+saviez";8;0;a-ecrire;"";2026-09-03;;;"Interdite d'université, elle a correspondu des années avec Gauss sous un nom d'homme, et il n'a appris la vérité que bien plus tard.";"Sophie Germain, née le 1er avril 1776 à Paris et morte le 27 juin 1831 dans l'ancien 11e arrondissement de Paris, est une mathématicienne, physicienne et philosophe française."
Q7987;sciences;"Souris (informatique)";"Computer mouse";"phare";8;1;a-ecrire;"";2026-09-03;;;"Le brevet de la souris a expiré avant que l'objet ne se vende, et son inventeur n'a jamais touché la moindre royaltie.";"Une souris est un dispositif de pointage pour ordinateur. Elle est composée d'un petit boîtier fait pour tenir sous la main, sur lequel se trouvent un ou plusieurs boutons, et une molette dans la plupart des cas."
Q847047;cosmos;"Soyouz T-10-1";"Soyuz 7K-ST No.16L";"phare";8;3;ecrit;"fr";2026-09-03;2026-09-07;;"La fusée brûlait déjà sur son pas de tir quand la tour de sauvetage a arraché la capsule, deux secondes avant l'explosion.";"Soyouz T-10-1 (parfois référencée Soyouz T-10a en Occident) était une mission habitée soviétique à destination de la station spatiale Saliout 7. Elle ne décolla jamais, le lanceur s'étant embrasé et détruit sur son pas de tir le 26 septembre 1983, juste avant le lancement."
Q903412;cosmos;"";"Soyuz T-13";"phare";8;1;publie;"fr";2026-09-03;;2026-09-05;"Deux cosmonautes se sont amarrés à la main à une station morte, gelée et sans électricité, puis l'ont ressuscitée.";"Soyouz T-13 est une mission spatiale soviétique d'urgence, lancée en 1985 et destinée à réparer la station orbitale Saliout 7 défaillante. Il s'agit de la première mission d'un vaisseau Soyouz à s'être amarrée à une station Saliout inerte."
Q3007063;vivant;"";"Sphenodon punctatus";"phare";8;0;ecrit;"fr";2026-09-03;2026-09-07;;"Ce reptile possède un troisième œil fonctionnel sur le crâne des juvéniles, et un mâle est devenu père pour la première fois à cent onze ans.";"Sphenodon punctatus, ou Sphénodon ponctué est une espèce de rhynchocephales de la famille des Sphenodontidae."
Q2443167;histoire;"";"Spithead and Nore mutinies";"phare+saviez";8;1;ecrit;"fr";2026-09-03;2026-09-07;;"La flotte britannique s'est mise en grève en 1797 avec des délégués élus, a continué de saluer les officiers, et a obtenu une augmentation et le pardon du roi.";"La mutinerie de Spithead, aussi connue sous le nom de « République flottante de Spithead » et la mutinerie de la Nore, sont deux importantes mutineries ayant eu lieu dans la Royal Navy entre mars et juin 1797 sur des flottes au mouillage près des côtes anglaises."
Q199372;vivant;"Squalelet féroce";"Cookiecutter shark";"phare+saviez";8;4;publie;"fr";2026-09-03;;2026-09-05;"Ce requin de cinquante centimètres découpe dans les baleines, les thons et parfois les sous-marins des bouchons de chair parfaitement ronds, et repart.";"Le squalelet féroce (Isistius brasiliensis) est une espèce de petit requin appartenant à la famille des dalatiidés. Ce poisson vit dans les eaux océaniques tropicales et tempérées du monde entier, en particulier près des îles, et peut descendre jusqu'à 3 700 mètres de profondeur."
Q254652;cosmos;"Starfish Prime";"Starfish Prime";"phare";8;2;publie;"fr";2026-09-03;;2026-09-05;"Une bombe H explosée dans l'espace en 1962 a créé une aurore visible à Hawaï et grillé des lampadaires à 1 400 kilomètres.";"Starfish Prime est le nom de code donné à un essai nucléaire préparé par la Commission de l'énergie atomique des États-Unis et de la Defense Atomic Support Agency (qui deviendra la Defense Nuclear Agency en 1971) et réalisé le 9 juillet 1962 à une altitude de 400 km, considérée par la Fédération aér"
Q9202;arts;"Statue de la Liberté";"Statue of Liberty";"phare+saviez";8;0;a-ecrire;"";2026-09-03;;;"Livrée en deux cent quatorze caisses, elle était brun cuivre et a servi de phare pendant seize ans avant de virer au vert.";"La statue de la Liberté, ou La Liberté éclairant le monde (en anglais : Liberty Enlightening the World), est une statue monumentale située à New York, sur Liberty Island, au sud de Manhattan, à l'embouchure du fleuve Hudson et à proximité d’Ellis Island."
Q26800;vivant;"Sterne arctique";"Arctic tern";"phare+saviez";8;4;ecrit;"fr";2026-09-03;2026-09-07;;"Cet oiseau de cent grammes parcourt jusqu'à quatre-vingt-dix mille kilomètres par an en zigzag entre les deux pôles, et voit deux étés chaque année.";"La Sterne arctique (Sterna paradisaea) est une espèce d'oiseaux marins Charadriiformes de la famille des Laridae. Cet oiseau a une répartition circumpolaire et niche en colonie dans les régions arctiques et subarctiques de l’Europe, de l’Asie et de l'Amérique du Nord (jusqu’en Bretagne et au Massachusetts)."
Q1376201;sciences;"";"Stigler's law of eponymy";"insolite+phare+saviez";8;5;ecrit;"fr";2026-09-03;2026-09-07;;"Une loi affirme qu'aucune découverte scientifique ne porte le nom de son véritable auteur, et elle-même avait été énoncée avant Stigler.";"En sociologie des sciences, la loi de Stigler énonce qu’« une découverte scientifique ne porte jamais le nom de son auteur ». Elle a été introduite en 1980 par le statisticien Stephen Stigler sous le nom de « loi d'éponymie de Stigler »."
Q39671;arts;"Stonehenge";"Stonehenge";"phare+saviez";8;0;a-ecrire;"";2026-09-03;;;"Certaines pierres viennent du pays de Galles, à deux cent cinquante kilomètres, et la pierre d'autel du nord de l'Écosse.";"Stonehenge (prononcé : [stəʊnˈhɛndʒ]) est un monument mégalithique composé d'un ensemble de structures circulaires concentriques, construit en cinq grandes étapes, entre 3000 et 1100 av."
Q3267859;vivant;"";"Strain 121";"phare";8;1;ecrit;"fr";2026-09-03;2026-09-07;;"Cette archée des sources hydrothermales se reproduit encore à cent vingt et un degrés, température utilisée pour stériliser le matériel médical.";"Strain 121 (Geogemma barossii (name not recognized by the International List of Prokaryotic Names by Standing in Nomenclature (LPSN)) is a single-celled microbe of the domain Archaea."
Q179959;vivant;"Strigops kakapo";"Kākāpō";"phare+saviez";8;1;ecrit;"fr";2026-09-03;2026-09-07;;"Ce perroquet de quatre kilos ne vole pas, sent le miel, se reproduit selon la fructification d'un arbre et compte environ deux cents individus nommés un à un.";"Le kakapo (Strigops habroptilus), aussi appelé Strigops kakapo ou perroquet-hibou, est une espèce nocturne de très grands perroquets (jusqu'à 60 cm) endémique en Nouvelle-Zélande."
Q176739;terre;"Stromatolithe";"Stromatolite";"phare+saviez";8;0;a-ecrire;"";2026-09-03;;;"Ces cailloux vivants bâtis par des bactéries sont l'exacte copie de ceux qui ont rempli l'atmosphère d'oxygène il y a trois milliards d'années.";"Un stromatolithe, ou stromatolite (on parle aussi parfois de « thrombolite »), est une structure laminaire constituée de calcaire, parfois de silice, qui se développe en milieu aquatique peu profond, marin ou d'eau douce continentale."
Q744591;terre;"Structure de Richat";"Richat Structure";"phare+saviez";8;1;a-ecrire;"";2026-09-03;;;"Un œil de cinquante kilomètres dessiné dans le Sahara, si visible depuis l'orbite qu'il a servi de repère aux astronautes.";"La structure de Richat ou dôme de Richat, surnommée « l'œil de l'Afrique » ou traditionnellement Guelb er Richât (en arabe : قلب الريشات, Qalb ar-Rīšāt) , est une structure géologique située dans le Sahara mauritanien près de Ouadane, 30 km au sud de la source de l'oued Saguiet el Hanura, un ancien cours d'eau."
Q148109;sciences;"";"Subrahmanyan Chandrasekhar";"phare";8;1;a-ecrire;"";2026-09-03;;;"Ridiculisé en public par le plus grand astrophysicien de son temps, il a attendu cinquante ans que son calcul sur les étoiles mortes lui vaille un Nobel.";"Subrahmanyan Chandrasekhar (19 octobre 1910 à Lahore, au Pendjab, aux Indes britanniques – 21 août 1995 à Chicago, aux États-Unis) est un astrophysicien et mathématicien américain d'origine indienne."
Q178124;mysteres;"Surtsey";"Surtsey";"phare";8;1;a-ecrire;"";2026-09-03;;;"Une île sortie de la mer en 1963 est interdite à tout visiteur ; une tomate y a poussé un jour et les scientifiques l'ont aussitôt arrachée.";"Surtsey (/ˈsʏr̥(t)sˌeiː/ ) est une île volcanique située au large de la côte méridionale de l'Islande, à l'extrémité sud des îles Vestmann. Elle s'est formée à la suite d'une éruption volcanique qui a commencé à 130 mètres sous le niveau de la mer aux alentours du 10 novembre 1963, a atteint la surface le 14 novembre 1963 et s'est terminée le 5 juin 1967."
Q503256;arts;"Sutton Hoo";"Sutton Hoo";"phare+saviez";8;0;a-ecrire;"";2026-09-03;;;"Le bois du navire funéraire avait entièrement disparu : il ne restait qu'une empreinte de sable hérissée de clous rouillés.";"Sutton Hoo est un site archéologique du haut Moyen Âge situé près de Woodbridge, dans le Suffolk, au Royaume-Uni. Il s'agit d'un cimetière de la période anglo-saxonne de l'histoire de l'Angleterre qui comprend une quinzaine de tumulus et une trentaine de tombes."
Q1130275;histoire;"";"Swedish calendar";"phare";8;4;publie;"fr";2026-09-03;;2026-09-05;"La Suède a voulu changer de calendrier en douceur, s'est retrouvée seule au monde pendant onze ans, et a inventé un 30 février en 1712.";"Le calendrier suédois utilisé en Suède du 1er mars 1700 au 30 février 1712 était équivalent au calendrier julien mais décalé d'un jour."
Q26549;arts;"Syllabaire cherokee";"Cherokee syllabary";"phare+saviez";8;2;a-ecrire;"";2026-09-03;;;"Un homme qui ne savait lire aucune langue a inventé seul une écriture, et son peuple s'est alphabétisé en quelques années.";"Le syllabaire cherokee (également orthographié chéroki, chérokie ou tchérokî) est un système d'écriture inventé par l’orfèvre cherokee Sequoyah entre 1809 et 1821."
Q14942021;esprit;"Syndrome d'auto-brasserie";"Auto-brewery syndrome";"insolite+phare+saviez";8;1;publie;"fr";2026-09-03;;2026-09-05;"Des levures installées dans l'intestin transforment les féculents en alcool : on est ivre sans avoir bu, parfois jusqu'à l'arrestation au volant.";"Le syndrome d'auto-brasserie (auto-brewery syndrome en anglais), plus rarement connu sous le nom de syndrome de fermentation intestinale (gut fermentation syndrome), est une maladie intestinale rare et très peu documentée, dont l'existence ne fait pas l'unanimité chez les spécialistes, qui se manife"
Q1069110;esprit;"Syndrome de Cotard";"Cotard's syndrome";"insolite+phare";8;1;a-ecrire;"";2026-09-03;;;"Le patient est convaincu d'être mort.";"Le syndrome de Cotard est une maladie rare se présentant sous la forme d'un syndrome délirant décrit en 1880 par le neurologue français Jules Cotard (1840-1889), observé au cours de syndromes dépressifs caractérisés appelés syndromes mélancoliques."
Q911160;esprit;"Syndrome de Ganser";"Ganser syndrome";"phare";8;0;ecrit;"fr";2026-09-03;2026-09-07;;"Interrogés, ces patients répondent systématiquement à côté avec le plus grand sérieux : deux plus deux font cinq, un cheval a cinq pattes.";"Le syndrome de Ganser est un trouble dissociatif (non-spécifié) précédemment classifié en tant que pathomimie."
Q693564;cosmos;"Syndrome de Kessler";"Kessler syndrome";"phare+saviez";8;1;ecrit;"fr";2026-09-03;2026-09-07;;"Une seule collision pourrait déclencher une réaction en chaîne rendant l'orbite terrestre inutilisable pendant des siècles.";"Le syndrome de Kessler est un scénario envisagé en 1978 par le consultant de la National Aeronautics and Space Administration (NASA) Donald J."
Q8363;esprit;"Syndrome de Stendhal";"Stendhal syndrome";"insolite+phare+saviez";8;4;ecrit;"fr";2026-09-03;2026-09-07;;"Devant trop de beauté, des visiteurs de Florence sont pris de vertiges et de palpitations, au point qu'un hôpital en tient les statistiques.";"Le syndrome de Stendhal, également appelé « syndrome de Florence », est un ensemble de troubles psychosomatiques (accélération du rythme cardiaque, vertiges, malaises, suffocations, voire hallucinations) survenant chez certains voyageurs exposés à une œuvre d'art qui prend une signification particul"
Q13258;esprit;"Synesthésie";"Synesthesia";"phare+saviez";8;0;ecrit;"fr";2026-09-03;2026-09-07;;"Pour certains, le mardi est vert, le chiffre sept sent l'essence, et le prénom d'un ami a un goût précis en bouche.";"La synesthésie (du grec syn, « avec » (union), et aesthesis, « sensation ») est un phénomène neurologique non pathologique par lequel deux ou plusieurs sens sont associés (de manière durable)."
Q557985;cosmos;"";"T Coronae Borealis";"phare";8;2;ecrit;"fr";2026-09-03;2026-09-07;;"Cette étoile explose environ tous les quatre-vingts ans et doit redevenir visible à l'œil nu d'un moment à l'autre.";"T Coronae Borealis (T CrB) est une étoile binaire symbiotique située à environ 806 pc (∼2 630 al) de la Terre dans la constellation de la Couronne boréale."
Q117866091;terre;"Taam Ja'";"Taam Ja' Blue Hole";"phare";8;0;a-ecrire;"";2026-09-03;;;"Ce trou bleu mexicain a été sondé à plus de quatre cent vingt mètres sans que l'on touche le fond.";"Le trou bleu de Taam Ja' est un gouffre sous-marin situé dans la baie de Chetumal, à l'angle sud-est de la péninsule du Yucatán. Son nom signifie eau profonde en maya."
Q757402;vivant;"";"Tanimbar corella";"phare";8;0;ecrit;"fr";2026-09-03;2026-09-07;;"Sans jamais l'avoir appris, ce perroquet taille des bandes de carton à la bonne longueur pour atteindre une noix hors de portée.";"Le Cacatoès de Goffin (Cacatua goffiniana) est une espèce d'oiseaux de la famille des Cacatuidae."
Q1054;sciences;"Technétium";"Technetium";"phare+saviez";8;1;a-ecrire;"";2026-09-03;;;"Le premier élément fabriqué par l'homme occupe dans le tableau périodique une case où la nature terrestre n'a laissé pratiquement rien.";"Le technétium est l'élément chimique de numéro atomique 43, de symbole Tc. Le technétium est l'élément le plus léger ne possédant pas d'isotope stable."
Q154091;histoire;"Télégramme Zimmermann";"Zimmermann telegram";"phare+saviez";8;8;ecrit;"fr";2026-09-03;2026-09-07;;"Un télégramme allemand proposant le Texas au Mexique a fait basculer les États-Unis dans la Première Guerre mondiale.";"Le télégramme Zimmermann est un télégramme diplomatique qui a été envoyé le 16 janvier 1917 par le ministre des Affaires étrangères de l'Empire allemand, Arthur Zimmermann, à l'ambassadeur allemand au Mexique, Heinrich von Eckardt, au plus fort de la Première Guerre mondiale."
Q133506;arts;"Telharmonium";"Telharmonium";"phare";8;1;a-ecrire;"";2026-09-03;;;"Une machine de deux cents tonnes diffusait de la musique électronique par le réseau téléphonique dès 1906, jusqu'aux plaintes des abonnés.";"Le telharmonium, teleharmonium ou dynamophone, est un instrument de musique électromécanique, développé à partir de 1897 par l'américain Thaddeus Cahill (1867 - 1934)."
Q3517822;cosmos;"Température de Hawking";"";"phare";8;1;ecrit;"fr";2026-09-03;2026-09-07;;"Un trou noir de la masse du Soleil mettra 10 puissance 67 années à s'évaporer, bien plus longtemps que l'âge actuel de l'univers.";"Dans le domaine des trous noirs, la température de Hawking est la température du rayonnement émis par un trou noir dans le cadre de l'effet Hawking, phénomène qui voit les trous noirs émettre un très faible rayonnement thermique en raison d'effets quantiques."
Q662051;cosmos;"Tempête solaire de 1859";"Carrington Event";"phare";8;5;ecrit;"fr";2026-09-03;2026-09-07;;"En 1859, une tempête solaire a mis le feu à des bureaux de télégraphe ; le même événement aujourd'hui coûterait des milliers de milliards.";"La tempête solaire de 1859, également connue sous le nom d'événement de Carrington — du nom de l'astronome britannique Richard Carrington qui l'étudia — résulte d'une série d'éruptions solaires ayant eu lieu à la fin de l'été 1859 et ayant notablement affecté la Terre."
Q214689;terre;"Terre boule de neige";"Snowball Earth";"phare+saviez";8;0;a-ecrire;"";2026-09-03;;;"Les glaces auraient atteint l'équateur et enveloppé la planète entière pendant des millions d'années.";"La Terre boule de neige (snowball Earth en anglais), ou Terre boule de glace (iceball Earth) est un modèle décrivant la Terre comme presque entièrement couverte de glace à certaines périodes de son histoire."
Q1430725;esprit;"Test du miroir";"Mirror test";"phare+saviez";8;0;a-ecrire;"";2026-09-03;;;"Posez discrètement une marque sur le front d'un bébé : avant dix-huit mois, il la cherche sur le reflet, pas sur lui.";"Le test du miroir (ou plus rarement test de Gallup) est un moyen d'estimer la perception de soi, développé par l'Américain Gordon G. Gallup dans les années 1970."
Q1755993;sciences;"Therac-25";"Therac-25";"insolite+phare";8;1;a-ecrire;"";2026-09-03;;;"Un appareil de radiothérapie délivrait cent fois la dose prévue lorsque l'opérateur tapait sa correction trop vite au clavier.";"Therac-25 est le nom d'une machine de radiothérapie développée conjointement par l'Énergie atomique du Canada limitée (EACL, Canada) et CGR MeV (France). Il s'agissait d'une évolution des modèles Therac-6 et Therac-20."
Q111017090;vivant;"Thiomargarita magnifica";"Thiomargarita magnifica";"phare+saviez";8;3;publie;"fr";2026-09-03;;2026-09-05;"Cette bactérie mesure jusqu'à deux centimètres et se voit à l'œil nu : mille fois la taille normale d'une bactérie, avec son ADN rangé dans des sacs.";"Thiomargarita magnifica est une espèce de bactérie géante, visible à l’œil nu et la plus grande connue au moment de l'annonce de sa découverte, dans la revue Science."
Q324992;sciences;"Thomas Midgley Jr.";"Thomas Midgley Jr.";"insolite+phare+saviez";8;2;ecrit;"fr";2026-09-03;2026-09-07;;"Il a inventé l'essence au plomb puis les gaz qui ont troué la couche d'ozone, avant d'être étranglé par le système de poulies de son lit.";"Thomas Midgley Jr. (1889-1944) est un ingénieur américain formé à la mécanique mais rapidement devenu chimiste et inventeur dans le domaine de l'automobile, des carburants et des caoutchoucs synthétiques."
Q25173;histoire;"Titanic";"Titanic";"phare+saviez";8;0;ecrit;"fr";2026-09-03;2026-09-07;;"L'officier chargé des jumelles de la vigie a été débarqué au dernier moment en emportant par mégarde la clé du coffre qui les contenait.";"Le RMS Titanic est un paquebot transatlantique britannique qui a fait naufrage dans l'océan Atlantique Nord, dans la nuit du 14 au 15 avril 1912, à la suite d'une collision avec un iceberg, lors de son voyage inaugural de Southampton (Royaume-Uni) à New York (États-Unis)."
Q131009;vivant;"Titanoboa";"Titanoboa";"phare+saviez";8;1;ecrit;"fr";2026-09-03;2026-09-07;;"Ce serpent de treize mètres et une tonne prouve qu'il faisait au moins trente degrés en permanence sous les tropiques d'il y a soixante millions d'années.";"Titanoboa (littéralement « boa titanesque ») est un genre fossile de très grands serpents ayant vécu durant le Paléocène moyen et supérieur dans ce qui est actuellement la Colombie."
Q20085576;mysteres;"";"Titini";"phare";8;0;a-ecrire;"";2026-09-03;;;"Le nom chimique complet de cette protéine humaine compte 189 819 lettres et demande plus de trois heures à prononcer.";"Titini (Aymara titi Andean mountain cat; lead, -ni a suffix to indicate ownership, ""the one with the Andean cat"" or ""the one with lead"", also spelled Titine) is a mountain in the Andes of southern Peru, about 4,800 metres (15,748 ft) high."
Q215852;mysteres;"";"Tollund Man";"phare";8;1;a-ecrire;"";2026-09-03;;;"Deux mille quatre cents ans dans une tourbière, le visage parfaitement paisible, et la corde qui l'a étranglé toujours nouée autour du cou.";"L'Homme de Tollund est le cadavre naturellement momifié d'un homme mort entre 405 et 384 av. J.-C., découvert en 1950 dans la tourbière de Tollund, dans la région du Jutland central, au Danemark."
Q45067390;cosmos;"TON 618";"TON 618";"phare";8;3;ecrit;"fr";2026-09-03;2026-09-07;;"Ce trou noir de 66 milliards de masses solaires a un horizon si large que la lumière met plus de deux semaines à le traverser.";"Tonantzintla 618 ou TON 618 (abrégé) est un quasar très lointain et hyper-lumineux (un des plus lumineux de l'Univers connu), à puissant rayonnement infrarouge et large spectre d'absorption."
Q199938;terre;"Tonlé Sap";"Tonle Sap";"phare+saviez";8;1;a-ecrire;"";2026-09-03;;;"Chaque mousson, la rivière cambodgienne inverse son cours et fait gonfler le lac jusqu'à cinq fois sa taille.";"Le Tonlé Sap (en khmer : បឹងទន្លេសាប, Boeung Tonlé Sap, « grande rivière d'eau douce », traduit plus fréquemment « grand lac ») est un système hydrologique combinant lac et rivière portant ce même nom, d'une importance capitale pour le Cambodge."
Q120043;vivant;"Tortue luth";"Leatherback sea turtle";"phare+saviez";8;2;ecrit;"fr";2026-09-03;2026-09-07;;"Elle plonge à plus de mille mètres, traverse les océans et maintient son corps jusqu'à dix-huit degrés au-dessus de l'eau glacée qui l'entoure.";"La Tortue luth (Dermochelys coriacea), unique représentante du genre Dermochelys, est une espèce de tortues marines de la famille des Dermochelyidae. C'est la plus grande des sept espèces actuelles de tortues marines et la plus grande des tortues de manière générale."
Q39054;sciences;"Tour de Pise";"Leaning Tower of Pisa";"phare+saviez";8;0;a-ecrire;"";2026-09-03;;;"Pour redresser la tour de quarante centimètres sans la faire tomber, on a retiré du sol quarante mètres cubes de terre, cuillerée par cuillerée.";"La tour de Pise (en italien : torre di Pisa) est le campanile de la cathédrale Notre-Dame de l’Assomption de Pise, en Toscane (Italie). Elle est située à proximité du chevet de la cathédrale et fait partie des monuments de la piazza dei Miracoli (la « place des Miracles »), inscrite au patrimoine mondial de l'UNESCO."
Q490600;terre;"Tourbillon de poussière";"Dust devil";"phare";8;1;a-ecrire;"";2026-09-03;;;"À Tokyo en 1923, un tourbillon de flammes a tué trente-huit mille personnes réfugiées sur une même place en un quart d'heure.";"Un tourbillon de poussière, ou de sable, se forme par beau temps, lorsque de l'air sec et instable entre en rotation et soulève la poussière ou le sable du sol."
Q191968;vivant;"Tourte voyageuse";"Passenger pigeon";"phare+saviez";8;4;ecrit;"fr";2026-09-03;2026-09-07;;"Des vols de cinq milliards d'oiseaux obscurcissaient le ciel américain pendant des heures ; en quarante ans, l'espèce a été réduite à zéro.";"La Tourte voyageuse, pigeon migrateur ou colombe voyageuse (Ectopistes migratorius) est une espèce d'oiseaux, aujourd'hui éteinte de la famille des Columbidae. Selon la classification de référence du Congrès ornithologique international (version 15.1, 2025), c'est une espèce monotypique (non subdivisée en sous-espèces)."
Q2447023;mysteres;"";"Toynbee tiles";"insolite+phare";8;0;a-ecrire;"";2026-09-03;;;"Des centaines de dalles incrustées dans l'asphalte d'une vingtaine de villes annoncent la résurrection des morts sur Jupiter ; leur auteur reste inconnu.";"The Toynbee tiles, also called Toynbee plaques, are messages of unknown origin found embedded in asphalt of streets in about two dozen major cities in the United States and three South American cities."
Q1431007;histoire;"Traité de Bréda";"Treaty of Breda (1667)";"phare+saviez";8;1;ecrit;"fr";2026-09-03;2026-09-07;;"En 1667, les Néerlandais ont préféré garder une minuscule île à muscade des Moluques et laisser Manhattan aux Anglais.";"Le traité de Bréda a été signé dans la ville néerlandaise de Bréda, le 31 juillet 1667, par l’Angleterre, la république des Provinces-Unies, la France et le Danemark."
Q472802;histoire;"Traité de Waitangi";"Treaty of Waitangi";"phare+saviez";8;2;ecrit;"fr";2026-09-03;2026-09-07;;"Les versions maorie et anglaise du traité ne disent pas la même chose, et le désaccord de traduction dure depuis 1840.";"Le traité de Waitangi (en anglais : Treaty of Waitangi ; en māori : Te Tiriti o Waitangi) est un traité signé le 6 février 1840 à Waitangi, dans la baie des Îles, en Nouvelle-Zélande, entre les représentants de la Couronne britannique et des chefs māoris de la partie septentrionale de l'île du Nord."
Q4041588;cosmos;"TrES-2 b";"TrES-2b";"phare";8;0;ecrit;"fr";2026-09-03;2026-09-07;;"Elle renvoie moins de un pour cent de la lumière reçue : plus noire que le charbon, elle ne luit que d'un rouge de braise.";"TrES-2 b, formellement TrES-2 Ab, également connue comme Kepler-1 b, est une planète extrasolaire (exoplanète) confirmée en orbite autour de l'étoile TrES-2 A, une naine jaune très semblable au Soleil mais appartenant à un système binaire situé à environ ∼ 707 a.l."
Q304483;arts;"Trésor de Priam";"Priam's Treasure";"phare";8;2;a-ecrire;"";2026-09-03;;;"Schliemann a fait sortir l'or de Troie caché dans le châle de sa femme ; il a disparu en 1945 et refait surface à Moscou.";"Le Trésor de Priam (parfois désigné comme l’or de Troie) est une découverte archéologique effectuée par l'allemand Heinrich Schliemann alors qu'il dégageait le site de Troie, à Hissarlık, dans l'actuelle Turquie."
Q81116;terre;"";"Tristão da Cunha";"phare";8;0;a-ecrire;"";2026-09-03;;;"En 1961, un volcan a forcé l'évacuation de toute la population vers l'Angleterre ; deux ans plus tard, presque tous sont rentrés.";"Tristan da Cunha (en portugais Tristão da Cunha) (né v. 1460 - mort en 1540) est un navigateur portugais du XVIe siècle, qui participa aux premières grandes expéditions portugaises."
Q3359;cosmos;"Triton (lune)";"Triton (moon)";"phare+saviez";8;3;ecrit;"fr";2026-09-03;2026-09-07;;"Elle orbite à l'envers autour de Neptune, preuve qu'elle a été capturée, et crache des geysers d'azote à -235 °C.";"Triton est le plus gros des seize satellites naturels de Neptune et le septième par distance croissante à cette dernière. Il a été découvert le 10 octobre 1846 par l'astronome britannique William Lassell, dix-sept jours après la découverte de Neptune."
Q1181185;terre;"Trou bleu de Dean";"Dean's Blue Hole";"phare";8;2;a-ecrire;"";2026-09-03;;;"Des apnéistes descendent à plus de cent mètres dans ce puits marin des Bahamas sur une seule inspiration.";"Le Trou bleu de Dean (Dean's Blue Hole en anglais), avec 202 mètres de profondeur, est un trou bleu qui se situe aux Bahamas, dans la baie ouest de Clarence Town, près de la plage de Dean's beach, à Long Island."
Q147875;arts;"Tsar Kolokol";"Tsar Bell";"phare";8;0;a-ecrire;"";2026-09-03;;;"La plus grosse cloche jamais fondue n'a jamais sonné : un incendie l'a fissurée avant même qu'on puisse la soulever.";"Tsar Kolokol (En russe: Царь-колокол, « Tsar des cloches » en français) est un maître-bourdon en bronze qu'on peut voir au Kremlin de Moscou."
Q2459918;histoire;"";"Tunnel 57";"phare";8;5;ecrit;"fr";2026-09-03;2026-09-07;;"Cinquante-sept Berlinois de l'Est sont passés à l'Ouest en une nuit de 1964, par un tunnel creusé sous le Mur depuis une boulangerie abandonnée.";"Le tunnel 57 est un tunnel creusé par des étudiants ouest-allemands sous le Mur de Berlin, et par lequel s'évadent cinquante-sept Est-Allemands les nuits des 3 et 4 octobre 1964."
Q3322541;vivant;"Turritopsis dohrnii";"Turritopsis dohrnii";"phare";8;3;publie;"fr";2026-09-03;;2026-09-05;"La méduse qui refuse de vieillir : arrivée à maturité, elle redevient un polype et recommence. Biologiquement, elle ne meurt pas.";"Turritopsis dohrnii ou « méduse immortelle », est une espèce de petite méduse, d'environ 1 cm de diamètre, qui est biologiquement immortelle. Cet hydrozoaire se retrouve notamment en mer Méditerranée et dans la plupart des océans du globe."
Q634171;terre;"Typhon Tip";"Typhoon Tip";"phare";8;2;a-ecrire;"";2026-09-03;;;"Ce cyclone couvrait à lui seul près de la moitié des États-Unis, avec un diamètre de 2 200 kilomètres.";"Le typhon Tip est le cyclone tropical de plus grand diamètre et le plus intense jamais rapporté dans les annales modernes. Il s'agit de la dix-neuvième tempête tropicale, le douzième typhon et le troisième « super » typhon, catégorie 5, de la saison cyclonique 1979 dans le Pacifique nord-ouest."
Q1215852;arts;"Ubu roi";"Ubu Roi";"phare+saviez";8;1;a-ecrire;"";2026-09-03;;;"Le premier mot de la pièce a déclenché quinze minutes de bagarre dans la salle avant qu'on entende la deuxième réplique.";"Ubu roi est une pièce de théâtre d'Alfred Jarry en cinq actes, publiée le 25 avril 1895 dans la revue de Paul Fort Le Livre d'art, puis la même année aux éditions du Mercure de France, et représentée pour la première fois le 10 décembre 1896 par la troupe du théâtre de l'Œuvre au Nouveau-Théâtre."
Q474472;cosmos;"Un point bleu pâle";"Pale Blue Dot";"phare+saviez";8;4;ecrit;"fr";2026-09-03;2026-09-07;;"À six milliards de kilomètres, la Terre n'occupe qu'un dixième de pixel, perdue dans un reflet parasite de l'objectif.";"Un point bleu pâle (en anglais : Pale Blue Dot) est une photographie de la planète Terre, prise le 14 février 1990 par la sonde Voyager 1 à une distance de 40,47 unités astronomiques, soit plus de six milliards de kilomètres."
Q221392;cosmos;"Univers observable";"Observable universe";"phare";8;4;ecrit;"fr";2026-09-03;2026-09-07;;"Il fait 93 milliards d'années-lumière de large alors que l'univers n'a que 13,8 milliards d'années : l'espace lui-même s'est étiré.";"L'Univers observable est, en cosmologie, la partie de notre Univers visible depuis la Terre. Il est donc une boule dont la limite est située à l'horizon des particules et dont la Terre constitue le centre."
Q104154;sciences;"Urbain Le Verrier";"Urbain Le Verrier";"phare";8;0;a-ecrire;"";2026-09-03;;;"Il a découvert Neptune sans jamais lever les yeux vers le ciel, uniquement en calculant où une planète invisible devait forcément se trouver.";"Urbain Le Verrier, né à Saint-Lô le 11 mars 1811, mort à Paris le 23 septembre 1877, est un astronome, mathématicien français spécialisé en mécanique céleste et fondateur de la météorologie moderne française."
Q1694882;mysteres;"";"USS Cyclops";"phare";8;1;a-ecrire;"";2026-09-03;;;"Un navire de cent soixante-cinq mètres et trois cent six hommes s'est évaporé en 1918 sans un message radio ni un débris.";"L'USS Cyclops (AC-4) est l'un des quatre charbonniers de la classe Proteus construit pour la Marine américaine en 1910. Son nom fait référence aux Cyclopes, des géants de la mythologie grecque (il s'agit du deuxième navire de la marine américaine à porter ce nom)."
Q44371;cosmos;"Valentina Terechkova";"Valentina Tereshkova";"phare+saviez";8;5;ecrit;"fr";2026-09-03;2026-09-07;;"Ouvrière et parachutiste amateur, la première femme dans l'espace y a passé plus de temps que tous les astronautes américains réunis.";"Valentina Vladimirovna Terechkova (en russe : Валентина Владимировна Терешкова, /vɐlʲɪnʲˈtʲinə vlɐˈdʲimʲɪrəvnə tʲɪrʲɪʂˈkovə/ ), surnommée la Mouette, née le 6 mars 1937 à Maslennikovo (raïon de Toutaïev dans l'oblast de Iaroslavl), est une cosmonaute et est la première femme à être allée dans l'espace à l'âge de 26 ans."
Q152800;cosmos;"";"Venera 7";"phare";8;2;ecrit;"fr";2026-09-03;2026-09-07;;"Premier atterrissage réussi sur une autre planète : le signal, jugé nul, n'a été retrouvé qu'après réanalyse des bandes magnétiques.";"Venera 7 (en russe : Венера-7) est une sonde spatiale du programme Venera lancée 17 août 1970 par l'Union soviétique vers Vénus. C'est la première sonde qui réussit à atterrir avec succès sur une autre planète et à transmettre des informations depuis celle-ci vers la Terre."
Q1994709;histoire;"Vente d'épouse en Angleterre";"Wife selling (English custom)";"insolite+phare+saviez";8;2;publie;"fr";2026-09-03;;2026-09-05;"Des maris anglais conduisaient leur femme au marché au bout d'une corde et la vendaient publiquement, faute de pouvoir divorcer.";"La vente d'épouse est une coutume observée en Angleterre, apparue probablement à la fin du XVIIe siècle, qui permettait de mettre fin, par consentement mutuel, à un mariage insatisfaisant, lorsque le divorce n'était accessible qu'aux plus riches."
Q155825;vivant;"";"Venus flytrap";"phare+saviez";8;1;ecrit;"fr";2026-09-03;2026-09-07;;"Elle compte : un contact ne fait rien, deux referment le piège, cinq déclenchent la digestion, et elle garde ce décompte en mémoire une trentaine de secondes.";"La Dionée attrape-mouche (Dionaea muscipula) est une plante carnivore, sans doute la plus connue et la plus emblématique. C'est une plante vivace herbacée de la famille des Droseraceae."
Q482828;mysteres;"";"Vernal, Utah";"phare";8;0;a-ecrire;"";2026-09-03;;;"Une banque de l'Utah a été bâtie en 1919 avec quatre-vingt mille briques envoyées par colis postal, cinquante par paquet, parce que c'était moins cher que le fret.";"La ville américaine de Vernal est le siège du comté de Uintah, dans l’État de l’Utah. Sa population a été estimée à 9 817 habitants en 2012."
Q267275;histoire;"Violet Constance Jessop";"Violet Jessop";"insolite+phare+saviez";8;6;publie;"fr";2026-09-03;;2026-09-05;"Infirmière, elle a survécu au naufrage du Titanic, à celui du Britannic et à la collision de l'Olympic.";"Violet Constance Jessop (2 octobre 1887 − 5 mai 1971) est une hôtesse et infirmière britannique. Elle est surtout connue pour avoir survécu aux principaux accidents des trois sister-ships géants de la White Star Line, les navires de la classe Olympic."
Q321;cosmos;"Voie lactée";"Milky Way";"phare+saviez";8;3;ecrit;"fr";2026-09-03;2026-09-07;;"Notre galaxie a dévoré des dizaines de galaxies naines, dont on retrouve encore les cadavres en longs courants d'étoiles.";"La Voie lactée, aussi nommée la Galaxie (avec une majuscule), est une galaxie spirale barrée qui comprend entre 200 et 400 milliards d'étoiles, et au moins autant de planètes."
Q370555;histoire;"Vol Air Canada 143";"Gimli Glider";"insolite+phare";8;4;publie;"fr";2026-09-03;;2026-09-05;"Un Boeing s'est retrouvé sans carburant à onze mille mètres parce que les techniciens avaient confondu livres et kilogrammes.";"Le 23 juillet 1983, le Boeing 767 effectuant le vol 143 d'Air Canada, un vol intérieur régulier entre Montréal, au Québec, et Edmonton, dans l'Alberta, s'est retrouvé à court de carburant à 12 000 mètres d'altitude, au centre du Canada, et a réussi à rejoindre en vol plané une base aérienne militair"
Q865513;mysteres;"Vol Helios Airways 522";"Helios Airways Flight 522";"phare";8;0;a-ecrire;"";2026-09-03;;;"En 2005, des pilotes de chasse ont vu par le hublot un avion de ligne dont tous les occupants étaient inconscients, volant seul sur pilote automatique.";"Le vol Helios Airways 522 (ZU522) est un vol international régulier assurant la liaison entre Larnaca, à Chypre, et Prague, en République tchèque, avec une escale prévue à l'aéroport international d'Athènes Elefthérios-Venizélos, en Grèce."
Q36986;arts;"Volapük";"Volapük";"phare+saviez";8;2;a-ecrire;"";2026-09-03;;;"Inventée par un prêtre allemand à la suite d'un rêve, elle a compté un million d'adeptes avant de s'effondrer en querelles de grammaire.";"Le volapük (/volɑˈpyk/) ou volapuk est une langue construite créée en 1879-1880 par Johann Martin Schleyer, un prêtre catholique allemand, qui, lors d'une insomnie, sentit que Dieu lui commandait de créer une langue auxiliaire internationale."
Q192834;cosmos;"WASP-12 b";"WASP-12b";"phare";8;3;ecrit;"fr";2026-09-03;2026-09-07;;"Cette planète est dévorée par son étoile et absorbe 94 % de la lumière qui la frappe : elle est plus noire que l'asphalte.";"WASP-12 b est une exoplanète de type Jupiter chaud qui orbite en 1,09 jour autour de l'étoile WASP-12, située à environ 870 années-lumière (270 pc) du Soleil, dans la constellation du Cocher."
Q7997465;mysteres;"Who put Bella in the Wych Elm?";"Who put Bella in the wych elm?";"insolite+phare";8;1;a-ecrire;"";2026-09-03;;;"En 1943, des enfants trouvent un crâne dans un orme creux ; depuis, des graffitis « Qui a mis Bella dans l'orme ? » réapparaissent régulièrement sur les murs anglais.";"Who put Bella in the Wych Elm?"
Q35149;sciences;"Wilhelm Röntgen";"Wilhelm Röntgen";"phare";8;0;a-ecrire;"";2026-09-03;;;"La première radiographie de l'histoire montre la main de son épouse, qui s'écria en voyant ses propres os : j'ai vu ma mort.";"Wilhelm Conrad Röntgen est un physicien allemand, né le 27 mars 1845 à Lennep en province de Rhénanie, et mort le 10 février 1923 à Munich. Il fait une grande partie de sa scolarité aux Pays-Bas avant d'entrer à l'École polytechnique fédérale de Zurich."
Q62071;mysteres;"";"Wilhelm Voigt";"phare";8;0;a-ecrire;"";2026-09-03;;;"En 1906, un cordonnier a acheté un uniforme d'officier d'occasion, réquisitionné dix soldats dans la rue, arrêté un maire et emporté la caisse de la ville.";"Le capitaine de Köpenick (en allemand : der Hauptmann von Köpenick) [ˈhaʊptman fɔn ˈkøːpənɪk] , de son vrai nom Friedrich Wilhelm Voigt (né le 13 février 1849 à Tilsit et mort le 3 janvier 1922 à Luxembourg), est un imposteur allemand."
Q2069856;esprit;"";"Willem Klein";"phare";8;1;a-ecrire;"";2026-09-03;;;"Calculateur mental du CERN, il extrayait des racines soixante-treizièmes de nombres de cinq cents chiffres plus vite que les premiers ordinateurs.";"Willem (dit « Wim ») Klein (né le 4 décembre 1912 à Amsterdam – mort le 1er août 1986 à Amsterdam) est un mathématicien et calculateur prodige néerlandais."
Q723547;arts;"William Chester Minor";"William Chester Minor";"phare+saviez";8;2;a-ecrire;"";2026-09-03;;;"Le plus grand contributeur du dictionnaire d'Oxford rédigeait ses fiches depuis l'asile où il était enfermé pour meurtre.";"William Chester Minor, né le 22 juin 1834 dans la Ceylan britannique et mort le 26 mars 1920 à Hartford (Connecticut), est un chirurgien américain qui a été un des contributeurs bénévoles les plus importants de l'Oxford English Dictionary pendant ses années d'internement dans un asile psychiatrique britannique."
Q608039;arts;"";"Winchester Mystery House";"insolite+phare";8;1;a-ecrire;"";2026-09-03;;;"La veuve du fabricant de fusils a fait bâtir sans plan pendant trente-huit ans une maison à escaliers menant au plafond et portes ouvrant sur le vide.";"La Maison Winchester (Winchester Mystery House) est une demeure située en Californie à San José, près de Santa Clara, célèbre dans le folklore américain pour sa réputation de maison hantée."
Q16664406;cosmos;"";"WISE 0855−0714";"phare+saviez";8;0;ecrit;"fr";2026-09-03;2026-09-07;;"L'objet le plus froid connu hors du Système solaire affiche moins vingt-trois degrés et abriterait des nuages d'eau.";"WISE 0855–0714 (désignation complète : WISE J085510.83–071442.5) est une sous-naine brune située à 7,2 al dans la constellation de l'Hydre. En avril 2014, c'est la naine brune la plus froide connue (225 à 260 K en surface)."
Q1055802;histoire;"";"Wojtek";"insolite+phare+saviez";8;4;publie;"fr";2026-09-03;;2026-09-05;"Cet ours brun, engagé soldat par l'armée polonaise, portait des caisses d'obus à Monte Cassino et buvait de la bière avec la troupe.";"Wojtek, né en 1942 et mort en 1963, est un ours brun de Syrie, animal de guerre de l'armée polonaise durant la Seconde Guerre mondiale."
Q4666317;vivant;"";"Wood frog";"phare+saviez";8;0;publie;"fr";2026-09-03;;2026-09-05;"Elle laisse geler les deux tiers de l'eau de son corps, son cœur s'arrête, elle ne respire plus pendant des semaines, puis elle repart au printemps.";"La Grenouille des bois, Lithobates sylvaticus, est une espèce nord-américaine d'amphibiens de la famille des Ranidae."
Q55505;esprit;"Xénogreffe";"Xenotransplantation";"phare+saviez";8;0;a-ecrire;"";2026-09-03;;;"Un homme a vécu deux mois avec, dans la poitrine, un cœur de porc génétiquement modifié.";"La xénogreffe (ou xénotransplantation) est la transplantation d'un greffon (organe par exemple) où le donneur est d'une espèce biologique différente de celle du receveur."
Q8056281;sciences;"Yoshitaka Fujii";"";"phare";8;1;a-ecrire;"";2026-09-03;;;"Un anesthésiste japonais détient le record mondial de rétractations, avec cent quatre-vingt-trois articles retirés d'un seul coup.";"Yoshitaka Fujii (藤井善隆, Fujii Yoshitaka) est un chercheur japonais en anesthésiologie, titulaire d’un doctorat en médecine de la faculté de médecine de l’université Tōkai en 1987."
Q14945772;terre;"";"Zalzala Koh";"phare";8;2;a-ecrire;"";2026-09-03;;;"Un séisme pakistanais de 2013 a fait sortir une île de la mer ; quatre ans plus tard, les vagues l'avaient entièrement effacée.";"Zalzala Koh ou Zalzala Jazira est une petite île de la côte du Baloutchistan au Pakistan, émergée le 24 septembre 2013 à la suite d'un séisme et disparue en 2016."
Q150408;terre;"Zealandia";"Zealandia";"phare";8;1;a-ecrire;"";2026-09-03;;;"Un huitième continent de cinq millions de kilomètres carrés a été reconnu en 2017 : il est immergé à 94 %.";"Zealandia, aussi appelé Zélandia ou continent Nouvelle-Zélande, est un bloc continental d'environ 3 500 km de long sur 1 300 km de large[réf. nécessaire], presque entièrement submergé, dont les terres encore émergées forment principalement la Nouvelle-Zélande et la Nouvelle-Calédonie."
Q177397;mysteres;"Zone 51";"Area 51";"phare+saviez";8;0;a-ecrire;"";2026-09-03;;;"Le gouvernement américain a nié pendant soixante ans l'existence de la base avant de la reconnaître dans un document déclassifié en 2013.";"La Zone 51 est une aire géographique du Nevada aux États-Unis — aussi appelée Dreamland, Watertown, The Ranch, Paradise Ranch, The Farm, The Box, Groom Lake, Zone 51 A, Neverland ou encore The Directorate for Development Plans Area — où se trouve une base militaire dite secrète, et où sont testés entre autres des appareils expérimentaux."
Q219894;mysteres;"Zone rouge (séquelles de guerre)";"Zone rouge";"insolite+phare";8;0;a-ecrire;"";2026-09-03;;;"Un siècle après Verdun, des villages entiers restent interdits d'habitation et de culture, le sol trop chargé d'obus et d'arsenic.";"Zone rouge est le nom donné en France à environ 120 000 hectares de champ de bataille où, à cause de dégâts physiques majeurs sur le milieu pendant la Première Guerre mondiale et en raison de la présence de milliers de cadavres et de millions de munitions non explosées, certaines activités ont été p"
Q149012;cosmos;"(243) Ida";"243 Ida";"phare";7;3;ecrit;"fr";2026-09-03;2026-09-07;;"En 1993, une sonde a prouvé qu'un simple astéroïde pouvait avoir sa propre lune.";"(243) Ida est un astéroïde de la famille de Coronis, elle-même située dans la ceinture principale et qui a la particularité de posséder une lune astéroïdale. Il a été découvert le 29 septembre 1884 par l'astronome Johann Palisa et nommé d'après une nymphe de la mythologie grecque."
Q118931;cosmos;"(99942) Apophis";"99942 Apophis";"phare";7;3;ecrit;"fr";2026-09-03;2026-09-07;;"En 2029, un astéroïde de 340 mètres passera plus près de nous que les satellites géostationnaires, visible à l'œil nu.";"(99942) Apophis (désignation provisoire 2004 MN4) est un astéroïde géocroiseur, de type Sq, qui est découvert le 19 juin 2004. Mesurant environ 325 mètres de diamètre et d'une masse d'environ 40 à 50 millions de tonnes, il suit une orbite proche de celle de la Terre qu'il croise deux fois à chacune de ses révolutions."
Q11559;cosmos;"";"10199 Chariklo";"phare";7;1;ecrit;"fr";2026-09-03;2026-09-07;;"Un caillou de deux cent cinquante kilomètres possède deux anneaux, révélés parce qu'ils ont éteint une étoile deux fois de suite.";"(10199) Chariclo, internationalement (10199) Chariklo, est un centaure, un petit corps dont l'orbite croise celle des planètes externes du Système solaire. Découvert le 15 février 1997 par le programme Spacewatch, il est la première planète mineure connue à posséder des anneaux."
Q4575042;terre;"";"1972 Iran blizzard";"phare";7;4;a-ecrire;"";2026-09-03;;;"Huit mètres de neige en une semaine ont effacé des villages entiers et tué environ quatre mille personnes.";"Le blizzard de février 1972 en Iran est une série de tempêtes de neige qui ont causé la mort d'environ 4 000 personnes dans ce pays et rayé de la carte 200 villages."
Q212834;arts;"";"20 Fenchurch Street";"phare+saviez";7;0;a-ecrire;"";2026-09-03;;;"La façade concave concentrait tellement le soleil qu'elle faisait fondre la carrosserie des voitures garées en dessous.";"Le 20 Fenchurch Street, surnommé The Walkie-Talkie en raison de sa forme particulière, est un gratte-ciel de Londres. Il s'est fait connaître du grand public à cause des dégâts qu'il a causés, en raison du réfléchissement des rayons solaires par ses vitres concaves."
Q798416;sciences;"200 Clarendon Street";"John Hancock Tower";"phare";7;1;a-ecrire;"";2026-09-03;;;"Les vitres de la tour se décrochaient et s'écrasaient dans la rue : il a fallu remplacer les dix mille panneaux de la façade.";"Le 200 Clarendon Street (anciennement John Hancock Tower) est le plus haut gratte-ciel de la ville de Boston dans l'État du Massachusetts. D'une hauteur de 241 mètres, la façade est entièrement vitrée."
Q67328765;cosmos;"";"2I/Borisov";"phare";7;5;ecrit;"fr";2026-09-03;2026-09-07;;"Un astronome amateur de Crimée a repéré avec un télescope de sa fabrication la première comète venue d'un autre système stellaire.";"2I/Borissov (désignation provisoire C/2019 Q4 (Borissov), désignation temporaire gb00234) est une comète interstellaire repérée dans le système solaire le 30 août 2019 par Guennadi Borissov au Mobil Astronomical Robotics Genon Observatory (d) (MARGO), à Naoutchnyï, en Crimée."
Q21111144;esprit;"";"ABCC11";"phare";7;1;ecrit;"fr";2026-09-03;2026-09-07;;"Un seul gène décide si votre cérumen est sec ou collant — et, du même coup, si vous sentez sous les bras.";"ATP-binding cassette transporter sub-family C member 11, also MRP8 (Multidrug Resistance-Related Protein 8), is a membrane transporter that exports certain molecules from inside a cell."
Q6655437;arts;"";"Abu Simbel (village)";"phare";7;1;a-ecrire;"";2026-09-03;;;"Les temples de Ramsès II ont été sciés en plus de mille blocs et remontés soixante mètres plus haut pour échapper au lac Nasser.";"Abou Simbel (arabe أبو سنبل ou أبو سمبل : Le père de l'épi) est une ville égyptienne située à l'extrême sud du pays, au bord du lac Nasser, à 290 km au sud-ouest d'Assouan."
Q381490;sciences;"Aérogel";"Aerogel";"phare+saviez";7;2;a-ecrire;"";2026-09-03;;;"Ce solide est fait à 99,8 % d'air, ne se sent pas dans la main, et supporte pourtant plusieurs milliers de fois son propre poids.";"Un aérogel est un matériau semblable à un gel où le composant liquide est remplacé par du gaz. C'est un solide à très faible densité avec plusieurs propriétés remarquables, notamment sa capacité à isoler thermiquement."
Q1132713;sciences;"Affaire Bogdanoff";"Bogdanov affair";"phare";7;1;a-ecrire;"";2026-09-03;;;"Deux frères vedettes de la télévision ont décroché des doctorats de physique avec des thèses que des spécialistes ont jugées incompréhensibles.";"L’affaire Bogdanoff (ou affaire Bogdanov) est une controverse sur la valeur scientifique des travaux des producteurs et animateurs de télévision français Igor et Grichka Bogdanoff."
Q173457;histoire;"Affaire Dreyfus";"Dreyfus affair";"phare";7;3;ecrit;"fr";2026-09-03;2026-09-07;;"La preuve de l'innocence de Dreyfus dormait dans un dossier depuis des années, et l'état-major a préféré fabriquer de nouveaux faux.";"L'affaire Dreyfus (prononcé : [afɛʁ dʁɛfys]) est une affaire d'État devenue un conflit politique majeur de la Troisième République, survenu en France à la fin du XIXe siècle autour de l'accusation de trahison faite au capitaine Alfred Dreyfus, juif d'origine alsacienne, qui est finalement innocenté."
Q51716436;mysteres;"Affaire du Dahlia noir";"Murder of Elizabeth Short";"phare";7;0;a-ecrire;"";2026-09-03;;;"Le corps a été retrouvé sectionné en deux à la taille, entièrement vidé de son sang et disposé dans l'herbe comme une mise en scène.";"L’affaire du Dahlia noir fait référence à l'homicide non élucidé d'Elizabeth Short, une jeune femme américaine surnommée « Le Dahlia noir » (en anglais : Black Dahlia)."
Q1348718;mysteres;"Affaire Romand";"Jean-Claude Romand";"phare";7;2;a-ecrire;"";2026-09-03;;;"Il a fait croire dix-huit ans qu'il était médecin à l'OMS, partant chaque matin lire des revues sur un parking, avant de tuer toute sa famille.";"L'affaire Romand est une affaire criminelle française. Elle implique Jean-Claude Romand, tueur à la chaîne et imposteur, qui a menti à ses proches pendant dix-huit ans en se prétendant médecin et chercheur, alors qu'il n'avait aucune activité, avant de les assassiner."
Q24478688;mysteres;"Affaire Seznec";"Seznec affair";"phare";7;2;a-ecrire;"";2026-09-03;;;"Condamné au bagne en 1924 pour un meurtre sans cadavre, sans aveu et sans arme, il a vu ses descendants perdre quatorze demandes de révision.";"L’affaire Seznec est une affaire criminelle célèbre dans laquelle Guillaume Seznec est reconnu coupable, en 1924, du meurtre de Pierre Quéméneur, conseiller général du Finistère, et de faux en écriture privée."
Q2161912;histoire;"Affaire Tichborne";"Tichborne case";"phare";7;4;ecrit;"fr";2026-09-03;2026-09-07;;"Un boucher australien s'est présenté comme l'héritier disparu d'une famille noble, sa mère l'a reconnu, et le plus long procès du siècle a ruiné tout le monde.";"L’affaire Tichborne est une cause célèbre du droit britannique qui passionne l'Angleterre victorienne des années 1860 et 1870. Un individu, parfois dénommé Thomas Castro ou Arthur Orton mais qui le plus souvent est simplement appelé « le requérant » (the Claimant en anglais), revendique être l'héritier des baronnets Tichborne."
Q208682;vivant;"Albatros hurleur";"Wandering albatross";"phare";7;0;ecrit;"fr";2026-09-03;2026-09-07;;"Il fait le tour de l'océan Austral en quarante-six jours en planant presque sans battre des ailes, ses épaules bloquées par un tendon qui lui évite tout effort.";"L'Albatros hurleur (Diomedea exulans), également appelé Grand Albatros, est le plus grand et le plus lourd représentant des albatros ; c'est aussi le premier à avoir été décrit."
Q154269;cosmos;"Alexeï Leonov";"Alexei Leonov";"phare+saviez";7;0;publie;"fr";2026-09-03;;2026-09-05;"Sa combinaison a tellement gonflé dans le vide qu'il a dû la dépressuriser en secret pour rentrer dans le sas.";"Alexeï Arkhipovitch Leonov (en russe : Алексе́й Архи́пович Лео́нов), né le 30 mai 1934 à Listvianka (oblast de Kemerovo) et mort le 11 octobre 2019 à Moscou, est un cosmonaute soviétique."
Q2834652;esprit;"Alexis Saint Martin";"Alexis St. Martin";"insolite+phare";7;1;a-ecrire;"";2026-09-03;;;"Une blessure par balle lui a laissé un orifice permanent vers l'estomac ; son médecin y a fait pendre des aliments au bout d'un fil pendant des années.";"Alexis Saint Martin (18 avril 1794 ou 8 avril 1802 – 24 juin 1880) était un trappeur canadien quand il fut grièvement blessé au ventre par un accident de fusil en 1822, il en garda une fistule permettant de voir l'intérieur de son estomac."
Q47580;cosmos;"ALH 84001";"Allan Hills 84001";"phare";7;1;ecrit;"fr";2026-09-03;2026-09-07;;"Un caillou martien ramassé en Antarctique a valu une conférence de presse présidentielle en 1996 pour d'hypothétiques microfossiles.";"ALH 84001 (Allan Hills 84001) est le nom donné à un fragment de météorite, probablement une météorite martienne. En 1996, un groupe de scientifiques dirigé par David S."
Q11104;sciences;"Alhazen";"Ibn al-Haytham";"phare+saviez";7;0;a-ecrire;"";2026-09-03;;;"Emprisonné pour avoir promis de dompter le Nil, il a mis à profit sa réclusion pour fonder l'optique moderne et la méthode expérimentale.";"Alhazen ou Alhacen, de son vrai nom Ibn al-Haytham ou de son nom complet Abu Ali al-Hasan ibn al-Hasan ibn al-Haytham (en arabe : أبو علي الحسن بن الحسن بن الهيثم ) (Bassora, c.965 – Le Caire, c.1040) est un mathématicien, philosophe, physiologiste et physicien du monde médiéval arabo-musulman."
Q135198207;vivant;"Alphapithovirus sibericum";"";"phare";7;4;ecrit;"fr";2026-09-03;2026-09-07;;"Ce virus géant sorti du pergélisol sibérien après trente mille ans de gel s'est révélé parfaitement infectieux dès qu'on l'a mis en présence d'amibes.";"Alphapithovirus sibericum est une espèce de virus géant, soit d'une taille supérieure à 0,5 micromètre, découvert en Sibérie en 2014. Ce virus infecte les amibes du genre Amoeba."
Q11276;cosmos;"Amas globulaire";"Globular cluster";"phare";7;1;ecrit;"fr";2026-09-03;2026-09-07;;"Un million d'étoiles y sont si serrées que depuis une planète, il ferait jour presque toute la nuit.";"En astronomie, un amas globulaire est un amas stellaire très dense, contenant typiquement une centaine de milliers d'étoiles distribuées dans une sphère dont la taille varie d'une vingtaine à quelques centaines d'années-lumière."
Q191050;mysteres;"Ambrose Bierce";"Ambrose Bierce";"phare";7;1;a-ecrire;"";2026-09-03;;;"Il part à soixante et onze ans suivre la révolution mexicaine et écrit dans sa dernière lettre que disparaître ainsi serait une belle façon de finir.";"Ambrose Gwinnett Bierce, né le 24 juin 1842 à Horse Cave Creek dans l’Ohio et disparu en 1914 à Chihuahua au Mexique (où il a été vu pour la dernière fois) est un écrivain et journaliste américain."
Q139978;vivant;"";"Amphioctopus marginatus";"phare+saviez";7;0;ecrit;"fr";2026-09-03;2026-09-07;;"Ce poulpe transporte des demi-coquilles de noix de coco sous son corps, ce qui le ralentit, pour s'en faire un abri plus tard.";"Amphioctopus marginatus (syn. et ancien nom Octopus marginatus) est une espèce de poulpes vivant dans les eaux tropicales de la partie est du Pacifique."
Q6193348;vivant;"";"Amphiprion";"phare";7;1;ecrit;"fr";2026-09-03;2026-09-07;;"Chez ces poissons, c'est le mâle dominant qui devient femelle à la mort de celle-ci, l'inverse exact du scénario de Nemo.";"Amphiprion est un genre de poissons, dont le nom vernaculaire est poisson clown, qui contient une trentaine d'espèces. Ces poissons vivent la plupart du temps en relation mutualiste avec des anémones de mer."
Q166543;esprit;"Anesthésie générale";"General anaesthesia";"phare";7;1;a-ecrire;"";2026-09-03;;;"On éteint la conscience de millions de personnes chaque année sans savoir précisément comment cela fonctionne.";"L'anesthésie générale , ou AG, est un acte médical dont l'objectif principal est la suspension temporaire et réversible de la conscience et de la sensibilité douloureuse, au moyen de médicaments (drogues anesthésiques) administrés par voie intraveineuse et/ou inhalation."
Q201235;vivant;"Anguille électrique";"Electrophorus electricus";"phare";7;0;ecrit;"fr";2026-09-03;2026-09-07;;"Six cents volts, produits par un animal, dans l'eau.";"L'Anguille électrique (Electrophorus electricus) est une espèce de poissons d'eau douce du Nord de l'Amérique du Sud, du bassin de l'Orénoque à celui de l'Amazone."
Q230650;cosmos;"Annie Jump Cannon";"Annie Jump Cannon";"phare";7;1;ecrit;"fr";2026-09-03;2026-09-07;;"Devenue sourde, elle a classé à la main plus de trois cent cinquante mille spectres d'étoiles, jusqu'à trois par minute.";"Annie Jump Cannon, née le 11 décembre 1863 à Dover (Delaware) et morte le 13 avril 1941 à Cambridge (Massachusetts), est une astronome américaine. Elle est connue comme étant la principale autrice de la classification de Harvard, première contribution fondamentale à la classification des étoiles en fonction de leurs températures et de leurs types spectraux."
Q569091;cosmos;"Anomalie Pioneer";"Pioneer anomaly";"phare";7;2;ecrit;"fr";2026-09-03;2026-09-07;;"Deux sondes ont ralenti pendant trente ans sans raison, jusqu'à ce qu'on découvre que la chaleur de leurs propres circuits les poussait doucement.";"L'anomalie Pioneer (ou effet Pioneer) désigne l'anomalie d'accélération affectant les sondes spatiales Pioneer 10 et 11 durant leur transit en marge du système solaire et mesurée entre 1979 et 2002."
Q37395;vivant;"Anomalocaris";"Anomalocaris";"phare";7;1;publie;"fr";2026-09-03;;2026-09-05;"Ses trois parties ont été décrites comme trois animaux distincts : une crevette, une méduse et une éponge, pendant près d'un siècle.";"Anomalocaris (« étrange crevette ») est un genre d'arthropodes de l'ordre fossile des Radiodontes (famille des Anomalocarididés). Le genre est présent dans le registre fossile de l’ère Paléozoïque, durant le Cambrien moyen, il y a environ 505 millions d'années."
Q567869;esprit;"Anosognosie";"Anosognosia";"phare+saviez";7;1;ecrit;"fr";2026-09-03;2026-09-07;;"Paralysée du côté gauche, une patiente soutient qu'elle va parfaitement bien et explique qu'elle ne lève pas ce bras parce qu'elle n'en a pas envie.";"L’anosognosie est un trouble neuropsychologique qui fait qu'un patient atteint d'une maladie ou d'un handicap ne semble pas avoir conscience de sa condition. À l'inverse du déni, qui est un mécanisme de défense psychologique « normal », cette méconnaissance par l’individu de sa maladie est pathologique et peut refléter une atteinte de certaines aires cérébrales."
Q886786;histoire;"Antoine de Tounens";"Orélie-Antoine de Tounens";"phare";7;4;publie;"fr";2026-09-03;;2026-09-05;"Un avoué du Périgord s'est fait proclamer roi d'Araucanie et de Patagonie en 1860, avec drapeau, constitution, monnaie et ministres.";"Antoine de Tounens, né Antoine Orélie Tounein le 12 mai 1825 à La Chèze, dans la commune de Chourgnac (Dordogne), et mort le 17 septembre 1878 à Tourtoirac (Dordogne), est un avoué puis aventurier et cryptarque français qui par deux ordonnances du 17 novembre 1860 et 20 novembre 1860, déclare la fon"
Q360312;arts;"Antoine Parmentier";"Antoine-Augustin Parmentier";"phare+saviez";7;0;a-ecrire;"";2026-09-03;;;"Pour imposer la pomme de terre, il a fait garder ses champs par des soldats le jour, afin qu'on vienne les voler la nuit.";"Antoine Augustin Parmentier est un pharmacien militaire, agronome, nutritionniste et hygiéniste français, né le 12 août 1737 à Montdidier et mort le 17 décembre 1813 à Paris."
Q20707611;esprit;"Aphantasie";"Aphantasia";"phare";7;3;ecrit;"fr";2026-09-03;2026-09-07;;"Certaines personnes ne voient absolument rien quand elles ferment les yeux. Elles l'apprennent souvent vers quarante ans.";"L'aphantasie est un trouble neurologique, classé parfois plutôt comme simple neuroatypie (ou « variante neurologique »), qui empêche certaines personnes de créer volontairement des images dans leur esprit — comme visualiser un visage, un paysage ou une scène."
Q296198;cosmos;"";"APM 08279+5255";"phare";7;1;ecrit;"fr";2026-09-03;2026-09-07;;"Autour d'un quasar lointain flotte un réservoir de vapeur d'eau égal à cent quarante mille milliards de fois tous les océans terrestres.";"APM 08279+5255 est un quasar super-lumineux, très éloigné, situé dans la constellation du Lynx. Il est agrandi et découpé en 3 images par une lentille gravitationnelle d'une galaxie à travers laquelle sa lumière passe."
Q3620646;esprit;"";"ApoA-I Milano";"phare";7;0;ecrit;"fr";2026-09-03;2026-09-07;;"Les habitants d'un village lombard mangent gras, ont des artères impeccables, et doivent tout à un ancêtre né vers 1780.";"Apolipoprotein A-I Milano (also ETC-216, now MDCO-216) is a naturally occurring mutated variant of the apolipoprotein A1 protein found in human HDL, the lipoprotein particle that carries cholesterol from tissues to the liver and is associated with protection against cardiovascular disease."
Q2859224;sciences;"Aqueduc de Nîmes";"";"phare";7;0;a-ecrire;"";2026-09-03;;;"Sur cinquante kilomètres, la pente moyenne atteint vingt-cinq centimètres par kilomètre, ajustée sans le moindre instrument optique.";"L'aqueduc de Nîmes est un aqueduc antique qui acheminait autrefois les eaux depuis la fontaine d'Eure à Uzès jusqu'à Nîmes, dans le département du Gard. Construit au Ier siècle en période d'apogée urbanistique de Nemausus, il a fonctionné de manière optimale jusqu'à la première moitié du IIIe siècle et a été abandonné au VIe siècle."
Q39514;vivant;"";"Argonauta argo";"phare";7;0;publie;"fr";2026-09-03;;2026-09-05;"Le mâle, quinze fois plus petit, détache son bras sexuel qui nage seul jusqu'à la femelle ; on l'a d'abord décrit comme un ver parasite.";"Argonauta argo (nom vernaculaire : argonaute voilier) est une espèce de mollusques céphalopodes de la famille des Argonautidae."
Q119195;vivant;"Argyroneta aquatica";"Diving bell spider";"phare+saviez";7;2;ecrit;"fr";2026-09-03;2026-09-07;;"Cette araignée vit sous l'eau dans une cloche de soie qu'elle remplit d'air, et qui fonctionne comme une branchie en captant l'oxygène dissous.";"Argyroneta aquatica, l'Argyronète, est une espèce d'araignées aranéomorphes de la famille des Argyronetidae. Il s'agit de la seule espèce du genre Argyroneta non fossile."
Q638182;arts;"Arpeggione";"Arpeggione";"phare";7;2;a-ecrire;"";2026-09-03;;;"Schubert a écrit une sonate pour un instrument à cordes qui avait déjà disparu quelques années après son invention.";"L'arpeggione est un instrument à cordes frottées, joué à l'archet, à six cordes accordées comme celles d'une guitare. Il est appelé également « guitare-violoncelle » ou « guitare d'amour »."
Q28367;esprit;"Asperge";"Asparagus";"phare+saviez";7;0;ecrit;"fr";2026-09-03;2026-09-07;;"L'urine change d'odeur chez presque tout le monde après un plat d'asperges, mais une partie de la population est génétiquement incapable de la sentir.";"L'Asperge est une plante monocotylédone de la famille des Asparagacées, originaire de l'est du bassin méditerranéen. Connue des Romains, elle est cultivée comme plante potagère en France depuis le XVe siècle."
Q223776;cosmos;"Assistance gravitationnelle";"Gravity assist";"phare+saviez";7;5;ecrit;"fr";2026-09-03;2026-09-07;;"Une sonde peut voler de la vitesse à une planète entière : Jupiter ralentit imperceptiblement chaque fois qu'un engin la double.";"L’assistance gravitationnelle, appui gravitationnel ou fronde gravitationnelle, dans le domaine de la mécanique spatiale, est l'utilisation volontaire de l'attraction d'un corps céleste (planète, lune) pour modifier en direction et en vitesse la trajectoire d'un engin spatial dans l'espace (sonde spatiale, satellite artificiel…)."
Q4627;esprit;"Aymara";"Aymara language";"phare+saviez";7;0;ecrit;"fr";2026-09-03;2026-09-07;;"Ils désignent l'avant de leur corps pour parler du passé, qu'on a vu, et l'arrière pour l'avenir, qu'on ne voit pas.";"L’aymara, parfois écrit aimara ou aïmara, est une langue vernaculaire qui a remplacé de nombreuses autres comme l'uru (en) ou l'uchhumataqu de Bolivie. Les variétés d'aymara forment une sous-famille linguistique avec les variétés de quechua."
Q2671176;terre;"Baba Gurgur";"Baba Gurgur";"phare";7;1;a-ecrire;"";2026-09-03;;;"Ce bouquet de flammes brûle depuis plus de deux mille cinq cents ans ; on y voit la fournaise du livre de Daniel.";"Baba Gurgur (en kurde بابا كركر « le père des flammes » ; en arabe : النار الازلية ; « feu éternel ») est un gisement pétrolier de notoriété historique situé à côté de Kirkouk dans le Kurdistan irakien."
Q836244;vivant;"Bactérie magnétotactique";"Magnetotactic bacteria";"phare+saviez";7;3;publie;"fr";2026-09-03;;2026-09-05;"Ces bactéries fabriquent une chaîne de cristaux d'aimant dans leur corps et s'alignent sur le champ magnétique terrestre comme des boussoles vivantes.";"Les bactéries magnétotactiques (BMT) sont des micro-organismes, découverts en 1975 par R. P. Blakemore, capables de se déplacer le long de lignes d'un champ magnétique."
Q804127;esprit;"Bajau";"Sama-Bajau";"phare";7;0;ecrit;"fr";2026-09-03;2026-09-07;;"Leur rate, d'un tiers plus grosse, leur sert de réserve de sang oxygéné : ils plongent en apnée toute la journée à plus de dix mètres.";"Les Bajau, Badjaos, Badjos ou encore Bajo, sont un groupe ethnique de Brunei, d'Indonésie, de Malaisie orientale et des Philippines qui font partie des populations qu'on appelle « nomades de la mer » (« Sea Gypsies » dans la littérature de langue anglaise), comme les Moken de Birmanie et de Thaïland"
Q132905;vivant;"Baleine à bosse";"Humpback whale";"phare+saviez";7;1;ecrit;"fr";2026-09-03;2026-09-07;;"Tous les mâles d'un océan chantent la même chanson, qui se modifie ensemble chaque année et voyage d'ouest en est comme une mode.";"La Baleine à bosse, le Mégaptère, la Jubarte ou, au Canada francophone, le Rorqual à bosse (Megaptera novaeangliae) est une espèce de cétacés à fanons (mysticètes)."
Q191125;vivant;"";"Bar-headed goose";"phare";7;0;ecrit;"fr";2026-09-03;2026-09-07;;"Elle franchit l'Himalaya à plus de sept mille mètres, dans un air où un alpiniste non acclimaté perd connaissance, en battant des ailes toute la nuit.";"L'Oie à tête barrée (Anser indicus), parfois appelée Oie tigrée est une espèce d'oiseaux de la famille des Anatidae."
Q12514;terre;"Barrage des Trois-Gorges";"Three Gorges Dam";"phare+saviez";7;0;a-ecrire;"";2026-09-03;;;"La masse d'eau retenue est assez grande pour avoir très légèrement ralenti la rotation de la Terre.";"Le barrage des Trois-Gorges (chinois simplifié : 三峡大坝 ; chinois traditionnel : 三峽大壩 ; pinyin : Sānxiá dàbà) est un barrage sur le Yangzi Jiang, situé dans la province du Hubei, au centre de la Chine."
Q22335;sciences;"Barrage du Vajont";"Vajont Dam";"phare";7;2;a-ecrire;"";2026-09-03;;;"Le barrage a parfaitement tenu, mais un pan de montagne tombé dans la retenue a projeté une vague de deux cent cinquante mètres par-dessus la crête.";"Le barrage du Vajont est un barrage d'Italie situé en Frioul-Vénétie Julienne, dans la province de Pordenone, à une centaine de kilomètres au nord de Venise, au-dessus du village de Longarone et au pied du mont Toc, sur le cours du Vajont."
Q430301;vivant;"Bdelloida";"Bdelloidea";"phare";7;0;publie;"fr";2026-09-03;;2026-09-05;"Ces animaux se passent de sexe depuis quarante millions d'années, volent des gènes de champignons et de bactéries, et l'un d'eux a repris vie après vingt-quatre mille ans de congélation.";"Les Bdelloidea (les bdelloïdes en français) sont une sous-classe de l'embranchement des rotifères. Les rotifères bdelloïdes sont des organismes microscopiques, dont la longueur varie entre 150 et 700 µm."
Q12124;cosmos;"Bételgeuse";"Betelgeuse";"phare";7;0;ecrit;"fr";2026-09-03;2026-09-07;;"Elle s'est assombrie brutalement en 2019 : ce n'était pas la fin, mais un immense nuage de poussière qu'elle avait craché.";"Alpha Orionis (α Orionis) est un système stellaire binaire de la constellation d’Orion constitué de Bételgeuse, une étoile variable semi-régulière de type supergéante rouge, et de sa compagne Siwarha."
Q18046111;esprit;"";"BHLHE41";"phare";7;0;ecrit;"fr";2026-09-03;2026-09-07;;"Certaines familles dorment quatre heures par nuit toute leur vie, sans dette de sommeil ni la moindre conséquence.";"""Basic helix-loop-helix family, member e41"", or BHLHE41, is a gene that encodes a basic helix-loop-helix transcription factor repressor protein in various tissues of both humans and mice."
Q435;histoire;"Bibliothèque d'Alexandrie";"Library of Alexandria";"phare+saviez";7;1;ecrit;"fr";2026-09-03;2026-09-07;;"Elle n'a pas brûlé en une nuit : elle s'est éteinte lentement, par coupes budgétaires et expulsions de savants.";"La bibliothèque d'Alexandrie, fondée à Alexandrie, en Égypte, par Ptolémée Ier, ancien général d'Alexandre le Grand, en 288 avant notre ère, est la plus célèbre bibliothèque de l'Antiquité."
Q856544;arts;"Bibliothèque d'Assurbanipal";"Library of Ashurbanipal";"phare";7;4;a-ecrire;"";2026-09-03;;;"L'incendie qui a détruit Ninive a cuit les tablettes d'argile et sauvé ainsi la bibliothèque pour vingt-cinq siècles.";"La Bibliothèque royale d'Assurbanipal, qui porte le nom d'Assurbanipal (668-627) – le dernier grand roi de l'Assyrie antique –, est une collection de près de vingt-cinq mille tablettes d'argile (la plupart fragmentées) et de fragments contenant toutes sortes de textes du VIIe siècle av."
Q4919163;arts;"Bitume (pigment)";"";"phare";7;1;a-ecrire;"";2026-09-03;;;"La première photographie de l'histoire a été fixée avec un goudron fossile utilisé depuis l'Antiquité par les embaumeurs égyptiens.";"Le bitume (NBk6) est un pigment organique d'origine fossile (un hydrocarbure de la famille du pétrole). Les bitumes se différencient des asphaltes par l'absence de substance minérales et la solubilité dans le sulfure de carbone (PRV1)."
Q421894;arts;"Bleu de Prusse";"Prussian blue";"phare+saviez";7;0;a-ecrire;"";2026-09-03;;;"Né de l'erreur d'un alchimiste qui avait contaminé sa potasse, ce bleu sert aujourd'hui d'antidote aux empoisonnements au thallium.";"Le bleu de Prusse (en allemand : Preußischblau ou Berliner Blau) est un pigment bleu foncé, identifié au Colour Index comme PB27 et dont la désignation internationale ISO est Iron blue pigment."
Q253181;arts;"Bleu égyptien";"Egyptian blue";"phare";7;1;a-ecrire;"";2026-09-03;;;"Le premier pigment de synthèse de l'humanité émet dans l'infrarouge, ce qui permet aujourd'hui de repérer des traces invisibles à l'œil.";"Le bleu égyptien (PB 31) est un pigment bleu synthétique, utilisé par les anciens Égyptiens, notamment sur les sarcophages, sculptures, papyrus, peintures murales à partir de la IVe dynastie, aussi connu sous le nom de fritte de bleu égyptien et désigné à l'époque de « lapis-lazuli », en référence à la couleur bleue de la pierre."
Q437248;histoire;"Bob Denard";"Bob Denard";"phare";7;2;ecrit;"fr";2026-09-03;2026-09-07;;"Un mercenaire français a renversé quatre fois le gouvernement des Comores, dont une fois en débarquant d'un chalutier avec une trentaine d'hommes.";"Robert Denard, dit Bob Denard, né le 7 avril 1929 à Bordeaux et mort le 13 octobre 2007 à Pontault-Combault en Seine-et-Marne, est un militaire puis mercenaire français."
Q15601133;vivant;"Boquila trifoliolata";"";"phare+saviez";7;2;ecrit;"fr";2026-09-03;2026-09-07;;"Cette liane chilienne imite la forme, la taille et la couleur des feuilles de l'arbre qu'elle escalade, et change de modèle si elle change de support.";"Boquila trifoliolata est une espèce de plantes à fleurs de la famille des Lardizabalaceae. C'est une liane originaire du sud de l'Amérique du Sud."
Q484458;arts;"Bouddhas de Bâmiyân";"Buddhas of Bamiyan";"phare+saviez";7;0;a-ecrire;"";2026-09-03;;;"Leur destruction a mené aux grottes voisines, où l'on a trouvé les plus anciennes peintures à l'huile connues, bien avant l'Europe.";"Les Bouddhas de Bâmiyân étaient trois statues monumentales en haut-relief de bouddhas debout, excavées dans la paroi d'une falaise située dans la vallée de Bâmiyân du centre de l'Afghanistan, à 230 kilomètres au nord-ouest de Kaboul et à une altitude de 2 500 m."
Q168327;vivant;"Bouquetin des Alpes";"Alpine ibex";"phare+saviez";7;1;ecrit;"fr";2026-09-03;2026-09-07;;"Ces bouquetins escaladent la paroi presque verticale d'un barrage italien pour lécher le sel de la maçonnerie, à des dizaines de mètres du sol.";"Le Bouquetin des Alpes (Capra ibex), bouquetin ou ibex, est une espèce de mammifères de la famille des bovidés, de l'ordre des artiodactyles et de la sous-famille des caprinés."
Q2923585;esprit;"";"BrainGate";"phare";7;0;a-ecrire;"";2026-09-03;;;"Une femme tétraplégique depuis quinze ans a bu son café toute seule en pilotant un bras robotisé par la pensée.";"BrainGate est un système d'implants neuronaux mis au point par la société de bio-technologie Cyberkinetics en 2003, en collaboration avec le département de Neurosciences à l'université Brown."
Q2925596;terre;"";"Brinicle";"phare+saviez";7;2;a-ecrire;"";2026-09-03;;;"Sous la banquise, un doigt de glace descend jusqu'au fond marin et pétrifie sur place tout ce qu'il touche.";"Une brinicle, surnommée le doigt glacé de la mort, est une stalactite de glace qui se forme dans l'eau de mer lorsqu'un flux d'eau salée (saumure) extrêmement froid se déverse des banquises."
Q205259;arts;"Bronzes de Riace";"Riace bronzes";"phare";7;2;a-ecrire;"";2026-09-03;;;"Un plongeur en vacances a vu un bras sortir du sable : deux guerriers grecs en bronze, grandeur nature, intacts après vingt-cinq siècles.";"Les guerriers ou bronzes de Riace sont deux sculptures grecques en bronze du Ve siècle av. J.-C., désignées conventionnellement comme statue A (dite ""le jeune"") et statue B (dite ""le vieux"")."
Q206630;arts;"Bruant ortolan";"Ortolan bunting";"phare";7;0;a-ecrire;"";2026-09-03;;;"On mangeait ce minuscule oiseau la tête cachée sous une serviette, dit-on pour se dissimuler de Dieu ; le plat est aujourd'hui interdit.";"Le bruant ortolan (Emberiza hortulana) ou simplement ortolan, est une espèce d'oiseaux de la famille des embérizidés. Cette espèce qui fréquente les paysages semi-ouverts a vu ses populations s'effondrer dans de nombreux pays."
Q15981955;arts;"Brun momie";"Mummy brown";"phare+saviez";7;4;publie;"fr";2026-09-03;;2026-09-05;"Les peintres européens ont broyé de véritables momies égyptiennes pour obtenir un pigment brun, jusqu'au début du vingtième siècle.";"Le brun momie ou brun de momie est un pigment brun-rouge utilisé en peinture d'art surtout en Angleterre au XIXe siècle. Le brun de momie a été réputé fabriqué en broyant des momies embaumées avec des résines d'Égypte ancienne."
Q565663;arts;"Brundibár";"";"phare";7;2;a-ecrire;"";2026-09-03;;;"Cet opéra pour enfants fut joué cinquante-cinq fois au camp de Terezín, chaque distribution étant peu à peu déportée vers Auschwitz.";"Brundibár est un opéra pour enfants écrit par Adolf Hoffmeister et le compositeur tchèque-allemand Hans Krása en 1938."
Q208935;cosmos;"";"Bullet Cluster";"phare";7;1;ecrit;"fr";2026-09-03;2026-09-07;;"La collision de deux amas a séparé la matière visible de sa masse invisible, rendant la matière noire presque photographiable.";"L’amas de la Balle, aussi appelé 1E 0657–56, est le résultat de la collision de deux amas de galaxies. Cette collision a dégagé l'énergie la plus élevée de l'Univers depuis le Big Bang."
Q1422215;cosmos;"C/1811 F1";"Great Comet of 1811";"phare";7;1;ecrit;"fr";2026-09-03;2026-09-07;;"Visible neuf mois à l'œil nu, elle a laissé son nom à un millésime de vin resté légendaire.";"C/1811 F1, la grande comète de 1811, est une comète qui fut découverte par Honoré Flaugergues, astronome amateur et juge de paix, à Viviers, dans l'Ardèche (France), le 25 mars 1811."
Q526278;cosmos;"";"C/2011 W3 (Lovejoy)";"phare";7;1;ecrit;"fr";2026-09-03;2026-09-07;;"Cette comète a traversé la couronne solaire à un million de degrés et en est ressortie, à la stupeur générale.";"C/2011 W3 (Lovejoy) est une comète périodique rasante du groupe de Kreutz. Elle a été découverte le 27 novembre 2011 par l'astronome amateur australien Terry Lovejoy."
Q333661;arts;"Cahokia";"Cahokia";"phare";7;1;a-ecrire;"";2026-09-03;;;"Vers l'an 1100, cette ville de terre du Mississippi comptait plus d'habitants que Londres, avant d'être abandonnée sans explication.";"Cahokia fut l'une des plus grandes cités autochtones d'Amérique du Nord. Elle est située dans le sud-ouest de l'État de l'Illinois, proche de l'actuelle ville de Saint-Louis dans l'État voisin du Missouri."
Q650836;terre;"Caldeira de Yellowstone";"Yellowstone Caldera";"phare+saviez";7;0;a-ecrire;"";2026-09-03;;;"Le sol du parc se soulève et s'affaisse de plusieurs centimètres par an au-dessus d'une poche de magma grande comme un département.";"La caldeira de Yellowstone est une dépression vaste (85 × 45 km) mais très peu profonde, située dans le parc national de Yellowstone (Wyoming, États-Unis). Elle a été découverte au cours des années 1960 et 1970, lors d'investigations géologiques dirigées par Robert Christiansen, de l'Institut d'études géologiques des États-Unis."
Q779863;histoire;"Campagne des quatre nuisibles";"Four Pests campaign";"insolite+phare";7;2;publie;"fr";2026-09-03;;2026-09-05;"La Chine a fait tuer les moineaux à coups de casseroles jusqu'à les épuiser en vol; les insectes ont proliféré et la famine a suivi.";"La campagne des quatre nuisibles (chinois simplifié : 除四害运动 ; chinois traditionnel : 除四害運動 ; pinyin : chú sì hài yùndòng), selon le langage officiel, aussi appelée grande campagne du moineau (chinois simplifié : 打麻雀运动 ; chinois traditionnel : 打麻雀運動 ; pinyin : dǎ máquè yùndòng) ou campagne « Tuez les"
Q1940969;vivant;"Camponotus saundersi";"Colobopsis saundersi";"phare";7;1;ecrit;"fr";2026-09-03;2026-09-07;;"Face à un ennemi, cette fourmi contracte violemment son abdomen jusqu'à se déchirer et asperge l'agresseur d'une colle toxique : elle explose pour la colonie.";"Camponotus saundersi est une espèce de fourmi que l'on trouve en Malaisie et au Brunei dans la canopée de la forêt tropicale. Les ouvrières peuvent exploser en se suicidant dans un acte de défense ultime, une capacité qu'elle partage avec plusieurs autres espèces de ce genre."
Q875660;cosmos;"Canaux martiens";"Martian canals";"phare";7;0;ecrit;"fr";2026-09-03;2026-09-07;;"Une erreur de traduction de l'italien a convaincu le monde entier pendant quarante ans que Mars abritait une civilisation d'irrigants.";"La croyance en l’existence des canaux martiens dura de la fin du XIXe au début du XXe siècle et marqua l’imagination populaire, contribuant au mythe de l’existence d’une vie intelligente sur Mars, la quatrième planète du système solaire."
Q429950;terre;"Carbonado";"Carbonado";"phare";7;0;a-ecrire;"";2026-09-03;;;"Ces diamants noirs ne se trouvent qu'au Brésil et en Centrafrique, deux régions jadis collées, et pourraient bien venir de l'espace.";"Le carbonado (également appelé diamant noir) est une formation naturelle du diamant en agrégat polycristallin d'éléments microscopiques de deux à quarante micromètres de taille, très poreux, d'aspect lustré à la surface et dont la couleur varie du noir au vert ou au jaune."
Q1035725;histoire;"";"Cardiff Giant";"phare";7;2;ecrit;"fr";2026-09-03;2026-09-07;;"Un géant de pierre enterré exprès a attiré des foules payantes, et Barnum en a fabriqué une copie qu'il a exposée comme le vrai faux géant.";"Le géant de Cardiff est un canular archéologique visant à faire croire à la découverte d'un squelette de géant à Cardiff dans l'État de New York en 1869. La supercherie fut rapidement révélée mais le pseudo-squelette connut pour autant un grand succès auprès du public."
Q2941291;cosmos;"Cassini (sonde spatiale)";"";"phare";7;2;ecrit;"fr";2026-09-03;2026-09-07;;"Pour ne pas contaminer d'éventuelles formes de vie, la sonde a été délibérément plongée dans Saturne, émettant jusqu'à la dernière seconde.";"Cassini est une sonde spatiale de la NASA pour les besoins de la mission Cassini-Huygens qui a pour but l'étude de la planète Saturne, de ses satellites et de ses anneaux."
Q1427965;sciences;"Castor affairé";"Busy beaver";"phare";7;1;a-ecrire;"";2026-09-03;;;"Il a fallu des centaines d'amateurs coordonnés sur Internet pour prouver qu'une machine à cinq états s'arrête après quarante-sept millions d'étapes.";"Un castor affairé est, en théorie de la calculabilité, une machine de Turing qui maximise son « activité opérationnelle » (comme le nombre de pas effectués ou le nombre de symboles écrits avant son arrêt) parmi toutes les machines de Turing d'une certaine classe."
Q129029;histoire;"Catastrophe de Bhopal";"Bhopal disaster";"phare+saviez";7;1;ecrit;"fr";2026-09-03;2026-09-07;;"Une fuite de gaz nocturne a tué des milliers de dormeurs, et l'usine avait coupé ses systèmes de sécurité pour économiser.";"La catastrophe de Bhopal est un accident chimique qui survient dans la nuit du 2 au 3 décembre 1984 à Bhopal, une ville du centre de l'Inde. Elle est la conséquence de l'explosion d'une usine d'une filiale de la firme américaine Union Carbide produisant des pesticides et qui a dégagé quarante tonnes d'isocyanate de méthyle dans l'atmosphère de la ville."
Q1688770;terre;"";"Cave of Swallows";"phare";7;1;a-ecrire;"";2026-09-03;;;"Un gouffre mexicain où l'on chute librement pendant plus de trois cents mètres avant que la corde ne serve, et où des oiseaux tournent en spirale.";"Le gouffre des Hirondelles (en espagnol : Sótano de las Golondrinas) est un gouffre situé dans la localité d'Aquismón, dans l'État de San Luis Potosí, au Mexique."
Q1054303;arts;"Centro Financiero Confinanzas";"Centro Financiero Confinanzas";"phare";7;3;a-ecrire;"";2026-09-03;;;"Un gratte-ciel de quarante-cinq étages laissé inachevé à Caracas a été habité par des milliers de personnes, avec épiceries et coiffeurs.";"Le Centro Financiero Confinanzas ou Torre de David (Tour de David) est un immeuble inachevé de 45 étages situé à Caracas au Venezuela. Entamée en 1990, la construction est arrêtée en 1994 à la suite de la crise économique que traverse le pays."
Q214634;sciences;"Chambre à brouillard";"Cloud chamber";"phare+saviez";7;1;a-ecrire;"";2026-09-03;;;"Un physicien voulait recréer en laboratoire les brumes vues sur une colline écossaise, et il a fini par photographier les particules elles-mêmes.";"Une chambre à brouillard est un détecteur de particules qui montre sous la forme de traînées de condensation le passage des particules nucléaires dans la matière."
Q470228;esprit;"Chambre d'Ames";"Ames room";"phare";7;2;ecrit;"fr";2026-09-03;2026-09-07;;"Dans cette pièce truquée, une personne semble grandir de moitié en marchant simplement d'un coin à l'autre.";"La chambre d'Ames est une illusion d'optique construite par l'ophtalmologiste américain Adelbert Ames Jr. (en) en 1946."
Q741255;cosmos;"Champ profond de Hubble";"Hubble Deep Field";"phare";7;2;ecrit;"fr";2026-09-03;2026-09-07;;"Un morceau de ciel apparemment vide, de la taille d'un grain de sable à bout de bras, contenait dix mille galaxies.";"Le Champ profond de Hubble, ou HDF pour l'anglais Hubble Deep Field, est une région de l'hémisphère nord de la sphère céleste située dans la constellation de la Grande Ourse, couvrant à peu près un 30 millionième de la surface du ciel, et qui contient environ 3 000 galaxies de faible luminosité."
Q1061092;terre;"Champagne Pool";"Champagne Pool";"phare";7;1;a-ecrire;"";2026-09-03;;;"Cette source néo-zélandaise à 74 °C pétille de gaz carbonique et dépose sur ses bords un précipité orange d'arsenic et d'antimoine.";"Champagne Pool est un bassin naturel d’eau chaude de la zone thermale de Wai-O-Tapu dans la région du Waikato en Nouvelle-Zélande. La source chaude est située à environ 30 km au sud-est de Rotorua et 50 km au nord est de Taupo."
Q2273412;arts;"";"Chand Baori";"phare";7;6;a-ecrire;"";2026-09-03;;;"Trois mille cinq cents marches en zigzag descendent treize étages sous terre pour atteindre l'eau au fond du puits.";"Le Chand Baori est un puits à degrés, situé à Abhaneri, dans l'État du Rajasthan, en Inde. Profond de près de trente mètres, avec ses trois mille cinq cent marches réparties sur treize étages, c'est l'un des plus grands bâolis d'Inde."
Q723045;cosmos;"Chang'e 4";"Chang'e 4";"phare";7;2;ecrit;"fr";2026-09-03;2026-09-07;;"Une graine de coton a germé sur la face cachée de la Lune, avant de geler dès la première nuit lunaire.";"Chang'e 4 est une sonde spatiale lunaire chinoise dont le lancement a eu lieu le 7 décembre 2018. L'engin est une réplique de la sonde lunaire Chang'e 3, lancée en 2013."
Q1062302;terre;"Channeled Scablands";"Channeled Scablands";"phare";7;1;a-ecrire;"";2026-09-03;;;"Un géologue a mis quarante ans à convaincre ses confrères que ce paysage avait été taillé en quelques jours et non en millions d'années.";"Les Channeled Scablands sont une zone d'érosion caractéristique de l'État de Washington aux États-Unis. Le géologue américain J Harlen Bretz a, le premier, émis l'hypothèse par la suite confirmée que ces formations ont été créées par les inondations de Missoula."
Q281598;mysteres;"";"Chaocipher";"phare";7;1;a-ecrire;"";2026-09-03;;;"Inventé en 1918, ce système est resté secret jusqu'à ce que la famille de son créateur donne ses papiers à un musée en 2010.";"The Chaocipher is a cipher method invented by John Francis Byrne in 1918 and described in his 1953 autobiographical Silent Years. He believed Chaocipher was simple, yet unbreakable."
Q1081812;sciences;"Charachka";"Sharashka";"phare";7;1;a-ecrire;"";2026-09-03;;;"L'Union soviétique enfermait ses meilleurs ingénieurs dans des laboratoires-prisons où l'on dessinait des avions entre deux interrogatoires.";"Une charachka (au pluriel charachki, russe : шара́шка IPA: [ʂʌˈraʂkə]) est le nom informel de laboratoires secrets soviétiques appartenant au système du Goulag."
Q6604;cosmos;"";"Charon (moon)";"phare";7;1;ecrit;"fr";2026-09-03;2026-09-07;;"Pluton et sa lune tournent autour d'un point situé dans le vide entre les deux : ils dansent l'un autour de l'autre.";"Charon, officiellement (134340) Pluton I Charon (désignation internationale : (134340) Pluto I (Charon), prononcé : /ka.ʁɔ̃/) est le plus grand satellite naturel de Pluton et un objet massif de la ceinture de Kuiper."
Q643284;terre;"Chicago (rivière)";"Chicago River";"phare";7;1;a-ecrire;"";2026-09-03;;;"Des ingénieurs ont inversé le sens d'écoulement d'un fleuve en 1900 pour que la ville cesse de boire ses propres égouts.";"La rivière Chicago (en anglais : Chicago River) est un système de cours d'eau et de canaux d'une longueur combinée de 251 kilomètres qui traverse la ville de Chicago, y compris son centre-ville dont le secteur financier du Loop."
Q493965;esprit;"";"Childhood amnesia";"phare";7;2;ecrit;"fr";2026-09-03;2026-09-07;;"Vos trois premières années sont effacées pour presque tout le monde, alors que c'est le moment où vous appreniez le plus vite.";"L'amnésie infantile décrit le phénomène amnésique touchant la mémoire épisodique qui conduit à la pauvreté des souvenirs relatifs aux premières années de vie et, dans la plupart des cas, à leur absence avant deux ans."
Q281721;esprit;"Chimère (génétique)";"Chimera (genetics)";"phare";7;1;ecrit;"fr";2026-09-03;2026-09-07;;"Une mère américaine a échoué à un test ADN censé prouver qu'elle était la mère de ses propres enfants : elle porte deux génomes différents.";"En génétique, une chimère est un organisme formé d'au moins deux populations de cellules génétiquement distinctes. La chimère peut être issue de reproduction sexuée, et résulte alors généralement d'une double ou multiple fécondation, créant plusieurs zygotes (cellules-œufs)."
Q173265;arts;"Chips";"Potato chips";"phare+saviez";7;2;a-ecrire;"";2026-09-03;;;"Excédé par un client qui trouvait ses frites trop épaisses, un cuisinier les a coupées si fines qu'on ne pouvait plus les piquer.";"Les chips ou pommes chips, connues aussi sous le néologisme de croustilles au Canada, sont de fines rondelles végétales frites dans l'huile, ce qui les rend croquantes."
Q14169302;arts;"";"Chocolate chip cookie";"phare+saviez";7;1;a-ecrire;"";2026-09-03;;;"La cuisinière croyait que ses morceaux de chocolat fondraient dans la pâte : ils ont gardé leur forme et créé un classique mondial.";"Un cookie, prononcé en français [ku.ki] (en Europe) ou biscuit aux pépites de chocolat (au Québec et au Nouveau-Brunswick) est un petit biscuit rond traditionnel de la cuisine des États-Unis, avec des brisures ou pépites de chocolat."
Q11123;arts;"Chopine";"Pint";"phare";7;0;a-ecrire;"";2026-09-03;;;"Les Vénitiennes portaient des semelles hautes de cinquante centimètres et ne pouvaient avancer qu'appuyées sur deux servantes.";"Une chopine est un verre à bière ainsi qu'une mesure de capacité pour des liquides. Le terme est attesté depuis le XIIe siècle, de l'allemand Schoppen, « puisoir de brasseur »."
Q940337;vivant;"Cimex lectularius";"Cimex lectularius";"phare+saviez";7;0;publie;"fr";2026-09-03;;2026-09-05;"Le mâle ne cherche pas l'orifice génital : il perfore l'abdomen de la femelle et y injecte son sperme directement dans la cavité corporelle.";"Cimex lectularius est une espèce d'insectes hémiptères, une des punaises de lit, parasite de l'homme, de la famille des Cimicidés, sous-ordre des Hétéroptères. Cette punaise est hématophage (elle se nourrit uniquement de sang), généralement la nuit durant le sommeil."
Q391243;arts;"Citigroup Center";"Citigroup Center";"phare+saviez";7;0;a-ecrire;"";2026-09-03;;;"Une étudiante a signalé un défaut qui menaçait la tour à chaque grande tempête ; on l'a réparée la nuit, en secret.";"Le Citigroup Center est un gratte-ciel situé dans l'arrondissement de Manhattan, à New York. Il se trouve au 601 de la Lexington Avenue entre la 53e et la 54e rue, dans le quartier de Midtown."
Q1142785;vivant;"";"Clark's nutcracker";"phare";7;0;ecrit;"fr";2026-09-03;2026-09-07;;"Il enterre plus de trente mille graines dans des milliers de cachettes à l'automne, et les retrouve sous la neige neuf mois plus tard.";"Le Cassenoix d'Amérique (Nucifraga columbiana), est une espèce de passereaux de la famille des Corvidae."
Q1340623;sciences;"Classification des groupes finis simples";"Classification of finite simple groups";"phare";7;0;a-ecrire;"";2026-09-03;;;"La démonstration s'étale sur des dizaines de milliers de pages écrites par une centaine d'auteurs, et une lacune a été comblée trente ans après l'annonce.";"En mathématiques, et plus précisément en théorie des groupes, la classification des groupes finis simples, aussi appelée le théorème énorme, est un ensemble de travaux, principalement publiés entre environ 1955 et 1983, qui a pour but de classer tous les groupes finis simples."
Q1757951;vivant;"";"Clathrus archeri";"phare";7;0;ecrit;"fr";2026-09-03;2026-09-07;;"Ce champignon sort d'un œuf gélatineux, déploie quatre à huit tentacules rouges gluants et attire les mouches en imitant la viande pourrie.";"L'Anthurus d'Archer, Clathrus archeri (anciennement Anthurus archeri), est une espèce de champignons basidiomycètes de l'ordre des Phallales et de la famille des phallacées."
Q217227;vivant;"";"Claviceps purpurea";"phare+saviez";7;2;ecrit;"fr";2026-09-03;2026-09-07;;"Ce champignon du seigle a provoqué des épidémies de convulsions et d'hallucinations au Moyen Âge, et c'est de lui qu'a été tiré le LSD.";"L'ergot du seigle (Claviceps purpurea Tul.) est un champignon vénéneux du groupe des ascomycètes, parasite du seigle (et d'autres céréales). Il contient des alcaloïdes responsables de l'ergotisme, en particulier l’acide lysergique dont est dérivé le LSD."
Q901530;sciences;"Cliché 51";"Photo 51";"phare";7;1;a-ecrire;"";2026-09-03;;;"Un cliché de diffraction montré sans l'accord de celle qui l'avait obtenu a livré la structure de l'ADN à deux concurrents.";"Le cliché 51 est le nom donné à une image obtenue par la méthode de Laue (cristallographie aux rayons X) prise en mai 1952 au King's College de Londres par Raymond Gosling alors qu'il travaillait sous la direction de Rosalind Franklin, dans l'équipe de John Randall."
Q448942;sciences;"Clifford Cocks";"Clifford Cocks";"phare";7;1;a-ecrire;"";2026-09-03;;;"La cryptographie à clé publique avait été inventée en secret par les services britanniques quatre ans avant sa découverte publique, et classée vingt-cinq ans.";"Clifford Christopher Cocks, (né le 28 décembre 1950) est mathématicien et cryptographe britannique au GCHQ qui inventa la méthode de chiffrement très utilisée maintenant communément appelée RSA, environ trois ans avant son développement indépendant par Rivest, Shamir, et Adleman au MIT."
Q724948;esprit;"";"Clive Wearing";"phare";7;0;publie;"fr";2026-09-03;;2026-09-05;"Sa mémoire dure sept secondes : il note sans cesse « je me réveille enfin », rature la ligne d'avant, et retrouve sa femme avec extase toutes les vingt minutes.";"Clive Wearing (born 11 May 1938) is a British former musicologist, conductor, tenor and pianist who developed chronic anterograde and retrograde amnesia in 1985."
Q732371;vivant;"Cocotier de mer";"Lodoicea maldivica";"phare";7;1;ecrit;"fr";2026-09-03;2026-09-07;;"Sa graine pèse jusqu'à vingt-cinq kilos, met sept ans à mûrir, et on a longtemps cru qu'elle poussait au fond de la mer.";"Le cocotier de mer ou coco de mer (Lodoicea maldivica) est un palmier (famille des Arécacées) originaire des Seychelles, et non des Maldives — auxquelles on croyait autrefois pouvoir attribuer le lieu d'origine de ses noix parties à la dérive — qui produit la plus grosse graine du monde."
Q549500;arts;"Codex Seraphinianus";"Codex Seraphinianus";"insolite+phare";7;0;a-ecrire;"";2026-09-03;;;"Une encyclopédie d'un monde imaginaire, illisible par construction : l'auteur affirme lui-même que son écriture ne veut rien dire.";"Le Codex seraphinianus est un codex écrit vers la fin des années 1970 par Luigi Serafini et publié en 1981 par l’éditeur Franco Maria Ricci dans sa collection « Les signes de l’homme »."
Q868492;arts;"Comic Sans";"Comic Sans";"phare+saviez";7;1;a-ecrire;"";2026-09-03;;;"La police la plus moquée du monde a servi au CERN pour annoncer au monde la découverte du boson de Higgs.";"Comic Sans (prononcé /ˈkɒm.ɪk ˈsænz/ en anglais) est une police de caractères populaire dessinée par Vincent Connare pour la société Microsoft en 1995. Initialement publiée dans le pack Plus Windows, elle est distribuée par Microsoft avec Windows, et ce depuis Windows 95."
Q143610;terre;"";"Commonwealth Bay";"phare";7;0;a-ecrire;"";2026-09-03;;;"Le vent y souffle en moyenne à quatre-vingts kilomètres-heure toute l'année, ce qui en fait l'endroit le plus venteux de la planète.";"La baie du Commonwealth (en anglais : Commonwealth Bay) est une baie de 48 km de large à l'entrée entre le Point Alden et le cap Gray en Antarctique."
Q1093379;terre;"Concrétion";"Concretion";"phare+saviez";7;0;a-ecrire;"";2026-09-03;;;"Ces pierres roumaines gonflent après la pluie et bourgeonnent, ce qui leur a valu la réputation de rochers vivants.";"Une concrétion (du latin concrescere, « devenir solide ») est l'épaississement par accumulation de matière, souvent en couches successives, autour d'un noyau (concrétion globuleuse, nodules) ou sur une surface rocheuse (encroûtements, revêtements), ou à partir d'un point d'écoulement d'eau (concréti"
Q547663;vivant;"Condylura cristata";"Star-nosed mole";"phare";7;0;ecrit;"fr";2026-09-03;2026-09-07;;"Ses vingt-deux tentacules nasaux touchent douze endroits par seconde et il décide de manger ou non une proie en huit millisecondes, plus vite qu'un influx nerveux ordinaire.";"Le Condylure étoilé (Condylura cristata) est une petite espèce de taupes nord-américaines, la seule du genre Condylura. Ce mammifère fouisseur vit dans l'Est du Canada et dans l'extrême Nord-Est des États-Unis, jusqu'au nord de la baie James."
Q2600201;sciences;"Conjecture de Mertens";"Mertens conjecture";"phare";7;0;a-ecrire;"";2026-09-03;;;"On a démontré qu'elle est fausse sans pouvoir exhiber le moindre contre-exemple, tant le premier est astronomiquement lointain.";"En théorie des nombres, si nous définissons la fonction de Mertens ainsi : M ( n ) = ∑ 1 ≤ k ≤ n μ ( k ) {\displaystyle M(n)=\sum _{1\leq k\leq n}\mu (k)} μ {\displaystyle \mu } étant la fonction de Möbius, alors la conjecture de Mertens énonce que | M ( n ) | < n ."
Q1441904;sciences;"Conjecture de Pólya";"Pólya conjecture";"phare";7;3;a-ecrire;"";2026-09-03;;;"Vraie pour les premiers milliards d'entiers, elle devient fausse à partir d'un nombre de neuf cent six milliards, découvert bien trop tard.";"En théorie des nombres, la conjecture de Pólya énonce que la plupart (c'est-à-dire plus de la moitié) des entiers naturels inférieurs à un entier donné ont un nombre impair de facteurs premiers."
Q59151;cosmos;"Constante cosmologique";"Cosmological constant";"phare";7;3;ecrit;"fr";2026-09-03;2026-09-07;;"Einstein l'a inventée pour figer l'univers, l'a reniée comme sa plus grande erreur, et elle est revenue expliquer son accélération.";"La constante cosmologique est un paramètre ajouté par Einstein en février 1917 à ses équations de la relativité générale (1915), dans le but de rendre sa théorie compatible avec l'idée qu'il avait alors d'un Univers implicitement statique."
Q1780734;vivant;"";"Conus geographus";"phare+saviez";7;0;ecrit;"fr";2026-09-03;2026-09-07;;"Ce cône libère un nuage d'insuline dans l'eau pour faire chuter la glycémie du poisson, qui s'engourdit et se laisse avaler entier.";"Conus geographus (littéralement le Cône géographe, nommé aussi Cône géographique) est une espèce de mollusques gastéropode de la famille des Conidae, molluscivore et piscivore."
Q1249634;vivant;"Coquille Saint-Jacques";"Pecten maximus";"phare";7;3;ecrit;"fr";2026-09-03;2026-09-07;;"Cette coquille Saint-Jacques possède environ deux cents yeux bleus, et chacun forme son image sur un miroir de cristaux, pas sur une lentille.";"La coquille Saint-Jacques (Pecten maximus) est une espèce de mollusque bivalve marin de la famille des pectinidés. Parmi toutes les espèces de cette famille qui sont légalement autorisées à bénéficier de l'appellation commerciale « Saint-Jacques » par décision de l'Organisation mondiale du commerce, elle est la plus recherchée des gastronomes."
Q256812;cosmos;"Corona (satellite)";"CORONA (satellite)";"phare+saviez";7;2;ecrit;"fr";2026-09-03;2026-09-07;;"Les pellicules des satellites espions étaient éjectées en capsule et rattrapées en plein ciel par des avions munis d'un crochet.";"Corona est le premier programme de satellites de reconnaissance des États-Unis qui est mis en œuvre entre juin 1959 et le 31 mai 1972."
Q18845;vivant;"Coucou gris";"Common cuckoo";"phare";7;0;publie;"fr";2026-09-03;;2026-09-05;"Le poussin, à peine éclos et encore aveugle, hisse un à un les œufs de ses hôtes sur son dos pour les jeter hors du nid.";"Le Coucou gris (Cuculus canorus) est une espèce d'oiseaux de la famille des Cuculidae. Il doit son nom vernaculaire à son chant."
Q3000066;arts;"Coupe de Lycurgue";"Lycurgus Cup";"phare+saviez";7;2;a-ecrire;"";2026-09-03;;;"Ce verre romain paraît vert en lumière réfléchie et rouge sang par transparence : il contient des nanoparticules d'or et d'argent.";"La coupe de Lycurgue, conservée au British Museum, est un vase diatrète romain en verre dichroïque, datant du IVe siècle apr. J.-C., haut de 16,5 cm."
Q206070;vivant;"Crabe de cocotier";"Coconut crab";"phare+saviez";7;1;ecrit;"fr";2026-09-03;2026-09-07;;"Ce crabe grimpe aux cocotiers, se noie dans l'eau de mer, et sa pince serre avec une force comparable à la morsure d'un lion.";"Le Crabe de cocotier (Birgus latro) est le plus grand des arthropodes terrestres. De la famille des bernard l'hermite, ce n'est donc pas un crabe au sens strict."
Q55816;terre;"Cratère de Chicxulub";"Chicxulub crater";"phare+saviez";7;1;a-ecrire;"";2026-09-03;;;"On a repéré l'astéroïde qui a tué les dinosaures grâce à un demi-cercle de puits naturels dessiné dans la jungle du Yucatán.";"Le cratère de Chicxulub (prononcé : /tʃikʃulub/ ; en maya : /tʃʼikʃuluɓ/) est un cratère d'impact situé à Chicxulub Puerto dans la péninsule du Yucatán au Mexique."
Q595341;terre;"Cratère de Kaali";"Kaali crater";"phare";7;2;ecrit;"fr";2026-09-03;2026-09-07;;"Un essaim de météorites a creusé neuf cratères en Estonie il y a trois mille cinq cents ans, sous les yeux des habitants.";"Le cratère de Kaali (estonien : Kaali kraater) est un cratère d'impact de 110 m de diamètre situé sur l'île de Saaremaa, en Estonie. Il est entouré de huit autres cratères d'impact, plus petits."
Q1142539;arts;"Crêpe Suzette";"";"phare";7;1;a-ecrire;"";2026-09-03;;;"Un commis de seize ans a mis le feu par accident à sa sauce devant le prince de Galles, qui a trouvé l'accident délicieux.";"Une crêpe Suzette est un dessert français composé d'une crêpe au beurre Suzette, une sauce à base de sucre caramélisé et de beurre, de jus de mandarine ou d'orange, de zeste et de liqueur Grand Marnier ou de curaçao."
Q3006057;sciences;"Crève-tonneau de Pascal";"Pascal's barrel";"phare+saviez";7;2;a-ecrire;"";2026-09-03;;;"Un tube fin rempli de quelques litres d'eau, planté dans le couvercle d'un tonneau plein, suffit à le faire éclater.";"Le crève-tonneau de Pascal est une expérience hydrostatique attribuée à Blaise Pascal. L'expérience de pensée consiste en un tonneau entièrement plein d'eau."
Q836084;arts;"Crinoline";"Crinoline";"phare";7;0;a-ecrire;"";2026-09-03;;;"Des milliers de femmes sont mortes brûlées ou happées par des machines à cause de ces jupes d'acier démesurées.";"La crinoline est un sous-vêtement féminin du XIXe siècle."
Q605948;terre;"Crise de salinité messinienne";"Messinian salinity crisis";"phare+saviez";7;1;a-ecrire;"";2026-09-03;;;"La Méditerranée s'est presque entièrement évaporée, puis s'est remplie par le détroit de Gibraltar en quelques années à peine.";"La crise de salinité messinienne est un épisode géologique qui correspond à l'assèchement (ou aux assèchements successifs) de la mer Méditerranée durant le Messinien (fin du Miocène)."
Q116784559;terre;"Cyclone Freddy";"Cyclone Freddy";"phare";7;2;a-ecrire;"";2026-09-03;;;"Il a traversé tout l'océan Indien et vécu trente-six jours en se réintensifiant sept fois de suite.";"Le cyclone tropical très intense Freddy est la quatrième tempête nommée de la saison cyclonique de la région australienne 2022-23 et la sixième de la saison cyclonique 2022-2023 dans l'océan Indien sud-ouest."
Q244274;vivant;"Dactylopius coccus";"Cochineal";"phare";7;3;ecrit;"fr";2026-09-03;2026-09-07;;"Il faut écraser environ soixante-dix mille de ces insectes pour obtenir un kilo de colorant rouge, longtemps aussi précieux que l'argent.";"Dactylopius coccus est une espèce de cochenilles (des insectes hémiptères), de la famille des Dactylopiidae. Dactylopius coccus provient de l'Amérique du Sud tropicale et subtropicale et du Mexique."
Q510109;histoire;"Daigo Fukuryū Maru";"Daigo Fukuryū Maru";"phare";7;3;ecrit;"fr";2026-09-03;2026-09-07;;"Un bateau de pêche japonais a été couvert de cendres radioactives par un essai américain, très loin de la zone déclarée interdite.";"Le Daigo Fukuryū Maru (第五福龍丸, « Dragon chanceux no 5 ») est un thonier japonais contaminé par des retombées radioactives lors de l'essai nucléaire de Castle Bravo dans l'atoll Bikini le 1er mars 1954, la bombe H la plus puissante jamais testée par les États-Unis."
Q12857;esprit;"Daniel Tammet";"Daniel Tammet";"phare";7;3;ecrit;"fr";2026-09-03;2026-09-07;;"Il a récité 22 514 décimales de pi en parcourant du regard un paysage coloré que les chiffres formaient dans sa tête.";"Daniel Tammet, né Daniel Paul Corney le 31 janvier 1979 à Barking (Grand Londres) en Angleterre, est un écrivain, poète et hyperpolyglotte britannique. On lui a diagnostiqué une épilepsie dans l'enfance, puis le syndrome d'Asperger à l'âge adulte."
Q104140292;terre;"Davemaoïte";"Davemaoite";"phare";7;1;a-ecrire;"";2026-09-03;;;"Ce minéral ne peut exister qu'à sept cents kilomètres de profondeur et n'a été vu qu'emprisonné dans un diamant du Botswana.";"La davemaoïte, de symbole Dvm, est un minéral du groupe de la pérovskite, constitué du silicate de monocalcium CaSiO3. Elle a été nommée en l'honneur du géophysicien sino-américain Ho-Kwang Mao (en) (surnommé Dave)."
Q18926761;mysteres;"";"Death of Elisa Lam";"phare+saviez";7;1;a-ecrire;"";2026-09-03;;;"Une étudiante a été retrouvée dans un réservoir d'eau sur le toit de son hôtel, dont les clients buvaient l'eau depuis plusieurs jours.";"L'affaire Elisa Lam (2013) désigne la mort accidentelle par noyade d'une jeune Canadienne d'origine hongkongaise au Cecil Hotel à Los Angeles. L'étrangeté de ce décès ainsi que le passé de l'hôtel ont contribué à la médiatisation de l'affaire aux États-Unis, au Canada et dans le monde asiatique."
Q1207405;histoire;"";"Decimal time";"phare";7;2;ecrit;"fr";2026-09-03;2026-09-07;;"Pendant dix-sept mois, la journée française a compté dix heures de cent minutes, et les horlogers ont fabriqué des cadrans doubles.";"Le temps décimal est le temps de la journée exprimé dans une valeur décimale."
Q208231;cosmos;"Deep Impact (sonde spatiale)";"Deep Impact (spacecraft)";"phare";7;1;ecrit;"fr";2026-09-03;2026-09-07;;"On a tiré un projectile de cuivre de trois cent soixante-dix kilos dans une comète, juste pour voir ce qu'il y avait dessous.";"Deep Impact est une sonde spatiale de l'agence spatiale américaine, la NASA, dont l'objectif principal est le recueil de données sur la composition interne de la comète Tempel 1."
Q42289;sciences;"Degré Fahrenheit";"Fahrenheit";"phare";7;4;a-ecrire;"";2026-09-03;;;"Le zéro de l'échelle correspond à un mélange de glace, d'eau et de sel, et le corps humain devait tomber pile sur quatre-vingt-seize degrés.";"Le degré Fahrenheit (symbole : °F) est une unité de mesure de la température, proposée par le physicien allemand Daniel Gabriel Fahrenheit en 1724. Historiquement, dans cette échelle, le point zéro était la température de solidification d'un mélange eutectique de chlorure d'ammonium et d'eau, et le point 96 était la température du corps humain."
Q838018;esprit;"Délire d'illusion des sosies de Capgras";"Capgras delusion";"insolite+phare";7;3;ecrit;"fr";2026-09-03;2026-09-07;;"Le patient reconnaît parfaitement le visage de sa femme, mais reste convaincu qu'un imposteur rigoureusement identique a pris sa place.";"Le délire d'illusion des sosies de Capgras (parfois appelé illusion des sosies ou délire d'illusion des sosies ou encore syndrome de Capgras) est un trouble psychiatrique dans lequel le patient, tout en étant parfaitement capable d'identifier la physionomie des visages, affirme envers et contre tout"
Q292297;vivant;"Demodex";"Demodex";"phare";7;2;ecrit;"fr";2026-09-03;2026-09-07;;"Presque tous les adultes hébergent ces acariens dans les follicules du visage ; ils n'ont pas d'anus et accumulent leurs déchets jusqu'à leur mort.";"Demodex, les Démodex, est un genre d'acariens de la famille des Demodecidae."
Q83177;esprit;"Dépersonnalisation";"Depersonalization";"phare";7;0;ecrit;"fr";2026-09-03;2026-09-07;;"Des millions de gens ont déjà vécu la sensation très nette d'assister à leur propre vie de l'extérieur, comme derrière une vitre.";"La dépersonnalisation (parfois abrégé DP) est un symptôme psychologique dissociatif. Il s'agit d'un sentiment de perte du sens de soi-même, de confusion, dans lequel un individu semble ne posséder aucun contrôle de la situation."
Q284780;terre;"Dépression de Tourfan";"Turpan Depression";"phare";7;1;a-ecrire;"";2026-09-03;;;"Ce trou du désert chinois descend à cent cinquante-quatre mètres sous le niveau de la mer et dépasse cinquante degrés en été.";"La dépression de Tourfan (chinois : 吐魯番盆地 ; pinyin : Tǔlǔfán Péndì) est une dépression autour de la ville de Tourfan dans la région autonome chinoise du Xinjiang."
Q619802;terre;"Dépression du Bodélé";"Bodélé Depression";"phare";7;0;a-ecrire;"";2026-09-03;;;"Un ancien fond de lac tchadien envoie chaque année des millions de tonnes de poussière fertiliser la forêt amazonienne.";"La dépression du Bodélé est une dépression topographique située dans le désert du Djourab — un erg du Sahara —, au nord du Tchad, dont elle constitue le point le plus bas (181 m)."
Q745065;arts;"Derinkuyu";"";"phare";7;2;a-ecrire;"";2026-09-03;;;"Un homme abattant un mur de sa cave a découvert une ville souterraine de dix-huit niveaux pouvant abriter des milliers d'habitants.";"Derinkuyu, mot qui signifie « puits profond », est le nom d'une ville et d'un district de la province de Nevşehir, en Anatolie centrale (Turquie). Selon le recensement de 2000, le district comptait 24 631 habitants et la ville 11 092."
Q904206;esprit;"Dermatoglyphe";"Dermatoglyphics";"phare+saviez";7;0;ecrit;"fr";2026-09-03;2026-09-07;;"Quelques familles au monde naissent sans aucune empreinte digitale ; on a surnommé cela la maladie du retard à l'immigration.";"Les dermatoglyphes (n."
Q300981;vivant;"Desmodus rotundus";"Common vampire bat";"phare";7;0;ecrit;"fr";2026-09-03;2026-09-07;;"Une femelle qui a bu régurgite du sang pour une voisine affamée, se souvient de qui l'a aidée, et refuse de nourrir les profiteurs.";"Le Vampire commun (Desmodus rotundus), aussi appelé Vampire d'Azara, est une espèce de chauves-souris de la famille des Phyllostomidae."
Q27464582;terre;"Devil's Kettle";"";"phare";7;2;a-ecrire;"";2026-09-03;;;"La moitié d'une chute du Minnesota disparaît dans un trou, et il a fallu attendre 2017 pour comprendre où elle ressortait.";"La Devil's Kettle, toponyme anglais qui signifie littéralement en français « Bouilloire du Diable », est une chute d'eau des États-Unis située sur le cours de la rivière Brule (en), dans le Minnesota, dans le parc d'État du Juge C."
Q306201;terre;"Devils Tower";"Devils Tower";"phare";7;1;a-ecrire;"";2026-09-03;;;"Ce moignon de magma solidifié domine la plaine du Wyoming de deux cent soixante mètres, mis à nu par l'érosion de tout ce qui l'entourait.";"La Devils Tower, toponyme anglais signifiant littéralement en français « Tour du Diable », est un monolithe naturel situé à proximité des villes de Hulett et de Sundance, dans le Nord-Est du Wyoming, aux États-Unis."
Q21053;vivant;"Dicrocoelium dendriticum";"";"phare+saviez";7;3;publie;"fr";2026-09-03;;2026-09-05;"Cette douve force chaque soir la fourmi infectée à grimper au sommet d'un brin d'herbe et à s'y accrocher par les mandibules jusqu'à ce qu'un mouton la broute.";"Dicrocoelium dendriticum, la Petite douve du foie, est une espèce de petits vers plats parasites (plathelminthes) de la famille des Dicrocoeliidae."
Q134351;vivant;"Dictyostelium discoideum";"Dictyostelium discoideum";"phare";7;0;ecrit;"fr";2026-09-03;2026-09-07;;"Quand la nourriture manque, ces amibes solitaires fusionnent en une limace mobile, puis un cinquième d'entre elles se sacrifient en tige morte pour lancer les autres au vent.";"Dictyostelium discoideum est une espèce de mycétozoaires. Cette amibe vivant sur les tapis de feuilles mortes dans les forêts, se nourrissant de bactéries et de levures, est utilisée comme organisme modèle de laboratoire."
Q130869;vivant;"Dimetrodon";"Dimetrodon";"phare+saviez";7;4;ecrit;"fr";2026-09-03;2026-09-07;;"Malgré sa voile dorsale, cet animal n'est pas un dinosaure et se trouve plus proche de nous, humains, que de n'importe quel reptile.";"Dimetrodon, également francisé sous le terme dimétrodon (littéralement « deux tailles de dents »), est un genre fossile d'amniotes appartenant à la famille également fossile des sphénacodontidés, ayant vécu du début au milieu du Permien, il y a entre 295 et 272 millions d'années avant notre ère."
Q4154473;mysteres;"";"Disappearance of Bobby Dunbar";"phare";7;1;a-ecrire;"";2026-09-03;;;"Un garçon retrouvé en 1912 a grandi dans la famille qui l'avait réclamé ; un test ADN a montré en 2004 qu'il n'était pas leur enfant.";"Bobby Dunbar was an American boy whose disappearance at the age of four and apparent return were widely reported in newspapers across the United States in 1912 and 1913."
Q409665;esprit;"Disulfirame";"Disulfiram";"phare+saviez";7;0;a-ecrire;"";2026-09-03;;;"Des ouvriers du caoutchouc tombaient malades dès qu'ils buvaient un verre : on en a tiré un traitement de l'alcoolisme.";"Le disulfirame (nom de marque Espéral) ou bis(diéthylthiocarbamyl)disulfure ou disulfure de tétraéthyl-thiocarbamoyle a pour formule brute C10H20N2S4. C'est une poudre blanche, inodore et de saveur légèrement amère, fondant vers 71 °C."
Q1138308;terre;"Doggerland";"Doggerland";"phare";7;0;a-ecrire;"";2026-09-03;;;"Les chalutiers de mer du Nord remontent régulièrement des outils et des ossements d'un pays peuplé, aujourd'hui sous quarante mètres d'eau.";"Doggerland est le nom donné par les géologues, et en premier par Bryony Coles (en), à l'étendue émergée au début de l'Holocène, qui se situait jadis dans la moitié sud de l'actuelle mer du Nord, reliant la Grande-Bretagne au reste de l'Europe durant les glaciations quaternaires."
Q10475391;vivant;"";"Dolania americana";"phare";7;0;ecrit;"fr";2026-09-03;2026-09-07;;"La femelle adulte de cette éphémère vit moins de cinq minutes : elle mue, s'accouple et pond dans le temps qu'il faut pour lire cette phrase cent fois.";"Dolania americana, unique représentant du genre Dolania, est une espèce d'éphémères de la famille des Behningiidae."
Q593197;terre;"Dôme A";"Dome A";"phare";7;1;a-ecrire;"";2026-09-03;;;"Des satellites ont relevé -98 °C à la surface du plateau antarctique, une température où respirer suffit à blesser les poumons.";"Le Dôme A, aussi appelé Dôme Argus, est un dôme de glace de l'Antarctique, situé à 1 200 km à l'intérieur du continent."
Q434281;histoire;"Douglas Mawson";"Douglas Mawson";"phare";7;0;ecrit;"fr";2026-09-03;2026-09-07;;"Seul survivant de son équipe, il a marché des centaines de kilomètres en perdant la peau de ses pieds, qu'il gardait dans ses chaussettes.";"Douglas Mawson, né le 5 mai 1882 à Shipley (Angleterre) et mort le 14 octobre 1958 à Brighton (banlieue d'Adélaïde, en Australie-Méridionale), est un explorateur polaire et géologue australien."
Q26703430;cosmos;"Dragonfly 44";"Dragonfly 44";"phare";7;6;ecrit;"fr";2026-09-03;2026-09-07;;"Une galaxie de la taille de la Voie lactée composée à 99,99 % de matière noire, presque invisible.";"Dragonfly 44, aussi nommée SDSS J130057.99+265839.7, est une galaxie ultra-diffuse de masse comparable à celle de la Voie lactée mais composée presque exclusivement de matière noire."
Q1263881;histoire;"Duel des Mignons";"";"saviez";7;2;a-ecrire;"";2026-09-03;;;"40px|droite|Le duel des Mignons, gravure publiée dans l’ouvrage de Gabriel Letainturier (1864-1948).Le duel entre le comte de Caylus et le Bel Entraguet, dit duel des Mignons (gravure), fit quatre morts.";"Le duel des Mignons, qui a lieu le dimanche 27 avril 1578 à Paris, est un épisode du règne d'Henri III impliquant dans un affrontement meurtrier plusieurs proches du roi, alors couramment surnommés « mignons » : Guy d’Arces, seigneur de Livarot, et Louis de Maugiron, témoins de Jacques de Caylus, d'"
Q3041916;cosmos;"Dwingeloo 1";"Dwingeloo 1";"phare";7;2;ecrit;"fr";2026-09-03;2026-09-07;;"Une galaxie voisine est restée totalement invisible jusqu'en 1994, cachée derrière la poussière de la Voie lactée.";"Dwingeloo 1 est une galaxie spirale barrée située à environ 9 millions d'années-lumière de la Terre, dans la constellation de Cassiopée. Dwingeloo 1 et 2 sont membres du groupe IC 342/Maffei."
Q1890780;sciences;"Eau polymérisée";"Polywater";"phare";7;2;a-ecrire;"";2026-09-03;;;"Dans les années 1960, on a craint que l'eau puisse polymériser en un sirop capable de contaminer tous les océans ; c'était de la sueur.";"L’eau polymérisée était une forme hypothétique polymérisée d’eau qui a été un sujet de controverse scientifique à la fin des années 1960. En 1969, la presse généraliste s'y est intéressée."
Q193182;vivant;"Échidné à nez court";"Short-beaked echidna";"phare";7;1;ecrit;"fr";2026-09-03;2026-09-07;;"Le mâle possède un organe à quatre têtes dont il n'utilise que deux à la fois, en alternant d'un accouplement à l'autre.";"L’échidné à nez court (Tachyglossus aculeatus), échidné d'Australie ou échidné australien, est un mammifère vivant pratiquement dans toute l'Australie : il n'est absent que dans quelques îles du nord et c'est le mammifère autochtone qui a le plus vaste territoire en Australie."
Q951385;histoire;"Eddie Chapman";"Eddie Chapman";"phare+saviez";7;1;publie;"fr";2026-09-03;;2026-09-05;"Un cambrioleur anglais s'est vendu aux nazis, a simulé le sabotage d'une usine avec de la peinture noire et des bâches, et travaillait pour Londres.";"Edward Arnold Chapman, dit Eddie Chapman, né à Burnopfield (au sud-ouest de Newcastle) le 16 novembre 1914 et mort à St Albans le 11 décembre 1997, est un gangster britannique et un espion de la Seconde Guerre mondiale."
Q174808;sciences;"";"Edward Norton Lorenz";"phare";7;0;a-ecrire;"";2026-09-03;;;"Il a relancé une simulation météorologique avec un nombre arrondi à la troisième décimale et obtenu, deux mois plus tard, un temps totalement différent.";"Edward Norton Lorenz est un scientifique américain, né le 23 mai 1917 à West Hartford (Connecticut) et mort le 16 avril 2008 à Cambridge (Massachusetts)."
Q1401274;esprit;"Effet de désinformation";"Misinformation effect";"phare";7;2;ecrit;"fr";2026-09-03;2026-09-07;;"Une question mal formulée après un accident suffit à ajouter des vitres brisées dans le souvenir de témoins parfaitement sincères.";"L'effet de désinformation, parfois appelé effet de fausse information, se produit lorsque la précision de nos souvenirs issus de la mémoire épisodique est altérée par des informations ultérieures."
Q1542752;esprit;"Effet McGurk";"McGurk effect";"phare+saviez";7;1;ecrit;"fr";2026-09-03;2026-09-07;;"Regardez des lèvres articuler « ga » sur un son « ba » : vous entendez « da », et l'illusion tient même quand on vous l'a expliquée.";"L’effet McGurk est un phénomène illusoire perceptif qui montre une interférence entre l'audition et la vision lors de la perception de la parole. Cet effet suggère une multimodalité de la perception de la parole."
Q262038;esprit;"Effet Mozart";"Mozart effect";"phare";7;2;ecrit;"fr";2026-09-03;2026-09-07;;"Une petite étude sur dix minutes de rotation mentale est devenue le mythe des bébés rendus intelligents par Mozart, jusqu'à des CD offerts par un État américain.";"L’effet Mozart est une hypothèse, exprimée dans un ensemble de résultats de recherche, indiquant que l'écoute de la musique de Mozart peut induire une amélioration à court terme de l'exécution de certains types de tâches mentales appelées « raisonnement spatio-temporel »."
Q16303139;esprit;"Effet placebo";"Placebo effect";"phare";7;1;ecrit;"fr";2026-09-03;2026-09-07;;"De fausses opérations du genou soulagent autant que les vraies, et des pilules annoncées comme placebos fonctionnent encore.";"Un placebo ou placébo (du latin placebō : « je plairai », de placeō : « je plais ») est un procédé thérapeutique n'ayant pas d'efficacité propre ou spécifique mais agissant sur le patient par des mécanismes psychologiques et physiologiques."
Q384176;esprit;"Effet Stroop";"Stroop effect";"phare+saviez";7;1;ecrit;"fr";2026-09-03;2026-09-07;;"Essayez de nommer la couleur du mot « ROUGE » écrit en vert : votre cerveau lit d'abord, et il ne vous demande pas votre avis.";"L'effet Stroop, ou effet Jaensch, est un phénomène étudié en psychologie correspondant à l'interférence que produit une information non pertinente au cours de l'exécution d'une tâche cognitive."
Q586031;cosmos;"Effet YORP";"YORP effect";"phare";7;1;ecrit;"fr";2026-09-03;2026-09-07;;"La lumière du Soleil fait tourner les astéroïdes de plus en plus vite, jusqu'à les faire éclater tout seuls.";"En astrophysique, l’effet Yarkovsky-O'Keefe-Radzievskii-Paddack, souvent abrégé effet YORP, est un phénomène qui explique les modifications de la rotation de certains astéroïdes relativement petits."
Q184812;esprit;"Effet Zeigarnik";"Zeigarnik effect";"phare+saviez";7;0;a-ecrire;"";2026-09-03;;;"Les serveurs se rappellent parfaitement les commandes en cours et les oublient à la seconde où l'addition est payée.";"L’effet Zeigarnik désigne la tendance à mieux se rappeler d’une tâche inachevée car interrompue qu’une tâche déjà accomplie. Le fait de s'engager dans la réalisation d'une tâche crée une motivation d'achèvement qui reste insatisfaite tant que la tâche est interrompue."
Q1038788;sciences;"Effondrement des passerelles du Hyatt Regency";"Hyatt Regency walkway collapse";"phare";7;0;a-ecrire;"";2026-09-03;;;"Un changement de détail sur une tige filetée a doublé la charge d'un support et tué cent quatorze danseurs.";"L'effondrement des passerelles du Hyatt Regency est une catastrophe qui a eu lieu le 17 juillet 1981 à l'hôtel Hyatt Regency de Kansas City (État du Missouri) : deux passerelles, l'une surplombant l'autre, s'effondrent dans le hall où est organisé un festival de danse."
Q485384;histoire;"Effondrement du grand magasin Sampoong";"Sampoong Department Store collapse";"phare";7;1;publie;"fr";2026-09-03;;2026-09-05;"Les dirigeants ont évacué leurs bureaux en voyant les fissures et laissé les clients à l'intérieur cinq heures avant l'effondrement.";"L'effondrement du grand magasin Sampoong (삼풍백화점 붕괴 사고) est une catastrophe survenue le 29 juin 1995 à Séoul en Corée du Sud à la suite de défauts de construction."
Q2475275;arts;"Élamite linéaire";"Linear Elamite";"phare";7;1;a-ecrire;"";2026-09-03;;;"Cette écriture vieille de quatre mille ans a résisté un siècle avant d'être déchiffrée grâce à des vases d'argent de collectionneurs.";"L'élamite linéaire ou écriture proto-iranienne récente est un système d'écriture utilisé dans le royaume d'Élam (sud de l'actuel Iran), attesté essentiellement par des textes trouvés dans la ville de Suse et utilisé depuis au moins 2300 av."
Q217274;terre;"Eldfell";"Eldfell";"phare";7;0;a-ecrire;"";2026-09-03;;;"Les habitants ont arrosé la coulée de lave à l'eau de mer pendant cinq mois et ont réussi à sauver leur port.";"L'Eldfell est un volcan d'Islande situé sur l'île de Heimaey, dans les îles Vestmann. Il est né subitement le 23 janvier 1973 en pleine nuit, juste à côté des habitations, en prenant de court la population qui doit évacuer l'île dans la précipitation."
Q262154;esprit;"Elizabeth Loftus";"Elizabeth Loftus";"phare";7;1;ecrit;"fr";2026-09-03;2026-09-07;;"Des chercheurs ont implanté chez des adultes le souvenir détaillé et totalement faux de s'être perdus enfants dans un centre commercial.";"Elizabeth F. Loftus, née Elizabeth Fishman le 16 octobre 1944 à Los Angeles, est une psychologue cognitiviste américaine, spécialiste de la mémoire humaine. Elle mène d'abondantes recherches sur la malléabilité des souvenirs."
Q1333126;arts;"";"Elmyr de Hory";"phare";7;0;a-ecrire;"";2026-09-03;;;"Il fabriquait un Matisse crédible en quelques heures, et des musées exposent encore des tableaux qu'on ne sait pas lui attribuer.";"Elmyr de Hory (de son vrai nom Elemér Albert Hoffmann), né le 14 avril 1906 en Hongrie et mort le 11 décembre 1976 à Ibiza, est un peintre et faussaire d'origine hongroise."
Q133568;vivant;"Elysia chlorotica";"Elysia chlorotica";"phare+saviez";7;3;publie;"fr";2026-09-03;;2026-09-05;"Cette limace de mer arrache les chloroplastes de ses algues, les garde vivants dans sa peau et vit ensuite des mois de photosynthèse, comme une feuille qui rampe.";"Elysia chlorotica, l’Élysie émeraude, est une espèce de gastéropodes opisthobranches marins (limace de mer) de la famille des Placobranchidae. Elle ressemble à un nudibranche, mais n'appartient pas à ce sous-ordre de gastéropodes."
Q180316;cosmos;"Équation de Drake";"Drake equation";"phare";7;2;ecrit;"fr";2026-09-03;2026-09-07;;"Une formule dont chaque terme est si incertain que le résultat oscille entre une civilisation et cent millions.";"L'équation de Drake, ou formule de Drake, est une proposition mathématique qui estime le nombre potentiel de civilisations extraterrestres dans notre galaxie avec qui nous pourrions entrer en contact."
Q9123;sciences;"Ernest Rutherford";"Ernest Rutherford";"phare+saviez";7;1;a-ecrire;"";2026-09-03;;;"Celui qui répétait que toute science hors la physique n'est que collection de timbres a reçu, à sa grande gêne, le prix Nobel de chimie.";"Ernest Rutherford (30 août 1871 à Brightwater, Nouvelle-Zélande - 19 octobre 1937 à Cambridge, Angleterre) est un physicien et chimiste néo-zélandais, considéré comme le père de la physique nucléaire."
Q957543;histoire;"Ernest Shackleton";"Ernest Shackleton";"phare";7;4;publie;"fr";2026-09-03;;2026-09-05;"Après le naufrage de son navire, il a navigué mille trois cents kilomètres en canot et ramené ses vingt-sept hommes vivants.";"Ernest Shackleton, né le 15 février 1874 à Kilkea en Irlande et mort le 5 janvier 1922 sur l'île de la Géorgie du Sud, est un explorateur anglo-irlandais, considéré comme l'une des principales figures de l'âge héroïque de l'exploration en Antarctique."
Q903;terre;"Erta Ale";"Erta Ale";"insolite+phare";7;0;a-ecrire;"";2026-09-03;;;"Ce lac de lave éthiopien est resté à ciel ouvert plus d'un siècle, l'un des rares endroits où l'on regarde l'intérieur de la Terre.";"L’Erta Ale est un volcan bouclier d'Éthiopie situé dans le nord de la vallée du Grand Rift, au niveau de la dépression de l'Afar. Il est l'un des trois volcans au monde hébergeant un lac de lave permanent."
Q386230;terre;"Éruption de la montagne Pelée en 1902";"1902 eruption of Mount Pelée";"phare";7;0;a-ecrire;"";2026-09-03;;;"Une nuée ardente a effacé une ville de trente mille habitants en quelques minutes ; un prisonnier enfermé au cachot a survécu.";"L'éruption de la montagne Pelée en 1902 est une éruption volcanique de la montagne Pelée (Martinique, Antilles françaises), qui a débuté le 23 avril 1902 et s'est poursuivie jusqu'au 5 octobre 1905."
Q3591466;terre;"Éruption du Huaynaputina en 1600";"";"phare";7;1;a-ecrire;"";2026-09-03;;;"Une éruption péruvienne a refroidi l'hémisphère nord au point de déclencher, en Russie, une famine qui a tué deux millions de personnes.";"L'éruption du Huaynaputina en 1600 est la plus importante éruption volcanique jamais enregistrée durant les temps historiques en Amérique du Sud. Elle affecta la ville d'Arequipa et sa région, dans le sud du Pérou actuel, notamment par ses pluies de cendres."
Q2532815;terre;"Éruption du Nevado del Ruiz en 1985";"Armero tragedy";"phare";7;2;a-ecrire;"";2026-09-03;;;"Une calotte de glace fondue par l'éruption a envoyé une coulée de boue qui a enseveli vingt-trois mille dormeurs à cinquante kilomètres du volcan.";"L'éruption du volcan Nevado del Ruiz en 1985, à l'origine de la catastrophe d'Armero (en espagnol : Tragedia de Armero), est la quatrième éruption volcanique la plus meurtrière depuis l'an 1500."
Q3591483;terre;"Éruption du Tambora en 1815";"1815 eruption of Mount Tambora";"phare+saviez";7;0;a-ecrire;"";2026-09-03;;;"Le volcan a volé la moitié de sa hauteur et provoqué, à l'autre bout du monde, une année sans été et des famines.";"L'éruption du Tambora en 1815 est une éruption volcanique qui s'est produite sur l'île de Sumbawa, en Indonésie, du 5 au 15 avril 1815. Elle est considérée comme la deuxième éruption la plus violente des temps historiques après celle du Samalas en 1257 sur l'île de Lombok, également en Indonésie."
Q5397048;arts;"";"Escape from Tomorrow";"phare+saviez";7;0;a-ecrire;"";2026-09-03;;;"Le film a été tourné clandestinement dans les parcs Disney, avec des appareils photo grand public et des dialogues lus sur des téléphones.";"Escape from Tomorrow est un film d'horreur américain écrit et réalisé par Randy Moore, sorti en 2013."
Q381913;sciences;"Éther (physique)";"Aether (classical element)";"phare";7;0;a-ecrire;"";2026-09-03;;;"Toute l'optique du XIXe siècle reposait sur un milieu invisible, sans masse et pourtant plus rigide que l'acier, qui n'existait pas.";"En physique, le terme d'éther a recouvert plusieurs notions différentes selon les époques. Les différents éthers considérés par les physiciens sont « des substances subtiles distinctes de la matière et permettant de fournir ou transmettre des effets entre les corps »."
Q19306194;cosmos;"Étoile de Scholz";"Scholz's Star";"phare";7;1;ecrit;"fr";2026-09-03;2026-09-07;;"Il y a soixante-dix mille ans, une étoile double a traversé le nuage d'Oort, bien plus près que nos voisines actuelles.";"L'étoile de Scholz (nommée d'après le nom de son découvreur Ralf-Dieter Scholz), également désignée WISE J072003.20-084651.2, souvent abrégé en WISE 0720-0846, est un système binaire se situant environ entre 17 et 23 années-lumière (soit entre 5,1 et 7,2 parsecs) du Soleil dans la constellation de la Licorne, près du plan galactique."
Q150870;vivant;"";"Euprymna scolopes";"phare+saviez";7;0;ecrit;"fr";2026-09-03;2026-09-07;;"Ce petit calmar cultive des bactéries lumineuses dans un organe dédié et règle leur éclat pour effacer son ombre sous la lune, puis en expulse la moitié chaque matin.";"Euprymna scolopes est une espèce de seiches de la famille des Sepiolidae, vivant dans les eaux de l'océan Pacifique central, au niveau de l'archipel d'Hawaï et de l'île Midway."
Q3143;cosmos;"Europe (lune)";"Europa (moon)";"phare";7;2;ecrit;"fr";2026-09-03;2026-09-07;;"Son océan souterrain contient deux fois plus d'eau liquide que tous les océans de la Terre réunis.";"Europe, ou Jupiter II, est un satellite naturel de Jupiter. C'est la plus petite lune galiléenne et la sixième lune la plus proche de la planète parmi les 115 connues de Jupiter."
Q117087960;cosmos;"Événement de Miyake";"Miyake event";"phare";7;5;ecrit;"fr";2026-09-03;2026-09-07;;"Les cernes des arbres de l'an 774 gardent la trace d'une bouffée de rayons cosmiques qui date aujourd'hui les villages vikings à l'année près.";"Un événement de Miyake est une forte augmentation de la production d'isotopes cosmogéniques par les rayons cosmiques. Il se traduit par un pic de concentration du carbone 14 (l'isotope radioactif naturel du carbone) dans les cernes des arbres, ainsi que du béryllium 10 et du chlore 36 dans les carottes de glace, datés indépendamment."
Q1032485;sciences;"Expérience de Hafele-Keating";"Hafele–Keating experiment";"phare";7;1;a-ecrire;"";2026-09-03;;;"En 1971, des horloges atomiques embarquées sur des vols de ligne sont revenues avec quelques dizaines de nanosecondes d'écart, exactement comme Einstein l'avait prédit.";"L'expérience de Hafele-Keating est un test expérimental de la relativité restreinte réalisé en octobre 1971 par Joseph Hafele et Richard Keating (en). Elle confirme la prédiction du paradoxe des jumeaux de Langevin."
Q154844;sciences;"Expérience de Michelson et Morley";"Michelson–Morley experiment";"phare";7;1;a-ecrire;"";2026-09-03;;;"L'échec le plus fécond de l'histoire : en ne trouvant rien du tout, ces deux hommes ont tué l'éther et ouvert la voie à la relativité.";"L'expérience de Michelson et Morley est une expérience d'optique qui a tenté de démontrer l'existence de l'éther luminifère."
Q208625;sciences;"Expérience de Miller-Urey";"Miller–Urey experiment";"phare";7;1;a-ecrire;"";2026-09-03;;;"Une semaine d'étincelles dans un ballon de verre a fabriqué des acides aminés, et des flacons oubliés en ont livré bien plus cinquante ans après.";"L'expérience de Miller (ou expérience de Miller-Urey), destinée à mettre en évidence une éventuelle origine chimique de l'apparition de la vie sur Terre, consista à simuler les conditions supposées régner originellement après la formation de la croûte terrestre."
Q219566;esprit;"Expérience de mort imminente";"Near-death experience";"phare+saviez";7;0;a-ecrire;"";2026-09-03;;;"Le cerveau de mourants a montré, juste après l'arrêt du cœur, une bouffée d'ondes gamma plus intense qu'à l'état éveillé.";"L’expérience de mort imminente (EMI) (en anglais IDE ; imminent death experience, ou NDE ; near death experience) est une expression désignant un ensemble de « visions » et de « sensations » exceptionnelles vécues par des individus confrontés à une situation de danger vital réel ou perçu (mort clini"
Q1129494;sciences;"Expérience Homestake";"Homestake experiment";"phare";7;0;a-ecrire;"";2026-09-03;;;"Pour compter les neutrinos du Soleil, on a rempli six cents tonnes de liquide de nettoyage à sec au fond d'une mine d'or du Dakota.";"L'expérience Homestake (appelée quelquefois expérience de Davis) était une expérience conduite par les astrophysiciens Raymond Davis, Jr. et John Bahcall à la fin des années 1960."
Q223744;arts;"";"Farinelli";"phare";7;0;a-ecrire;"";2026-09-03;;;"Pendant près de dix ans, il a chanté chaque nuit les quatre mêmes airs à un roi d'Espagne rongé par la mélancolie.";"Carlo Maria Michelangelo Nicola Broschi, surnommé Farinelli ou encore Farinello, est un castrat né à Andria (royaume de Naples), le 24 janvier 1705, et mort à Bologne (États pontificaux) le 16 septembre 1782."
Q862872;esprit;"";"Fatal insomnia";"phare";7;1;publie;"fr";2026-09-03;;2026-09-05;"Une mutation rend le sommeil littéralement impossible : les malades cessent de dormir et aucun somnifère ne parvient à les rendormir.";"L'insomnie fatale familiale (IFF) est une encéphalopathie spongiforme transmissible (EST) humaine à transmission autosomique dominante liée à une anomalie du gène de la protéine PrPC."
Q5443923;histoire;"Ferdinand Waldo Demara";"Ferdinand Waldo Demara";"phare+saviez";7;2;publie;"fr";2026-09-03;;2026-09-05;"Sans le moindre diplôme, il a opéré des blessés sur un navire de guerre canadien en se faisant passer pour un chirurgien, et tous ont survécu.";"Ferdinand Waldo Demara, Jr. né le 21 décembre 1921 à Lawrence (Massachusetts) et mort le 7 juin 1982 à Anaheim en Californie, est un fabulateur américain connu pour de nombreuses impostures parfaitement réussies."
Q173481;arts;"Fernando Pessoa";"Fernando Pessoa";"phare+saviez";7;0;a-ecrire;"";2026-09-03;;;"Il a écrit sous des dizaines d'identités auxquelles il donnait des dates de naissance, des styles opposés et des querelles entre elles.";"Fernando António Nogueira Pessoa est un écrivain, critique, polémiste et poète portugais trilingue (principalement portugais, mais aussi anglais et, dans une moindre mesure, français)."
Q727023;sciences;"Ferrofluide";"Ferrofluid";"phare+saviez";7;0;a-ecrire;"";2026-09-03;;;"Un liquide qui se dresse en pointes quand on approche un aimant.";"Les ferrofluides sont des suspensions colloïdales de nanoparticules ferromagnétiques ou ferrimagnétiques d'une taille de l'ordre de 10 nanomètres dans un solvant ou de l'eau."
Q179537;arts;"Feu grégeois";"Greek fire";"phare+saviez";7;0;a-ecrire;"";2026-09-03;;;"Une arme incendiaire byzantine qui continuait de brûler sur l'eau, gardée si secrète que sa recette est aujourd'hui perdue.";"Le feu grégeois (du latin græcus, grec) est un mélange inflammable, brûlant même au contact de l'eau, employé au Moyen Âge pour la fabrication d'engins incendiaires utilisés au cours des sièges et des combats navals."
Q1410831;esprit;"Fibrodysplasie ossifiante progressive";"Fibrodysplasia ossificans progressiva";"phare+saviez";7;2;publie;"fr";2026-09-03;;2026-09-05;"Chez ces patients, muscles et tendons se transforment en os : un second squelette pousse et verrouille peu à peu le corps.";"La fibrodysplasie ossifiante progressive (FOP), appelée également myosite ossifiante progressive, maladie de l'homme de pierre ou maladie de Münchmeyer, se caractérise par une ossification progressive des muscles squelettiques et des tendons qui les rattachent aux os, le plus souvent précédée de poussées inflammatoires."
Q698111;arts;"";"Fitzcarraldo";"phare+saviez";7;1;a-ecrire;"";2026-09-03;;;"Herzog a réellement fait hisser un bateau à vapeur de plusieurs centaines de tonnes par-dessus une colline amazonienne, sans trucage.";"Fitzcarraldo est un film ouest-allemand réalisé par Werner Herzog et sorti en 1982. Les personnages principaux sont interprétés par Claudia Cardinale et Klaus Kinski."
Q1777287;arts;"Flûte de Divje Babe";"Divje Babe flute";"phare";7;1;a-ecrire;"";2026-09-03;;;"Un fémur d'ours percé de trous, vieux de plus de cinquante mille ans, serait le plus ancien instrument de musique connu.";"La flûte de Divje Babe est un fémur d'Ours des cavernes présentant des perforations et découvert dans le parc archéologique de Divje Babe, à proximité d'Idrija, dans le Nord-Ouest de la Slovénie."
Q2421402;terre;"";"Fly Geyser";"phare";7;0;a-ecrire;"";2026-09-03;;;"Un forage raté dans les années soixante a laissé jaillir une eau chaude qui a bâti, seule, une tour multicolore de plusieurs mètres.";"Le Fly Geyser, aussi connu comme le Fly Ranch Geyser, est un petit geyser qui se trouve à environ 32 kilomètres au nord de Gerlach-Empire, dans le comté de Washoe, au Nevada."
Q15605;cosmos;"Fond diffus cosmologique";"Cosmic microwave background";"phare";7;4;ecrit;"fr";2026-09-03;2026-09-07;;"La neige des vieux téléviseurs analogiques était en partie composée de photons émis 380 000 ans après le Big Bang.";"Le fond diffus cosmologique (FDC, ou CMB pour l'anglais cosmic microwave background, « fond cosmique de micro-ondes ») est un rayonnement électromagnétique très homogène qui remplit tout l'espace dans l'Univers observable (d'où l'adjectif ""cosmologique"", du grec ""cosmos"", synonyme d'Univers)."
Q1206847;arts;"Fontaine (Duchamp)";"Fountain (Duchamp)";"phare";7;1;a-ecrire;"";2026-09-03;;;"L'urinoir original a disparu presque aussitôt : tout ce qu'on expose aujourd'hui dans les musées n'est qu'une réplique tardive.";"Fontaine (en anglais : Fountain) est un ready-made de Marcel Duchamp consistant en un urinoir en porcelaine renversé signé « R. Mutt » et daté 1917."
Q510;terre;"Fosse des Mariannes";"Mariana Trench";"phare";7;0;a-ecrire;"";2026-09-03;;;"Au fond, la pression atteint mille fois celle de la surface, et des amphipodes y vivent malgré des sacs plastiques échoués.";"La fosse des Mariannes est la fosse océanique la plus profonde connue à ce jour, c'est en conséquence l'endroit le plus profond de la croûte terrestre. Elle est située dans la partie ouest-nord-ouest de l'océan Pacifique, environ 200 km à l'est des îles Mariannes, aux coordonnées 11° 19′ 48″ N, 142° 11′ 57″ E (coordonnées de l'endroit le plus profond), à proximité de l'île de Guam."
Q192962;sciences;"Foudre en boule";"Ball lightning";"phare";7;0;a-ecrire;"";2026-09-03;;;"Des milliers de témoins ont décrit des sphères lumineuses traversant les fenêtres, et l'on n'en a filmé une par hasard qu'en 2012, en Chine.";"La foudre en boule, ou foudre globulaire, est un phénomène météorologique rare. Il s'agit d'une sphère lumineuse d’une vingtaine de centimètres de diamètre qui apparaît au cours d’un orage."
Q127956;sciences;"Four à micro-ondes";"Microwave oven";"phare+saviez";7;0;a-ecrire;"";2026-09-03;;;"L'invention est née d'une barre chocolatée fondue dans la poche d'un ingénieur qui passait devant un radar militaire allumé.";"Un four à micro-ondes, ou plus simplement un micro-ondes ou même un microonde, est un appareil électroménager utilisé principalement pour le chauffage et la cuisson rapide d'aliments, par l'agitation des molécules d'eau qu'ils contiennent, sous l'effet d'un rayonnement micro-onde."
Q116774;histoire;"Frank Abagnale, Jr.";"Frank Abagnale";"phare";7;2;ecrit;"fr";2026-09-03;2026-09-07;;"Il a prétendu avoir été pilote, médecin et avocat avant vingt et un ans, et les enquêteurs ont montré que la moitié de ses exploits étaient inventés.";"Francois William Abagnale /a.ba.ɲal/ ou /a.ba.ɲa.le/, Jr., né le 27 avril 1948 à Bronxville, est un ancien imposteur franco-italo-américain reconverti en tant que consultant en sécurité."
Q40095;vivant;"";"Frégate Island";"phare";7;0;a-ecrire;"";2026-09-03;;;"Cet oiseau reste jusqu'à deux mois en l'air sans se poser, dort quelques secondes à la fois en planant, et se noierait s'il tombait à l'eau.";"L'île de Frégate ou île Frégate, en anglais Frigate Island et localement Frégate island, est une petite île de l'archipel des Seychelles, située dans l'océan Indien."
Q924408;terre;"Fulgurite";"Fulgurite";"phare+saviez";7;3;a-ecrire;"";2026-09-03;;;"Quand la foudre frappe le sable, elle le fond en une racine de verre qui garde la forme exacte du trajet de l'éclair.";"Les fulgurites (du latin : fulgur, signifiant « foudre ») sont des morceaux de silice naturelle amorphe (nommée lechateliérite par Alfred Lacroix) très fragiles, généralement en forme de tube quasi cylindrique plus ou moins rugueux (pouvant évoquer une racine fossilisée), produits par les impacts de foudre sur une roche."
Q767805;cosmos;"Gaia (satellite)";"Gaia (spacecraft)";"phare";7;5;ecrit;"fr";2026-09-03;2026-09-07;;"Ce satellite a mesuré la position de près de deux milliards d'étoiles, avec la précision d'un cheveu vu à mille kilomètres.";"Gaia est une mission spatiale astrométrique consacrée à la mesure de la position, de la distance et du mouvement des étoiles, développée par l'Agence spatiale européenne (ESA)."
Q861;sciences;"Gallium";"Gallium";"phare+saviez";7;0;a-ecrire;"";2026-09-03;;;"Une cuillère taillée dans ce métal fond dans une tasse de thé chaud et disparaît sous les yeux de l'invité qui remue son sucre.";"Le gallium est l'élément chimique de numéro atomique 31, de symbole Ga. Il appartient au groupe 13 du tableau périodique ainsi qu'à la famille des métaux pauvres."
Q3095277;arts;"";"Garance";"phare";7;0;a-ecrire;"";2026-09-03;;;"Le rouge des pantalons de l'armée française venait d'une racine, et on l'a conservé jusqu'en 1914 parce qu'il était jugé national.";"Garance est un nom de plante et un prénom."
Q950470;histoire;"Garum";"Garum";"phare+saviez";7;2;ecrit;"fr";2026-09-03;2026-09-07;;"Les Romains assaisonnaient presque tout avec une sauce de poisson fermenté dont l'odeur avait fait interdire la fabrication en ville.";"Le garum, ou parfois aussi liquamen ou encore muria (qui veut dire « jus » ou « sauce » en latin) est une sauce salée de poissons, le principal condiment utilisé à Rome dès la période étrusque et en Grèce antique (garos)."
Q550093;vivant;"";"Gastric-brooding frog";"phare";7;0;publie;"fr";2026-09-03;;2026-09-05;"Cette grenouille avalait ses œufs, éteignait l'acidité de son estomac et recrachait ses petits par la bouche ; elle a disparu avant qu'on comprenne comment.";"Rheobatrachus est un genre d'amphibiens de la famille des Myobatrachidae. Il ne contient que deux espèces, toutes deux éteintes."
Q617651;cosmos;"Gemini 8";"Gemini 8";"phare+saviez";7;3;ecrit;"fr";2026-09-03;2026-09-07;;"Neil Armstrong a repris le contrôle d'une capsule tournant sur elle-même une fois par seconde, à la limite de l'évanouissement.";"Gemini 8 (officiellement Gemini VIII) est la sixième mission habitée du programme Gemini et la douzième mission spatiale habitée américaine. La mission Gemini 8 est lancée le 16 mars 1966 avec à son bord Neil Armstrong, commandant de la mission, et David Scott."
Q74418;cosmos;"Genesis (sonde spatiale)";"Genesis (spacecraft)";"phare";7;2;ecrit;"fr";2026-09-03;2026-09-07;;"Un accéléromètre monté à l'envers a empêché l'ouverture des parachutes : la capsule de vent solaire s'est plantée à trois cents km/h dans le désert.";"Genesis est une sonde spatiale développée par l'agence spatiale américaine, la NASA, dont l'objectif était de rapporter sur Terre des particules du vent solaire, flux d'ions et électrons énergétiques produit par le Soleil."
Q57192;sciences;"Gerhard Domagk";"Gerhard Domagk";"phare";7;0;a-ecrire;"";2026-09-03;;;"La Gestapo l'a arrêté pour l'empêcher d'accepter son prix Nobel, qu'il n'a pu recevoir que huit ans plus tard, sans un centime de dotation.";"Gerhard Johannes Paul Domagk (30 octobre 1895 - 24 avril 1964) est un bactériologiste allemand, auteur de la découverte de la sulfamidochrysoïdine, brevetée en 1935 sous le nom de Prontosil, premier médicament antibactérien commercialement exploitable."
Q83321;histoire;"Giacomo Casanova";"Giacomo Casanova";"phare+saviez";7;1;ecrit;"fr";2026-09-03;2026-09-07;;"Il s'est évadé des Plombs de Venise en perçant le plafond de sa cellule avec une barre de fer, puis a raconté la scène toute sa vie.";"Giacomo Girolamo Casanova [ˈd͡ʒaːkomo d͡ʒiˈrɔːlamo kazaˈnɔːva], né le 2 avril 1725 à Venise et mort le 4 juin 1798 à Dux (royaume de Bohême), est un aventurier vénitien."
Q751784;vivant;"";"Giant clam";"phare";7;1;ecrit;"fr";2026-09-03;2026-09-07;;"Ce bénitier de deux cents kilos ne se nourrit presque pas : il cultive des algues dans sa chair et vit de ce qu'elles produisent.";"Le tridacne géant ou bénitier géant (Tridacna gigas) est le plus gros mollusque bivalve connu. Cette espèce comestible est protégée car elle est en danger d'extinction."
Q917571;arts;"";"Glass harmonica";"phare";7;0;a-ecrire;"";2026-09-03;;;"On l'accusait de rendre les auditrices folles et d'attirer les morts ; plusieurs villes allemandes ont fini par l'interdire.";"L'harmonica de verre est un instrument de musique perfectionné par Benjamin Franklin en 1761 à partir des verres musicaux, les vérillons préexistants. Franklin avait nommé l'instrument armonica à partir de l'italien (avant l'invention de l'harmonica de bouche allemand)."
Q5571446;mysteres;"Gloria Ramirez";"Death of Gloria Ramirez";"insolite+phare";7;0;a-ecrire;"";2026-09-03;;;"Aux urgences, l'odeur de son sang a fait s'évanouir une partie du personnel soignant ; l'explication chimique proposée ne convainc pas tout le monde.";"Gloria Ramirez (née le 11 janvier 1963, morte le 19 février 1994), était une habitante d'origine mexicaine de Riverside en Californie ; elle est surnommée « la femme toxique » par les médias, après que plusieurs travailleurs de l'hôpital de Riverside sont tombés malades en raison de leur exposition à son corps et son sang."
Q546175;sciences;"Gordon Gould";"Gordon Gould";"phare";7;1;a-ecrire;"";2026-09-03;;;"L'inventeur du laser a fait certifier son cahier de notes chez un buraliste et s'est battu trente ans devant les tribunaux avant d'être reconnu.";"Gordon Gould, né le 17 juillet 1920 à New York et mort dans cette même ville le 16 septembre 2005, est un physicien américain. Il s'est largement crédité de l'invention du laser, mais le monde scientifique continue d'attribuer cette invention à Theodore Maiman."
Q1422831;terre;"Grand Prismatic Spring";"Grand Prismatic Spring";"phare";7;4;a-ecrire;"";2026-09-03;;;"Les anneaux orange de la plus grande source chaude des États-Unis sont des tapis de bactéries qui changent de couleur selon la saison.";"Grand Prismatic Spring est une grande source chaude située dans le parc national de Yellowstone aux États-Unis. Il s'agit de la plus grande source chaude américaine connue, et la troisième plus importante au niveau mondial."
Q26189;histoire;"Grand schisme d'Occident";"Western Schism";"phare";7;5;ecrit;"fr";2026-09-03;2026-09-07;;"Pendant quarante ans, l'Europe a eu deux papes puis trois, chacun excommuniant les autres et tous leurs fidèles.";"Le grand schisme d’Occident (souvent appelé « le Grand Schisme ») est une crise pontificale qui divise pendant presque quarante ans le christianisme occidental d'obédience romaine en deux courants politiques rivaux dont les papes respectifs — à Rome et à Avignon — se succèdent simultanément en s'excommuniant réciproquement de 1378 à 1417."
Q683632;arts;"Grande mosquée de Djenné";"Great Mosque of Djenné";"phare";7;4;a-ecrire;"";2026-09-03;;;"Le plus grand édifice de terre du monde est entièrement recrépi à la main par toute la ville en une seule journée de fête.";"La grande mosquée de Djenné est situé à Djenné, au Mali, dans la plaine alluviale du Bani, affluent du Niger. Cette mosquée est le plus grand édifice du monde en adobe ou banco (terre crue) ; elle est considérée comme la réalisation majeure du style architectural soudano-sahélien, tout en reflétant des influences islamiques."
Q370029;histoire;"Grande Peur";"Great Fear";"phare";7;2;ecrit;"fr";2026-09-03;2026-09-07;;"Une rumeur de brigands invisibles a traversé la France en quelques jours de 1789 et armé des villages entiers contre des ennemis qui n'existaient pas.";"La Grande Peur est un mouvement de peur collective qui s'est répandu en France, essentiellement du 20 juillet au 6 août 1789, et s'est prolongé au-delà. Les épisodes de peur sont parfois suivis de révoltes anti-seigneuriales et d’émeutes frumentaires en ville, mais les phénomènes sont disjoints."
Q1077705;vivant;"";"Great bowerbird";"phare";7;1;publie;"fr";2026-09-03;;2026-09-05;"Ce jardinier dispose ses cailloux du plus petit au plus grand pour créer une illusion de perspective, et refait l'agencement si on le dérange.";"Le Jardinier à nuque rose (Chlamydera nuchalis) est une espèce de passereaux appartenant à la famille des Ptilonorhynchidae. Elle est endémique de l'Australie."
Q2089056;vivant;"Grolar";"Grizzly–polar bear hybrid";"phare+saviez";7;1;ecrit;"fr";2026-09-03;2026-09-07;;"Le réchauffement fait remonter les grizzlys vers le nord et des hybrides fertiles avec l'ours blanc sont désormais abattus par des chasseurs inuits.";"Le Grolar, Grolaire, Grizzours ou encore Pizzly (anglicisme) (parfois mentionné sous Ursus pizzlii), est le résultat de l'hybridation entre un Ours blanc (Polar bear en anglais) et un Grizzli."
Q387771;terre;"Grotte de Lechuguilla";"Lechuguilla Cave";"phare";7;1;a-ecrire;"";2026-09-03;;;"Elle n'a pas été creusée par l'eau de pluie mais rongée par l'acide sulfurique, depuis le bas, sur plus de deux cents kilomètres.";"La grotte de Lechuguilla se trouve dans les montagnes Guadalupe, au sein du parc national de Carlsbad Caverns (Nouveau-Mexique) aux États-Unis. Fin 2019, elle développait plus de 242 kilomètres de réseau pour une dénivelée de 489 m, ce qui en fait une des plus grandes grottes du monde et une des plus profondes du continent américain."
Q492760;terre;"Grotte de Movile";"Movile Cave";"phare";7;0;a-ecrire;"";2026-09-03;;;"Un écosystème coupé du soleil depuis cinq millions d'années, où trente-trois espèces inconnues vivent de bactéries mangeuses de soufre.";"La grotte de Movile (roumain : Peștera Movile) est une cavité géologique inondée située en Roumanie, en Dobroudja, près de Mangalia dans le județ de Constanța. Elle a été découverte en 1986 par Cristian Lascu."
Q1190524;terre;"Grotte des Cristaux";"Cave of the Crystals";"phare";7;2;a-ecrire;"";2026-09-03;;;"Des cristaux de gypse de onze mètres, dans un air à cinquante-huit degrés saturé d'humidité : on n'y tient que quelques minutes.";"La grotte des Cristaux, en espagnol Cueva de los Cristales, est une grotte du Mexique dont la particularité est d'abriter des cristaux géants de sélénite, une variété de gypse, dans sa salle principale."
Q43286;arts;"Grottes de Mogao";"Mogao Caves";"phare";7;0;a-ecrire;"";2026-09-03;;;"Un moine a ouvert par hasard une bibliothèque murée depuis mille ans : cinquante mille manuscrits, dont le plus vieux livre imprimé daté.";"Les grottes de Mogao (chinois : 莫高窟 ; pinyin : mògāo kū ; litt."
Q189848;arts;"Guernica";"Guernica";"phare";7;1;a-ecrire;"";2026-09-03;;;"La tapisserie d'après Guernica accrochée à l'ONU a été masquée par un rideau bleu en 2003, le jour d'un discours sur l'Irak.";"Guernica (ou Gernika-Lumo nom officiel basque, ou Guernica y Lumo en espagnol) est une commune de Biscaye dans la communauté autonome du Pays basque en Espagne."
Q940618;histoire;"Guerre de la morue";"Cod Wars";"phare+saviez";7;3;ecrit;"fr";2026-09-03;2026-09-07;;"L'Islande a coupé les filets des chalutiers britanniques avec des cisailles remorquées et menacé de quitter l'OTAN, jusqu'à ce que Londres cède.";"Les guerres de la morue (en anglais The Cod Wars, en islandais Þorskastríðin ou Landhelgisstríðin « les guerres pour les eaux territoriales ») sont plusieurs conflits d'ordre économique opposant l'Islande au Royaume-Uni et, dans une moindre mesure, à l'Allemagne de l'Ouest entre les années 1950 et 1"
Q868337;sciences;"Guerre des courants";"War of the currents";"phare+saviez";7;0;a-ecrire;"";2026-09-03;;;"Pour discréditer le courant alternatif de son rival, le camp d'Edison a organisé des électrocutions publiques d'animaux devant la presse.";"La guerre des courants (parfois appelée bataille des courants) est une controverse technique et industrielle qui s'est déroulée aux États-Unis, à la fin des années 1890."
Q488790;esprit;"Guugu Yimidhirr (peuple)";"Guugu Yimithirr people";"phare";7;0;ecrit;"fr";2026-09-03;2026-09-07;;"Ses locuteurs ignorent la gauche et la droite : ils disent « ta jambe nord-est », et savent toujours où est le nord, même les yeux bandés.";"Les Guugu Yimidhirr (ou Guugu Yimithirr ou Guguyimidjir) sont une tribu aborigène de l'extrême-nord du Queensland en Australie, dont la plupart vivent aujourd'hui à Hopevale (environ 800 habitants), à environ 46 km de Cooktown par la route."
Q1028620;vivant;"";"Hairy frog";"phare+saviez";7;0;publie;"fr";2026-09-03;;2026-09-05;"Menacée, cette grenouille casse volontairement les os de ses doigts et les fait percer sa propre peau pour se faire des griffes.";"Trichobatrachus robustus, unique représentant du genre Trichobatrachus, est une espèce d'amphibiens de la famille des Arthroleptidae."
Q1703796;arts;"";"Hákarl";"phare+saviez";7;2;a-ecrire;"";2026-09-03;;;"Le requin du Groenland est toxique frais : les Islandais l'enfouissent des semaines, puis le sèchent des mois pour le rendre comestible.";"Le hákarl (en islandais, « requin ») est une spécialité culinaire islandaise à base de laimargue."
Q755514;mysteres;"";"Ħal Saflieni Hypogeum";"phare";7;0;a-ecrire;"";2026-09-03;;;"Une salle taillée dans la roche il y a cinq mille ans renvoie la voix grave d'un homme dans tout le sanctuaire souterrain.";"L’hypogée de Ħal Saflieni est un hypogée préhistorique situé à Malte. Les découvertes archéologiques réalisées sur le site ont contribué à définir une courte phase spécifique du Néolithique final au sein de la Préhistoire de Malte."
Q132406;vivant;"Hallucigenia";"Hallucigenia";"phare";7;1;ecrit;"fr";2026-09-03;2026-09-07;;"Reconstituée pendant quinze ans à l'envers et à contresens, elle marchait sur ce qu'on avait pris pour son dos, et sa tête était sa queue.";"Hallucigenia est un genre éteint d'animaux dont on a trouvé les fossiles dans les formations du Cambrien moyen des schistes de Burgess en Colombie-Britannique. Il fut nommé par Simon Conway Morris quand il a réexaminé le genre Canadia retrouvé dans les schistes de Burgess par Charles Doolittle Walcott en 1909."
Q1574093;terre;"Hamza (aquifère)";"Hamza River";"phare";7;0;a-ecrire;"";2026-09-03;;;"Sous l'Amazone coule, à quatre kilomètres de profondeur, une nappe large de centaines de kilomètres qui avance de quelques mètres par an.";"Le Hamza ou rio Hamza est un aquifère découvert en août 2011."
Q8222;arts;"Hangeul";"Hangul";"phare+saviez";7;2;a-ecrire;"";2026-09-03;;;"Un roi coréen a conçu un alphabet dont chaque lettre dessine la position de la langue dans la bouche, contre l'avis de ses lettrés.";"Le hangeul (prononcé en coréen : /ha(ː)n.ɡɯl/), aussi orthographié hangûl ou hangul en français, appelé josŏn'gŭl en Corée du Nord, est l’alphabet officiel du coréen, à la fois en Corée du Nord et en Corée du Sud."
Q5629290;cosmos;"";"HD 140283";"phare+saviez";7;2;ecrit;"fr";2026-09-03;2026-09-07;;"Les premières mesures donnaient à cette étoile un âge supérieur à celui de l'univers, provoquant une crise en astrophysique.";"HD 140283, surnommée étoile-Mathusalem, est une étoile sous-géante de la Voie lactée, située à environ ∼ 202 a.l. (∼ 61,9 pc) de la Terre."
Q49034;sciences;"Hedy Lamarr";"Hedy Lamarr";"phare+saviez";7;1;a-ecrire;"";2026-09-03;;;"Vedette de cinéma le jour, elle a breveté un système de saut de fréquences qui se trouve aujourd'hui au cœur du Wi-Fi et du Bluetooth.";"Hedwig Kiesler, dite Hedy Lamarr, est une actrice, productrice de cinéma et inventrice autrichienne, naturalisée américaine, née le 9 novembre 1914 à Vienne (à l’époque en Autriche-Hongrie) et morte le 19 janvier 2000 à Casselberry (Floride)."
Q2717111;vivant;"";"Helicodiceros muscivorus";"phare+saviez";7;0;ecrit;"fr";2026-09-03;2026-09-07;;"Cette fleur imite une carcasse en putréfaction, chauffe jusqu'à quinze degrés au-dessus de l'air ambiant et enferme les mouches une nuit dans son tube poilu.";"Helicodiceros muscivorus est une espèce de plante de la famille des Araceae."
Q133376;vivant;"Helicoprion";"Helicoprion";"phare+saviez";7;2;ecrit;"fr";2026-09-03;2026-09-07;;"Cet animal portait une spirale de dents enroulée comme une scie circulaire, et il a fallu un siècle pour comprendre où elle se plaçait.";"Helicoprion est un genre fossile de grands poissons cartilagineux ayant vécu durant une importante partie du Permien, de l'Artinskien jusqu'au Roadien, entre 290 et 270 millions d'années avant notre ère."
Q298860;sciences;"Hippase de Métaponte";"Hippasus";"phare";7;0;a-ecrire;"";2026-09-03;;;"La légende veut que les pythagoriciens aient jeté à la mer celui qui démontra que la racine de deux n'est aucune fraction.";"Hippase de Métaponte est un philosophe et mathématicien grec pythagoricien qui aurait vécu autour de 500 av. J.-C. Très peu de choses sont connues de sa vie et de sa pensée."
Q188660;vivant;"Hoazin huppé";"Hoatzin";"phare+saviez";7;0;ecrit;"fr";2026-09-03;2026-09-07;;"Ses poussins ont des griffes aux ailes pour grimper, et l'adulte fermente les feuilles dans un jabot élargi, ce qui lui donne une odeur de bouse.";"Le hoazin huppé ou hoazin (Opisthocomus hoazin), aussi appelé hoatzin ou sassa (en créole guyanais), est une espèce d’oiseaux tropicaux que l’on rencontre en Amérique du Sud, dans les marais du bassin amazonien et du bassin de l'Orénoque."
Q232619;vivant;"";"Hooded pitohui";"phare+saviez";7;0;publie;"fr";2026-09-03;;2026-09-05;"Cet oiseau de Nouvelle-Guinée porte dans ses plumes le même poison que les grenouilles sud-américaines, extrait de coléoptères qu'il mange.";"Le Pitohui bicolore (Pitohui dichrous) est une espèce de passereaux de la famille des Oriolidae. C'est l’une des rares espèces d'oiseaux à être venimeuse."
Q2513;cosmos;"Hubble (télescope spatial)";"Hubble Space Telescope";"phare+saviez";7;1;ecrit;"fr";2026-09-03;2026-09-07;;"Le miroir a été poli avec une précision parfaite selon un instrument mal assemblé de 1,3 millimètre : il a fallu lui poser des lunettes.";"Hubble (en anglais : Hubble Space Telescope, en abrégé HST ou, rarement en français, TSH) est un télescope spatial conçu par la NASA avec une participation de l'Agence spatiale européenne, opérationnel depuis 1990, et orbitant à 515 km d'altitude environ."
Q1908340;vivant;"";"Hydnellum peckii";"phare+saviez";7;1;ecrit;"fr";2026-09-03;2026-09-07;;"Ce champignon suinte des gouttes rouge sang à la surface de sa chair blanche, comme une éponge de dentiste abandonnée dans la mousse.";"Hydnellum peckii, l'Hydnelle de Peck, est une espèce de champignons basidiomycètes de la famille des Bankeraceae."
Q178089;vivant;"Hyène tachetée";"Spotted hyena";"phare+saviez";7;3;publie;"fr";2026-09-03;;2026-09-05;"Les femelles urinent, s'accouplent et mettent bas par un pseudo-pénis, et beaucoup de premiers-nés meurent étouffés dans ce conduit.";"La Hyène tachetée (Crocuta crocuta) est une espèce de mammifère carnivore de la famille des Hyénidés. Cette espèce est largement répandue sur l’ensemble de l’Afrique subsaharienne."
Q15037;cosmos;"Hypérion (lune)";"";"phare";7;0;ecrit;"fr";2026-09-03;2026-09-07;;"Cette lune spongieuse tourne de façon totalement chaotique : impossible de prédire son orientation dans quelques semaines.";"Hypérion (S VII Hyperion) est un satellite de Saturne découvert le 16 septembre 1848 par William Cranch Bond et son fils George Phillips Bond. Deux jours plus tard, William Lassell le découvrit indépendamment."
Q534989;vivant;"";"Iberian ribbed newt";"phare+saviez";7;0;publie;"fr";2026-09-03;;2026-09-05;"Attaqué, ce triton fait pivoter ses côtes et les pousse à travers sa propre peau pour former des pointes empoisonnées, puis se répare.";"Pleurodeles waltl, le pleurodèle de Waltl, est une espèce d'urodèles de la famille des Salamandridae. On le retrouve en Ibérie et au Maroc."
Q32948340;terre;"Iceberg A-68";"Iceberg A-68";"phare";7;0;a-ecrire;"";2026-09-03;;;"Un morceau de banquise grand comme la Corse a dérivé mille kilomètres avant de fondre en libérant un milliard de tonnes d'eau douce par jour.";"En juillet 2017 l'iceberg A-68A a vêlé du segment Larsen C de la barrière de Larsen, située au nord-ouest de la mer de Weddell qui s'étend le long de la côte orientale de la péninsule Antarctique."
Q77529;sciences;"Ida Tacke";"Ida Noddack";"phare";7;0;a-ecrire;"";2026-09-03;;;"Elle a décrit la fission du noyau d'uranium cinq ans avant tout le monde, dans un article que la communauté a poliment ignoré.";"Ida Tacke (née le 25 février 1896 à Wesel morte le 24 septembre 1978 à Bad Neuenahr) est une chimiste allemande. Elle est également connue sous son nom de femme mariée Ida Noddack."
Q609059;cosmos;"IKAROS";"IKAROS";"phare";7;2;ecrit;"fr";2026-09-03;2026-09-07;;"Une voile de vingt mètres, dix fois plus fine qu'un cheveu, a navigué jusqu'à Vénus poussée uniquement par la lumière.";"IKAROS (Interplanetary Kite-craft Accelerated by Radiation of the Sun) est un démonstrateur de voile solaire développé par le département scientifique (ISAS) de l'Agence d'exploration aérospatiale japonaise (JAXA)."
Q822000;mysteres;"Île de Bermeja";"Bermeja";"phare";7;2;a-ecrire;"";2026-09-03;;;"Cette île mexicaine figure sur les cartes depuis 1539, mais les campagnes de recherche des années 1990 n'ont trouvé que de l'eau, au beau milieu d'une zone pétrolière.";"L'île de Bermeja est une île fantôme du golfe du Mexique, dont l'inexistence a été confirmée en 1997. Diverses cartes et documents historiques la situaient à plus de 100 kilomètres au nord de l'État de Yucatan, sous dépendance mexicaine."
Q181544;mysteres;"Île de Queimada Grande";"Ilha da Queimada Grande";"phare";7;1;a-ecrire;"";2026-09-03;;;"Cette île brésilienne interdite abrite une densité folle de vipères dont le venin dissout la chair, et qui n'existent nulle part ailleurs.";"L’île de Queimada Grande (en portugais : Ilha da Queimada Grande) est une île brésilienne qui se situe à environ 35 kilomètres du littoral de l'État de São Paulo, dans la municipalité d'Itanhaém, non loin de la ville de Santos."
Q926299;esprit;"Illusion de Müller-Lyer";"Müller-Lyer illusion";"phare";7;1;ecrit;"fr";2026-09-03;2026-09-07;;"Deux traits égaux paraissent inégaux — sauf chez des peuples qui grandissent loin des angles droits et ne tombent pas dans le piège.";"L’illusion de Müller-Lyer ou illusion de Brentano est une illusion d'optique perceptive distordante qui se résume à un dessin linéaire en flèche : un segment terminé, d'un côté (la « pointe »), par deux courts segments obliques symétriques par rapport au premier."
Q480310;histoire;"Impôt sur les portes et fenêtres";"Window tax";"phare+saviez";7;2;ecrit;"fr";2026-09-03;2026-09-07;;"Les Français ont muré leurs fenêtres pendant un siècle et demi pour payer moins d'impôt, et des façades entières sont restées aveugles.";"L'impôt sur les portes et fenêtres, ou impôt sur les fenêtres, est un type d'impôt basé sur le nombre de portes et de fenêtres des bâtiments. En France, cet impôt, introduit par la loi du 4 frimaire an VII (24 novembre 1798), est resté en place de 1798 à 1926."
Q284354;mysteres;"Inconnue de la Seine";"L'Inconnue de la Seine";"phare+saviez";7;0;a-ecrire;"";2026-09-03;;;"Le moulage du visage d'une noyée anonyme est devenu celui des mannequins de secourisme : le visage le plus embrassé du monde.";"L’Inconnue de la Seine est le surnom d'une jeune femme non identifiée dont le masque mortuaire présumé devient un ornement populaire sur les murs des maisons d'artistes après 1900."
Q371794;terre;"Inondations de Missoula";"Missoula floods";"phare";7;1;a-ecrire;"";2026-09-03;;;"Un lac glaciaire s'est vidé des dizaines de fois en quelques jours, avec des vagues de cent mètres de haut qui ont raboté l'est de l'État de Washington.";"Les inondations de Missoula, en anglais Missoula Floods, aussi appelées inondations de Spokane ou encore inondations de Bretz, désignent d'importantes vidanges brutales de lacs glaciaires qui ont ravagé périodiquement l'est de l'État de Washington et la gorge du Columbia à la fin de la dernière glaciation, vers 11500 av."
Q1660590;cosmos;"InSight";"InSight";"phare+saviez";7;2;ecrit;"fr";2026-09-03;2026-09-07;;"Un sismomètre posé sur Mars a entendu la planète trembler, des météorites tomber et le vent faire vibrer le sol entier.";"InSight (acronyme de l'anglais Interior Exploration using Seismic Investigations, Geodesy and Heat Transport ; en français : « Exploration interne par les sondages sismiques, la géodésie et les flux thermiques ») est une mission d'exploration de la planète Mars développée par l'agence spatiale américaine, la NASA."
Q992653;terre;"Inversion Brunhes-Matuyama";"Brunhes–Matuyama reversal";"phare";7;3;a-ecrire;"";2026-09-03;;;"Il y a 780 000 ans, le nord et le sud magnétiques ont échangé leurs places, et cela s'est déjà produit des centaines de fois.";"L'inversion Brunhes-Matuyama, nommée d'après Bernard Brunhes et Motonori Matuyama, est un événement géologique qui s'est produit il y a environ 780 000 ans, correspondant à la dernière inversion du champ magnétique terrestre."
Q935;sciences;"Isaac Newton";"Isaac Newton";"phare+saviez";7;0;a-ecrire;"";2026-09-03;;;"Pour comprendre la vision, il s'est glissé une aiguille à tricoter entre l'œil et l'os de l'orbite afin d'en déformer le fond.";"Isaac Newton (25 décembre 1642 J – 20 mars 1727 J, ou 4 janvier 1643 G – 31 mars 1727 G) est un mathématicien, physicien, philosophe, alchimiste, astronome et théologien anglais, puis britannique."
Q448219;esprit;"Isabelle Dinoire";"Isabelle Dinoire";"phare";7;3;a-ecrire;"";2026-09-03;;;"Première greffée du visage au monde, elle a dû réapprendre à sourire avec les muscles d'une autre femme.";"Isabelle Christiane Dinoire, née le 3 février 1967 à Maubeuge et morte le 22 avril 2016 à Amiens, est une femme française connue pour avoir été la première personne receveuse d'une transplantation partielle du visage, après avoir été défigurée par son chien, en mai 2005."
Q1475301;cosmos;"ISEE 3";"International Cometary Explorer";"phare";7;2;ecrit;"fr";2026-09-03;2026-09-07;;"Une sonde abandonnée depuis 1997 a été rallumée en 2014 par une équipe de passionnés installée dans un ancien McDonald's.";"ISEE 3 (acronyme de International Sun-Earth Explorer, en français : « Explorateur international Soleil-Terre ») est le troisième satellite scientifique du Programme ISEE, une série de trois satellites scientifiques construits par la NASA et l'Agence spatiale européenne (ESA) et lancés en 1977 et 197"
Q35846;arts;"Ithkuil";"Ithkuil";"insolite+phare";7;2;a-ecrire;"";2026-09-03;;;"Cette langue conçue pour exprimer la pensée avec une précision totale est si difficile que son inventeur lui-même ne la parle pas.";"L'ithkuil est une langue construite expérimentale et philosophique conçue par John Quijada depuis 1978. Le mot « iţkuîl », romanisé en « ithkuil » (en anglais : /ɪθˈkʊˌil/ ; en ithkuil : /ˈɪθ.kʊ.il/, en français : potentiellement /is.kujl/ ou /it.kujl/) signifie « représentation hypothétique du langage »."
Q43963;mysteres;"Jack l'Éventreur";"Jack the Ripper";"phare+saviez";7;0;a-ecrire;"";2026-09-03;;;"Une des lettres envoyées à la police est arrivée avec la moitié d'un rein humain et cette phrase : l'autre moitié, je l'ai frite et mangée.";"Jack l'Éventreur (en anglais : Jack the Ripper) est le surnom donné à un tueur en série ayant sévi dans le district londonien de Whitechapel en 1888. L'affaire à laquelle le personnage est lié, depuis l'époque de son déroulement jusqu'à aujourd'hui, donna lieu à maintes hypothèses et inspira bon nombre d'œuvres en tous genres, lui conférant un statut de mythe moderne."
Q122392;mysteres;"";"Jacob Bernoulli";"phare+saviez";7;0;a-ecrire;"";2026-09-03;;;"Il voulait une spirale logarithmique gravée sur sa tombe avec « je renais identique » ; le tailleur de pierre s'est trompé et a gravé la mauvaise spirale.";"Jacques ou Jakob Bernoulli (27 décembre 1654 - 16 août 1705) est un mathématicien et physicien suisse (né et mort à Bâle), frère de Jean Bernoulli et oncle de Daniel Bernoulli et Nicolas Bernoulli."
Q115662149;cosmos;"JADES-GS-z13-0";"JADES-GS-z13-0";"phare";7;1;ecrit;"fr";2026-09-03;2026-09-07;;"On observe cette galaxie telle qu'elle était trois cent vingt millions d'années après le Big Bang.";"JADES-GS-z13-0, dénommée officiellement JADES-GS+053.14988-27.77650, est une galaxie à discontinuité Lyman-α, située dans la constellation du Fourneau, au décalage vers le rouge de 13,20, découverte par le télescope spatial James Webb (JWST) lors de l'imagerie NIRCam pour le programme d'étude JWST A"
Q62685;sciences;"Jan Hendrik Schön";"Jan Hendrik Schön";"phare";7;1;a-ecrire;"";2026-09-03;;;"Ce physicien publiait un article tous les huit jours, jusqu'à ce qu'on remarque que la même courbe de bruit servait dans des expériences différentes.";"Jan Hendrik Schön (né en 1970) est un physicien allemand, qui connut une brève célébrité après une série d’apparentes avancées scientifiques qui finirent par s’avérer être des fraudes scientifiques."
Q1683042;histoire;"Jasper Maskelyne";"Jasper Maskelyne";"phare";7;0;ecrit;"fr";2026-09-03;2026-09-07;;"Un magicien de music-hall a prétendu avoir fait disparaître le port d'Alexandrie, et l'histoire a mis cinquante ans à démêler le vrai du bluff.";"Jasper Maskelyne, né en 1902 au Royaume-Uni et mort en 1973 au Kenya, est un illusionniste britannique. Connu pour ces spectacles de magie avant la Seconde Guerre mondiale, il aurait travaillé dans une unité spécialisée dans le camouflage, le Magic Gang."
Q437168;histoire;"Jeanne Barret";"Jeanne Baret";"phare+saviez";7;5;publie;"fr";2026-09-03;;2026-09-05;"Déguisée en valet, elle a fait le tour du monde sur un navire du roi avant que l'équipage ne découvre, au milieu du Pacifique, qu'elle était une femme.";"Jeanne Barret (également écrit Baré, Baret ou Barer), née le 27 juillet 1740 à La Comelle et morte le 5 août 1807 à Saint-Aulaye (Saint-Antoine-de-Breuilh) est une exploratrice et botaniste française."
Q171136;histoire;"Jeanne Ire de Castille";"Joanna of Castile";"phare+saviez";7;2;ecrit;"fr";2026-09-03;2026-09-07;;"Une reine a promené le cercueil de son mari à travers la Castille pendant des mois, en le faisant ouvrir régulièrement pour le contempler.";"Jeanne Ire de Castille, dite Jeanne la Folle (en espagnol : Juana la Loca), née le 6 novembre 1479 à Tolède et morte le 12 avril 1555 à Tordesillas, est une princesse espagnole de la dynastie de Trastamare, fille de Ferdinand II d'Aragon (1452-1516) et d'Isabelle de Castille (1451-1504), les « rois catholiques »."
Q128402060;esprit;"";"Jo Cameron";"insolite+phare";7;0;publie;"fr";2026-09-03;;2026-09-05;"Une mutation la prive de douleur et d'anxiété ; on a découvert son arthrose parce qu'elle ne réclamait aucun antalgique après l'opération.";"Jo Cameron (born 1948; age 77–78 years), also known as Patient PFS, is a Scottish woman who feels no pain and experiences little to no anxiety or other aspects of negative affect."
Q216324;sciences;"";"Johannes Fibiger";"phare+saviez";7;1;a-ecrire;"";2026-09-03;;;"Un Nobel a couronné la découverte d'un ver provoquant le cancer, dont on a établi ensuite qu'il ne provoquait rien du tout.";"Johannes Andreas Grib Fibiger (23 avril 1867 à Silkeborg (Danemark) - 30 janvier 1928 à Copenhague) est un médecin danois. Il est lauréat du prix Nobel de physiologie ou médecine 1926 décerné exceptionnellement un an plus tard."
Q8963;sciences;"Johannes Kepler";"Johannes Kepler";"phare";7;0;a-ecrire;"";2026-09-03;;;"Il a interrompu ses travaux sur les orbites planétaires pour défendre pendant six ans sa propre mère, jugée pour sorcellerie.";"Johannes Kepler (ou Keppler), né le 27 décembre 1571 à Weil der Stadt et mort le 15 novembre 1630 à Ratisbonne, est un astronome allemand célèbre pour avoir étudié l'hypothèse héliocentrique de Nicolas Copernic, affirmant que la Terre tourne autour du Soleil, et surtout pour avoir découvert que les"
Q314335;sciences;"John Harrison (horloger)";"John Harrison";"phare";7;0;a-ecrire;"";2026-09-03;;;"Il a passé quarante ans à construire une horloge de marine capable de donner la longitude, et n'a été payé qu'après avoir supplié le roi, à quatre-vingts ans.";"John Harrison, né le 24 mars 1693 à Foulby dans le comté de Yorkshire et mort le 24 mars 1776 à Bloomsbury à Londres, est un artisan ébéniste de son état, et horloger autodidacte britannique du XVIIIe siècle."
Q2598134;esprit;"";"Kangaroo care";"phare+saviez";7;0;a-ecrire;"";2026-09-03;;;"Posé peau contre peau sur sa mère, un grand prématuré règle sa température et son rythme cardiaque mieux qu'en couveuse.";"La méthode Kangourou ou méthode mère kangourou (MMK) est une méthode de soins et de maternage utilisée en néonatalogie."
Q97241059;terre;"Kawah Ijen";"";"phare";7;0;a-ecrire;"";2026-09-03;;;"La nuit, le soufre enflammé y coule en rivières de flammes bleues, et des porteurs remontent quatre-vingts kilos sur le dos sans masque.";"Le Kawah Ijen, également orthographié Kawah Idjen en français, est un des cônes volcaniques du volcan Ijen, situé dans l'extrême Est de l'île de Java, en Indonésie."
Q243547;esprit;"Kétamine";"Ketamine";"phare";7;1;a-ecrire;"";2026-09-03;;;"Un anesthésique de terrain des années 1960 lève certaines dépressions en quelques heures, là où les traitements classiques mettent des semaines.";"La kétamine est un psychotrope utilisé comme anesthésique injectable. Elle est aussi employée comme analgésique, sédatif, et en médecine vétérinaire."
Q207344;sciences;"Kevlar";"Kevlar";"phare";7;0;a-ecrire;"";2026-09-03;;;"La chimiste qui l'a créé a failli jeter à l'évier une solution trouble que le technicien de la machine à filer refusait de traiter.";"Le poly(p-phénylènetéréphtalamide) (PPD-T) est un polymère thermoplastique constitué de noyaux aromatiques séparés par des groupes amide. Il appartient à la famille des fibres d'aramides."
Q11570;sciences;"Kilogramme";"Kilogram";"phare";7;2;a-ecrire;"";2026-09-03;;;"L'étalon du kilogramme a mystérieusement perdu cinquante microgrammes en un siècle, obligeant le monde à redéfinir la masse à partir d'une constante quantique.";"Le kilogramme, dont le symbole est kg (en minuscules), est l'unité de base de masse dans le Système international d'unités (SI). Le kilogramme est la seule unité SI de base possédant un préfixe (« kilo », symbole k utilisé pour désigner le millier d'une unité) dans son nom."
Q270983;arts;"";"Kinkaku-ji";"phare";7;1;a-ecrire;"";2026-09-03;;;"Le Pavillon d'or a été incendié en 1950 par un jeune moine qui ne supportait pas sa beauté, et le procès a inspiré un roman célèbre.";"Le Kinkaku-ji (金閣寺, litt. « temple du Pavillon d'or ») est le nom usuel du Rokuon-ji (鹿苑寺, litt."
Q83232;arts;"";"Kiruna";"phare+saviez";7;2;a-ecrire;"";2026-09-03;;;"Une ville suédoise entière, église en bois comprise, est déplacée de plusieurs kilomètres parce que la mine sous ses pieds la fait s'effondrer.";"Kiruna (same : Giron, finnois : Kiiruna) est une ville minière de 18 154 habitants en Laponie suédoise et le chef-lieu de la commune de Kiruna, siège du Parlement sami de Suède."
Q6419456;terre;"Kjeragbolten";"Kjeragbolten";"phare";7;1;a-ecrire;"";2026-09-03;;;"Un rocher coincé entre deux parois surplombe un fjord norvégien de près de mille mètres, et les visiteurs viennent poser dessus.";"Le Kjeragbolten est un bloc erratique de Norvège qui a la particularité d'être coincé dans une anfractuosité rocheuse sur les pentes du Kjerag, une montagne du comté de Rogaland dominant le Lysefjord."
Q54259;arts;"";"Klingon";"phare+saviez";7;0;a-ecrire;"";2026-09-03;;;"Hamlet a été traduit dans une langue créée pour une série télévisée, et quelques enfants l'ont apprise comme langue maternelle.";"Les Klingons sont, dans l'univers de fiction de Star Trek, une espèce extraterrestre originaire de la planète Kronos (Qo'noS en klingon)."
Q2571560;arts;"L'Angélus";"The Angelus (painting)";"phare+saviez";7;2;a-ecrire;"";2026-09-03;;;"Une radiographie a confirmé l'intuition de Dalí : sous le panier de pommes de terre, Millet avait d'abord peint un petit cercueil.";"L'Angélus est un tableau de Jean-François Millet, peint entre 1857 et 1859, chef-d'œuvre exposé au musée d'Orsay de Paris."
Q1799469;sciences;"Laboratoire souterrain de Modane";"Modane Underground Laboratory";"phare";7;0;a-ecrire;"";2026-09-03;;;"Les physiciens y travaillent sous mille sept cents mètres de roche pour que la matière ordinaire cesse enfin de faire du bruit.";"Inauguré en 1982 à 1 700 m sous la montagne au milieu du tunnel routier du Fréjus (Savoie), le laboratoire souterrain de Modane (en abrégé LSM) est un laboratoire français, et depuis 2019, une plateforme nationale du Laboratoire de Physique Subatomique et de Cosmologie de Grenoble (LPSC)."
Q498671;terre;"Lac Hillier";"Lake Hillier";"phare+saviez";7;0;a-ecrire;"";2026-09-03;;;"Un lac australien d'un rose bonbon opaque, qui garde sa couleur même dans un verre, et dont l'origine exacte reste discutée.";"Le lac Hillier (en anglais : Lake Hillier) est une lagune australienne située sur l'île du Milieu (Middle Island), dans l'archipel de la Recherche (Australie-Occidentale), lui-même dans la Grande Baie australienne."
Q125912;terre;"Lac Kivu";"Lake Kivu";"phare";7;1;a-ecrire;"";2026-09-03;;;"Trois cents kilomètres cubes de gaz dissous dorment au fond, sous deux millions de riverains qui ne peuvent pas déménager.";"Le lac Kivu (2 700 km2), situé à la frontière de la république démocratique du Congo et du Rwanda, est l'un des Grands Lacs d'Afrique. Il est le plus dangereux des trois lacs méromictiques du continent, car contenant de grandes quantités de gaz toxique, asphyxiant et à effet de serre (sulfure d'hydrogène, gaz carbonique et méthane)."
Q335585;terre;"Lac Mono";"Mono Lake";"phare";7;0;a-ecrire;"";2026-09-03;;;"Ses eaux trois fois plus salées que l'océan font pousser des tours de calcaire qui émergent dès que le niveau baisse.";"Le lac Mono (en anglais : Mono lake) est un lac de soude, hypersalin situé dans le désert de la Sierra Nevada en Californie, à environ 13 km à l’est du parc du Yosemite, près de la ville de Lee Vining."
Q183360;terre;"";"Lake Toba";"phare";7;0;a-ecrire;"";2026-09-03;;;"La supéruption d'il y a soixante-quatorze mille ans a laissé un lac de cent kilomètres de long et peut-être réduit l'humanité à quelques milliers d'individus.";"Le lac Toba (en indonésien : Danau Toba) est un lac de 100 km de long sur 35 km de large situé au milieu de la partie nord de l'île indonésienne de Sumatra à 905 m d'altitude."
Q605796;mysteres;"";"Lake Toplitz";"phare";7;0;a-ecrire;"";2026-09-03;;;"Des plongeurs ont remonté de ce lac autrichien des caisses de faux billets de la Banque d'Angleterre imprimés par les nazis.";"Le lac Toplitz (allemand : Toplitzsee) est un lac des Alpes orientales centrales dans la région du Salzkammergut en Autriche. Son émissaire est le cours d'eau Toplitz (de), un affluent de la Traun, donc un sous-affluent du Danube."
Q33765;arts;"Langue des signes nicaraguayenne";"";"insolite+phare";7;1;a-ecrire;"";2026-09-03;;;"Des enfants sourds réunis dans une même école ont inventé de zéro une langue complète, sous les yeux des linguistes.";"La langue des signes nicaraguayenne (en espagnol : idioma de signos nicaragüense ou idioma de señas de Nicaragua, ISN) est la langue des signes utilisée au Nicaragua."
Q354244;histoire;"Latude";"";"phare";7;1;ecrit;"fr";2026-09-03;2026-09-07;;"Enfermé trente-cinq ans pour avoir envoyé une fausse alerte à la Pompadour, il s'est évadé de la Bastille par une cheminée, avec une échelle de corde tressée dans du linge.";"Jean Henry, dit Danry, dit Masers de Latude, né le 23 mars 1725 à Montagnac et mort le 1er janvier 1805 à Paris, est un prisonnier français, célèbre pour ses nombreuses évasions, qui a publié en 1787 des Mémoires, remplis d’inexactitudes et d’exagérations mais qui connurent un grand succès pendant la Révolution."
Q471379;arts;"Le Cri";"The Scream";"phare+saviez";7;2;a-ecrire;"";2026-09-03;;;"Munch a lui-même écrit au crayon sur son tableau : « ne peut avoir été peint que par un fou ».";"Le Cri (en norvégien : Skrik) est une œuvre expressionniste de l'artiste norvégien Edvard Munch dont il existe cinq versions (deux peintures, un pastel, un au crayon et une lithographie) réalisées entre 1893 et 1917."
Q654562;arts;"Le Livre de Marco Polo";"The Travels of Marco Polo";"phare+saviez";7;1;a-ecrire;"";2026-09-03;;;"Marco Polo a dicté ses voyages depuis une prison génoise à un compagnon de cellule qui écrivait des romans de chevalerie.";"Le Livre de Marco Polo (aussi connu sous les titres Le Devisement du monde ou Le Livre des merveilles, et en italien sous celui d'Il Milione et en anglais comme The Travels of Marco Polo) décrit l'empire sinomongol de Khubilai Khaan, pour lequel Marco Polo a été « messager » ou émissaire impérial de 1275 à 1290."
Q206015;arts;"Le Sacre du printemps";"The Rite of Spring";"phare+saviez";7;0;a-ecrire;"";2026-09-03;;;"La création a viré à l'émeute : le public hurlait si fort que les danseurs n'entendaient plus l'orchestre depuis la scène.";"Le Sacre du printemps, sous-titré Tableaux de la Russie païenne en deux parties, est un ballet composé par Igor Stravinsky et chorégraphié originellement par Vaslav Nijinski pour les Ballets russes de Serge de Diaghilev."
Q244971;arts;"Le Voyage dans la Lune";"A Trip to the Moon";"phare";7;0;a-ecrire;"";2026-09-03;;;"Une copie coloriée à la main, retrouvée en Espagne à l'état de bloc collé, a demandé plus de dix ans de restauration.";"Le Voyage dans la Lune est un film muet de science-fiction français écrit, produit et réalisé par Georges Méliès, et sorti en 1902. Le film est souvent considéré comme la première œuvre de science-fiction au cinéma, bien que d'autres films, comme Gugusse et l'Automate ou encore Les Rayons X le précèdent."
Q647777;terre;"";"Lençóis Maranhenses National Park";"insolite+phare";7;0;a-ecrire;"";2026-09-03;;;"Ce désert de dunes brésilien se remplit chaque année de milliers de lagunes d'eau douce où nagent des poissons.";"Le parc national des Lençóis Maranhenses (portugais : Parque Nacional dos Lençóis Maranhenses) est un parc national du Brésil situé au Maranhão."
Q268421;sciences;"Lene Hau";"Lene Hau";"phare";7;0;a-ecrire;"";2026-09-03;;;"Elle a ralenti la lumière à dix-sept mètres par seconde, allure d'un cycliste, avant de l'arrêter complètement dans un nuage d'atomes glacés.";"Lene Vestergaard Hau (née le 13 novembre 1959 à Vejle, Danemark) est une physicienne et professeure danoise. Elle enseigne la physique théorique et appliquée à l'université Harvard."
Q333265;arts;"";"Leon Theremin";"phare+saviez";7;1;a-ecrire;"";2026-09-03;;;"L'inventeur de l'instrument qu'on joue sans le toucher a aussi conçu le micro caché offert à l'ambassade américaine à Moscou.";"Léon Thérémine, né Lev Sergueïevitch Termen (en russe : Лев Сергеевич Термен) le 15 août 1896 et mort le 3 novembre 1993, est l'ingénieur russe qui a inventé le thérémine, le premier instrument de musique électronique."
Q647379;arts;"Les Âmes mortes";"Dead Souls";"phare";7;1;a-ecrire;"";2026-09-03;;;"Gogol a jeté au feu la deuxième partie de son roman dix jours avant de se laisser mourir de faim.";"Les Âmes mortes (russe : Мёртвые души, Miortvye douchi) est un roman de Nicolas Gogol paru en 1842."
Q1210734;arts;"Les Cent Vingt Journées de Sodome";"The 120 Days of Sodom";"phare";7;1;a-ecrire;"";2026-09-03;;;"Sade a écrit ce rouleau de douze mètres à la Bastille en trente-sept nuits, sur des feuillets collés bout à bout, et l'a cru perdu.";"Les Cent Vingt Journées de Sodome ou l'École du libertinage sont la première grande œuvre du marquis de Sade, écrite à la prison de la Bastille en 1785."
Q843864;cosmos;"Lever de Terre";"";"phare";7;1;ecrit;"fr";2026-09-03;2026-09-07;;"La photo qui a lancé l'écologie a été prise en catastrophe, hors programme, par un astronaute qui n'était pas censé regarder par le hublot.";"Lever de Terre (Earthrise en anglais), identifiée et classée sous le code « AS8-14-2383HR » par la NASA, est une photographie prise par William Anders le 24 décembre 1968, durant la mission d'Apollo 8 vers la Lune."
Q3238123;histoire;"Licorne ailée";"";"phare+saviez";7;1;ecrit;"fr";2026-09-03;2026-09-07;;"Les cours royales payaient une fortune pour des cornes de licorne qui étaient en réalité des défenses de narval.";"Une licorne ailée, parfois nommée alicorne, est un cheval fantastique doté d'une corne unique et d'une paire d'ailes."
Q30972;arts;"Linéaire A";"Linear A";"phare";7;1;a-ecrire;"";2026-09-03;;;"On sait prononcer ces signes crétois sans comprendre un seul mot : la langue cachée derrière l'écriture reste totalement inconnue.";"Le « linéaire A » est une écriture, encore non déchiffrée, qui fut utilisée dans la Crète ancienne à l'époque minoenne."
Q133283;vivant;"Lithops";"Lithops";"phare";7;2;ecrit;"fr";2026-09-03;2026-09-07;;"Ces plantes se déguisent en cailloux, avec deux feuilles enterrées et une fenêtre translucide au sommet pour laisser entrer la lumière.";"Les Lithops sont des plantes vivaces, succulentes, acaules, membres de la famille des Aizoacées avec plus de 109 espèces différentes."
Q134361;vivant;"Loa loa";"Loa loa";"phare";7;0;publie;"fr";2026-09-03;;2026-09-05;"Ce ver de sept centimètres se déplace sous la peau et traverse parfois le blanc de l'œil, visible en train de ramper.";"La Filaire loa, Loa loa, est une espèce de vers filiformes dont la présence dans le tissu cellulaire sous-cutané chez l'humain détermine la loase, ou filariose à Loa."
Q188908;sciences;"Loi de Murphy";"Murphy's law";"phare+saviez";7;0;a-ecrire;"";2026-09-03;;;"La formule est née sur une piste d'essai où un technicien avait monté à l'envers les seize capteurs d'une expérience de décélération.";"La loi de Murphy, élaborée par l'ingénieur aérospatial américain Edward A. Murphy Jr., est un adage qui affirme : « Tout ce qui est susceptible d'aller mal ira mal."
Q310793;vivant;"Lomatia tasmanica";"Lomatia tasmanica";"phare";7;3;publie;"fr";2026-09-03;;2026-09-05;"Ce buisson tasmanien est stérile et se clone depuis environ quarante-trois mille ans : tous les individus vivants sont le même organisme.";"Lomatia tasmanica est une espèce de plantes à fleurs de la famille des Proteaceae. C'est un arbrisseau qui présente des feuilles vertes brillantes et des fleurs roses, mais ne donne ni fruits ni graines."
Q421675;arts;"";"Louis Le Prince";"insolite+phare";7;0;a-ecrire;"";2026-09-03;;;"L'auteur du plus ancien film connu s'est volatilisé d'un train quelques mois avant de présenter publiquement son invention.";"Louis Aimé Augustin Le Prince, né le 28 août 1841 à Metz et disparu mystérieusement le 16 septembre 1890, est un chimiste, ingénieur et inventeur français. Il est l'un des pionniers du cinéma."
Q56886750;arts;"";"Love Is in the Bin";"phare";7;0;a-ecrire;"";2026-09-03;;;"Le tableau s'est déchiqueté tout seul au coup de marteau de l'adjudication, et sa valeur en a été multipliée.";"Love Is in the Bin is a 2018 art intervention by Banksy at Sotheby's London. According to Sotheby's, it is ""the first artwork in history to have been created live during an auction."" His 2006 painting of Girl with Balloon unexpectedly self-destructed immediately after it was sold at auction."
Q310771;mysteres;"Ludolph van Ceulen";"";"phare";7;0;a-ecrire;"";2026-09-03;;;"Il a passé sa vie à calculer trente-cinq décimales de pi et les a fait graver sur sa pierre tombale à Leyde.";"Ludolph van Ceulen ou Coelen (1540-1610) est un mathématicien allemand qui émigra aux Pays-Bas."
Q920298;cosmos;"";"Luna 15";"phare";7;0;ecrit;"fr";2026-09-03;2026-09-07;;"Pendant qu'Armstrong marchait sur la Lune, une sonde soviétique s'écrasait discrètement à huit cents kilomètres de là.";"Luna 15, également appelée Lunik 15 (en russe : Луна-15), était une mission spatiale sans pilote du programme Luna, lancée juste avant Apollo 11."
Q1197987;sciences;"Lyssenkisme";"Lysenkoism";"phare";7;0;a-ecrire;"";2026-09-03;;;"Un agronome soviétique a fait interdire la génétique pendant trente ans, et les biologistes qui le contredisaient finissaient au camp.";"Le lyssenkisme (en russe : лысе́нковщина) est une politique agricole formulée en Union des républiques socialistes soviétiques (URSS) par Trofim Lyssenko et ses successeurs à partir de la fin des années 1920, puis mise en application au cours des années 1930 lorsque Lyssenko, soutenu par les autorit"
Q53462;vivant;"";"Macropus rufus";"phare";7;1;publie;"fr";2026-09-03;;2026-09-05;"Une femelle peut porter un embryon en pause, allaiter un nouveau-né et un grand jeune en même temps, en produisant deux laits de compositions différentes dans deux mamelles voisines.";"Le kangourou roux (Macropus rufus ; en anglais : Red Kangaroo) est le plus grand de tous les kangourous et le plus grand marsupial vivant. On le retrouve à travers tout le pays australien, évitant seulement les secteurs plus fertiles dans le sud, la côte est et les forêts tropicales nordiques."
Q190426;cosmos;"";"Magnetar";"phare";7;3;ecrit;"fr";2026-09-03;2026-09-07;;"Son champ magnétique déchirerait vos molécules à 1 000 kilomètres de distance, avant même que vous approchiez.";"Un magnétar, une étoile magnétique, ou une magnétoile selon la dénomination officielle en France, est une étoile à neutrons dont le champ magnétique est extrêmement intense et qui émet un rayonnement électromagnétique de haute énergie (rayons X et rayons gamma)."
Q2500124;esprit;"Maladie d'Urbach-Wiethe";"Urbach–Wiethe disease";"phare+saviez";7;0;ecrit;"fr";2026-09-03;2026-09-07;;"Une lésion des amygdales cérébrales a rendu une patiente incapable d'éprouver la peur : serpents, armes, maisons hantées, rien ne l'atteint.";"La maladie d'Urbach-Wiethe est un trouble génétique récessif rare, officiellement signalé pour la première fois en 1929. La maladie s'attaque spécifiquement à l'amygdale basolatérale (ABL) sans affecter les autres zones du cerveau."
Q3699044;vivant;"Mammouth laineux";"Woolly mammoth";"phare";7;0;ecrit;"fr";2026-09-03;2026-09-07;;"Une population a survécu sur l'île Wrangel jusqu'à environ 1700 avant notre ère, soit après l'achèvement de la pyramide de Khéops.";"The woolly mammoth (Mammuthus primigenius) is an extinct species of mammoth that lived from the Middle Pleistocene until its extinction in the Holocene epoch. It was one of the last in a line of mammoth species, beginning with the African Mammuthus subplanifrons in the early Pliocene."
Q636480;vivant;"";"Manchineel";"phare+saviez";7;0;ecrit;"fr";2026-09-03;2026-09-07;;"Sa sève brûle la peau, sa fumée aveugle, et s'abriter sous ses branches pendant la pluie suffit à provoquer des cloques.";"The manchineel tree (Hippomane mancinella), also known as the tree of death, is a species of flowering plant in the spurge family (Euphorbiaceae). Its native range stretches from tropical southern North America to northern South America."
Q161829;vivant;"Manchot empereur";"Emperor penguin";"phare";7;0;ecrit;"fr";2026-09-03;2026-09-07;;"Le mâle jeûne cent quinze jours en couvant un œuf sur ses pattes, en plein hiver antarctique, à moins soixante et sous des vents de deux cents kilomètres-heure.";"The emperor penguin (Aptenodytes forsteri) is the tallest and heaviest of all living penguin species and lives exclusively in Antarctica. The male and female are similar in plumage and size, reaching 100 cm (39 in) in length and weighing from 22 to 45 kg (49 to 99 lb)."
Q12175;arts;"Mannois";"Manx language";"phare";7;2;a-ecrire;"";2026-09-03;;;"L'UNESCO l'a déclaré éteint en 2009 ; des écoliers de l'île de Man lui ont écrit, en mannois, pour demander en quelle langue ils écrivaient.";"Le mannois ou gaélique mannois (endonymes : Gaelg ou Gaelg Vanninagh) est une langue celtique appartenant à la branche des langues gaéliques, et parlée sur l'île de Man, en mer d'Irlande par environ 1 700 personnes."
Q4287;histoire;"Margarine";"Margarine";"phare+saviez";7;1;ecrit;"fr";2026-09-03;2026-09-07;;"Plusieurs États américains ont obligé les fabricants à teindre la margarine en rose vif pour protéger les producteurs de beurre.";"Margarine is a spread used for flavoring, baking, and cooking. It is most often used as a substitute for butter."
Q355751;arts;"Marie-Antoine Carême";"Marie-Antoine Carême";"phare";7;1;a-ecrire;"";2026-09-03;;;"Le premier chef vedette dessinait ses pièces montées comme des temples et se disait architecte autant que cuisinier.";"Marie-Antoine Carême dit Antonin Carême est un pâtissier et un chef français né le 8 juin 1783 à Paris où il meurt le 12 janvier 1833. Surnommé « le roi des chefs et le chef des rois », il est le premier à porter cette appellation de « chef »."
Q4354485;mysteres;"";"Mark Hofmann";"phare";7;1;a-ecrire;"";2026-09-03;;;"Ce faussaire de documents mormons a posé des bombes artisanales tuant deux personnes quand ses acheteurs ont commencé à douter.";"Mark William Hofmann (born December 7, 1954) is an American counterfeiter, forger, and convicted murderer. Widely regarded as one of the most accomplished forgers in history, Hofmann is especially noted for his creation of fake documents related to the history of the Latter Day Saint movement."
Q575922;cosmos;"Mars Polar Lander";"Mars Polar Lander";"phare";7;0;ecrit;"fr";2026-09-03;2026-09-07;;"Ses capteurs ont confondu la secousse du déploiement des jambes avec un atterrissage et coupé les moteurs à 40 mètres du sol.";"The Mars Polar Lander, also known as the Mars Surveyor '98 Lander, was a 290-kilogram uncrewed spacecraft lander launched by NASA on January 3, 1999, to study the soil and climate of Planum Australe, a region near the south pole on Mars."
Q9048095;arts;"Masque funéraire de Toutânkhamon";"Mask of Tutankhamun";"phare+saviez";7;0;a-ecrire;"";2026-09-03;;;"La barbe s'étant détachée, un employé du musée l'a recollée à la colle époxy, puis a gratté les bavures au cutter.";"Le masque funéraire de Toutânkhamon, appelé aussi masque d'or de Toutânkhamon, est le masque funéraire découvert le 28 octobre 1925 dans le tombeau de Toutânkhamon lorsque l'archéologue britannique Howard Carter ouvre le sarcophage contenant la momie de ce pharaon."
Q1907304;mysteres;"Masquerade (livre)";"Masquerade (book)";"phare";7;2;a-ecrire;"";2026-09-03;;;"Ce livre d'énigmes cachait la position d'un lièvre en or massif, déterré en 1982 par un homme qui trichait grâce à l'ex-compagne de l'auteur.";"Masquerade est un livre d'images, écrit et illustré par Kit Williams, publié en août 1979 en Angleterre et en novembre 1979 en France, qui consiste en une chasse au trésor en résolvant des énigmes sur la localisation d'un lièvre en or, dissimulé quelque part en Grande-Bretagne."
Q131230;terre;"Mauna Kea";"Mauna Kea";"phare";7;1;a-ecrire;"";2026-09-03;;;"Mesurée depuis sa base posée au fond du Pacifique, cette montagne hawaïenne dépasse l'Everest de plus de mille mètres.";"Le Mauna Kea est un volcan bouclier endormi des États-Unis situé sur l'île d'Hawaï, dans l'État du même nom, dans l'océan Pacifique. Âgé de près d'un million d'années, il s'agit du deuxième plus ancien des cinq volcans majeurs de l'île."
Q421898;sciences;"";"Mauveine";"phare";7;0;a-ecrire;"";2026-09-03;;;"À dix-huit ans, en ratant la synthèse d'un antipaludique, un étudiant a obtenu un résidu violet et fondé l'industrie mondiale des colorants.";"La mauvéine est, historiquement, le premier colorant industriel synthétique. Son nom chimique est l'acétate de 3-amino-2,±9-diméthyl-5-phényl-7-(p-tolylamino)phénazinium."
Q2708616;terre;"Mawsynram";"Mawsynram";"insolite+phare";7;0;a-ecrire;"";2026-09-03;;;"Il y tombe près de douze mètres de pluie par an, et les habitants insonorisent leurs toits pour pouvoir dormir.";"Mawsynram est un tehsil de l'État du Meghalaya, situé à l'extrémité ouest du district des East Khasi Hills en Inde et à 56 kilomètres de Shillong, la capitale de l'Etat."
Q28480;arts;"";"Max Brod";"phare+saviez";7;0;a-ecrire;"";2026-09-03;;;"Kafka lui avait ordonné de brûler tous ses manuscrits sans les lire ; il a publié Le Procès et Le Château à la place.";"Max Brod, né le 27 mai 1884 à Prague et mort le 20 décembre 1968 à Tel Aviv (Israël), est un écrivain et journaliste de langue allemande."
Q901499;arts;"";"Maya blue";"phare";7;0;a-ecrire;"";2026-09-03;;;"Ce bleu précolombien tient huit siècles sous les tropiques, et l'on n'a compris sa recette d'argile et d'indigo cuits qu'au XXe siècle.";"Le bleu maya (azul maya en espagnol) est le procédé qu'utilisaient les civilisations précolombiennes de la Mésoamérique, comme les Mayas et Aztèques pour obtenir une teinte allant du bleu clair au bleu-vert."
Q2254010;vivant;"";"Melanophila acuminata";"phare";7;0;ecrit;"fr";2026-09-03;2026-09-07;;"Ce coléoptère possède des capteurs infrarouges qui détectent un feu de forêt à des dizaines de kilomètres, et il y accourt pour pondre dans le bois encore fumant.";"Melanophila acuminata, known generally as the black fire beetle or fire bug, is a species of metallic wood-boring beetle in the family Buprestidae. It is found in the Caribbean, Europe and Northern Asia (excluding China), Central America, North America, and Southern Asia."
Q23883;terre;"Mer Morte";"Dead Sea";"phare+saviez";7;0;a-ecrire;"";2026-09-03;;;"Sa surface baisse d'un mètre par an, et le retrait ouvre des milliers de trous qui avalent routes et bâtiments sans prévenir.";"La mer Morte (hébreu : יָם הַמֶּלַח, Yām HaMélaḥ, « mer de Sel » ; arabe : ٱلْبَحْرُ ٱلْمَيِّت ou arabe : بَحْر لُوط Bahr-Lût « mer de Loth ») est un lac salé du Proche-Orient partagé entre Israël, la Jordanie et la Cisjordanie."
Q384071;cosmos;"Message d'Arecibo";"Arecibo message";"phare";7;2;ecrit;"fr";2026-09-03;2026-09-07;;"Envoyé en 1974 vers un amas d'étoiles situé à 25 000 années-lumière, il arrivera à un endroit que l'amas aura quitté.";"The Arecibo message is an interstellar radio message carrying basic information about humanity and Earth that was sent to the globular cluster Messier 13 (M13) in 1974."
Q431381;cosmos;"Meteor Crater";"Meteor Crater";"phare";7;2;ecrit;"fr";2026-09-03;2026-09-07;;"Daniel Barringer a englouti sa fortune pendant vingt-six ans à forer sous ce cratère, en quête d'un bloc de fer qui s'était vaporisé à l'impact.";"Meteor Crater, or Barringer Crater, is an impact crater about 37 mi (60 km) east of Flagstaff and 18 mi (29 km) west of Winslow in the desert of northern Arizona, United States."
Q1930079;cosmos;"Météorite d'Allende";"Allende meteorite";"phare";7;0;publie;"fr";2026-09-03;;2026-09-05;"Elle renferme des grains de poussière fabriqués par des étoiles mortes avant même que le Soleil existe.";"The Allende meteorite is the largest carbonaceous chondrite ever found on Earth. The fireball was witnessed at 01:05 on February 8, 1969, falling over the Mexican state of Chihuahua."
Q1344365;cosmos;"Météorite d'Ensisheim";"Ensisheim meteorite";"phare";7;2;ecrit;"fr";2026-09-03;2026-09-07;;"Tombée en Alsace en 1492, elle fut enchaînée dans une église pour l'empêcher de repartir : la plus ancienne chute conservée d'Europe.";"The Ensisheim meteorite is a stony meteorite that fell on November 7, 1492 in a wheat field outside the walled town of Ensisheim in then Alsace, Further Germany (now France)."
Q1164183;cosmos;"Météorite de Murchison";"Murchison meteorite";"phare";7;0;publie;"fr";2026-09-03;;2026-09-05;"Cette pierre tombée en Australie transportait plus de quatre-vingts acides aminés, dont la plupart n'existent nulle part sur Terre.";"The Murchison meteorite is a meteorite that fell in Australia in 1969 near Murchison, Victoria. It belongs to the carbonaceous chondrite class, a group of meteorites rich in organic compounds."
Q1082769;cosmos;"Météorite de Nakhla";"";"phare";7;4;a-ecrire;"";2026-09-03;;;"En 1911, cette météorite martienne se disloque au-dessus de l'Égypte et un fermier jure qu'un fragment a pulvérisé son chien.";"La météorite de Nakhla, ou simplement Nakhla, est une météorite tombée en Égypte en 1911. C'est la première météorite signalée en Égypte, la troisième météorite martienne connue (après Chassigny et Shergotty), et la première à montrer les signes de processus aqueux sur Mars."
Q232207;sciences;"Méthode de Monte-Carlo";"Monte Carlo method";"phare+saviez";7;0;a-ecrire;"";2026-09-03;;;"Un mathématicien convalescent a inventé la simulation aléatoire en jouant aux réussites, et l'a baptisée du nom du casino où son oncle se ruinait.";"Une méthode de Monte-Carlo, ou méthode Monte-Carlo, est une méthode algorithmique visant à calculer une valeur numérique approchée en utilisant des procédés aléatoires, c'est-à-dire des techniques probabilistes."
Q590039;mysteres;"";"Methuselah (pine tree)";"phare";7;0;a-ecrire;"";2026-09-03;;;"Ce pin de Californie germait il y a près de cinq mille ans, et sa position exacte est tenue secrète pour le protéger des visiteurs.";"L'arbre Mathusalem (Methuselah en anglais) est un pin Bristlecone (Pinus longaeva) situé aux États-Unis dénommé ainsi car il est considéré, depuis 1964, comme l'un des organismes vivants non-clonaux parmi les plus âgés de la planète."
Q200250;arts;"Métropole";"Metropolis";"phare";7;0;a-ecrire;"";2026-09-03;;;"Un quart du film manquait depuis 1927, jusqu'à ce qu'une copie longue refasse surface dans un musée de Buenos Aires.";"Une métropole (dérivé du bas latin metropolis « capitale d'une province », lui-même du grec ancien μητρόπολις / mētrópolis, « ville-mère ») est la ville principale d'une région géographique ou d'un pays qui est à la tête d'une aire urbaine importante, par sa grande population et par ses activités éc"
Q1021243;mysteres;"Michael Rockefeller";"Michael Rockefeller";"phare";7;2;a-ecrire;"";2026-09-03;;;"Fils du gouverneur de New York, il a dit « je crois que je peux y arriver » avant de nager vers la côte de Nouvelle-Guinée en 1961 ; on ne l'a plus revu.";"Michael Clark Rockefeller (né le 26 mai 1938 – disparu le 19 novembre 1961 déclaré mort en 1964) est le fils cadet du gouverneur de l'État de New York et futur vice-président des États-Unis Nelson Rockefeller."
Q44057;sciences;"Millennium Bridge (Londres)";"Millennium Bridge, London";"phare";7;1;a-ecrire;"";2026-09-03;;;"Le pont s'est mis à osciller latéralement sous les piétons dès son ouverture et a été refermé deux jours plus tard, pour deux ans de travaux.";"Le pont du Millenium (en anglais : Millennium Bridge) est un pont suspendu situé à Londres au Royaume-Uni. Il s'agit d'une passerelle en acier réservée aux piétons enjambant la Tamise pour relier le quartier de Southwark sur la rive gauche à la City de l'autre côté."
Q1134104;vivant;"Mimivirus";"Mimivirus";"phare";7;1;publie;"fr";2026-09-03;;2026-09-05;"Ce virus si gros qu'on l'avait pris pour une bactérie possède plus de mille gènes et attrape lui-même des virus qui le parasitent.";"Mimivirus is a genus of giant viruses, in the family Mimiviridae. It is believed that Amoeba serve as their natural hosts."
Q749121;arts;"Mimolette";"";"phare+saviez";7;1;a-ecrire;"";2026-09-03;;;"Les États-Unis ont bloqué des tonnes de mimolette parce que sa croûte est travaillée par des acariens bien vivants.";"La mimolette, appelée aussi boule de Lille, hollande ou vieux hollande, est un fromage traditionnellement produit en Flandre française d'où elle est originaire, dans la région de Lille."
Q746606;terre;"Mine de Chuquicamata";"Chuquicamata";"phare";7;0;a-ecrire;"";2026-09-03;;;"Un siècle d'extraction a évidé une montagne chilienne sur plus d'un kilomètre de profondeur et cinq kilomètres de long.";"La mine de Chuquicamata, au Chili, est la plus grande mine de cuivre à ciel ouvert du monde. Située dans le désert d'Atacama au nord du Chili à 15 km de la ville de Calama et à 250 km au nord-est d'Antofagasta, cette mine contient à elle seule 13 % des réserves mondiales de cuivre."
Q827568;cosmos;"Minimum de Maunder";"Maunder Minimum";"phare";7;0;ecrit;"fr";2026-09-03;2026-09-07;;"Pendant soixante-dix ans, le Soleil n'a presque plus eu de taches, et l'Europe a grelotté sous des hivers extrêmes.";"The Maunder Minimum, also known as the ""prolonged sunspot minimum"", was a period around 1645 to 1715 during which sunspots became exceedingly rare. During the 28-year period 1672–1699 within the minimum, observations revealed fewer than 50 sunspots."
Q12965;cosmos;"Mira (étoile)";"Mira";"phare";7;1;ecrit;"fr";2026-09-03;2026-09-07;;"Cette étoile variable traîne derrière elle une queue de matière de treize années-lumière, découverte seulement en 2007.";"Mira (pronounced , MY-rə) is a binary star system in the constellation Cetus. It has the Bayer designation Omicron Ceti, which is Latinized from ο Ceti, and abbreviated Omicron Cet or ο Cet."
Q1576091;arts;"Miserere (Allegri)";"Miserere (Allegri)";"phare";7;0;a-ecrire;"";2026-09-03;;;"Le Vatican interdisait de copier la partition ; Mozart, à quatorze ans, l'a notée de mémoire après une seule audition.";"Le Miserere ou Miserere mei, Deus, selon l'incipit du Psaume 50, est une œuvre de polyphonie composée vers 1638 pour le chœur de la chapelle Sixtine par Gregorio Allegri, chapelain du pape Urbain VIII."
Q311708;vivant;"";"Mixotricha";"phare";7;0;publie;"fr";2026-09-03;;2026-09-05;"Ce protiste du ventre des termites ne nage pas avec ses cils : un quart de million de bactéries fixées sur lui rament en cadence, cinq organismes en un.";"Mixotricha paradoxa is a species of protozoan that lives inside the gut of the Australian termite species Mastotermes darwiniensis. It is composed of five different organisms: three bacterial ectosymbionts live on its surface for locomotion and at least one endosymbiont lives inside to help digest cellulose in wood to produce acetate for its host(s)."
Q516651;terre;"";"Moeraki Boulders";"phare";7;0;a-ecrire;"";2026-09-03;;;"Des sphères de pierre de deux mètres, presque parfaites, émergent d'une plage néo-zélandaise après soixante millions d'années de croissance.";"Les Moeraki Boulders sont des rochers sphériques exceptionnellement grands situés à Koekohe Beach sur le platier de la baie d'Otago, entre Moeraki et Hampden, sur l'Île du Sud, en Nouvelle-Zélande."
Q546974;histoire;"Mokusatsu";"Mokusatsu";"phare";7;1;ecrit;"fr";2026-09-03;2026-09-07;;"Un mot japonais ambigu dans la réponse à l'ultimatum de Potsdam a peut-être été compris comme un refus méprisant.";"Mokusatsu (黙殺) is a Japanese word meaning ""ignore"", ""take no notice of"" or ""treat with silent contempt"". It is written with two kanji: 黙 (moku ""silence"") and 殺 (satsu ""killing"")."
Q2002185;arts;"Momies du Tarim";"Tarim mummies";"phare";7;0;a-ecrire;"";2026-09-03;;;"Des corps aux cheveux clairs, vêtus d'étoffes à carreaux évoquant le tartan, reposent depuis presque quatre mille ans en plein désert chinois.";"Les momies du Tarim sont une série de momies datant des IIe et Ier millénaire av. J.-C., découvertes en Chine occidentale, dans le bassin du Tarim."
Q17243;arts;"Monopoly";"Monopoly (game)";"phare+saviez";7;0;a-ecrire;"";2026-09-03;;;"Des exemplaires spéciaux envoyés aux prisonniers de guerre cachaient des cartes en soie, une boussole et de vrais billets de banque.";"Le Monopoly (litt. « monopole » en anglais) est un jeu de société américain édité par Hasbro. Le but du jeu consiste à ruiner ses adversaires par des opérations immobilières."
Q188982;terre;"Mont Erebus";"Mount Erebus";"phare+saviez";7;2;a-ecrire;"";2026-09-03;;;"Le volcan antarctique projette des cristaux d'or minuscules, dispersés sur des dizaines de kilomètres de glace.";"Le mont Erebus, dont le sommet culmine à 3 794 mètres d'altitude, est un volcan d'Antarctique situé sur l'île de Ross, dans la mer de Ross, ce qui en fait le volcan en activité le plus austral du monde."
Q4777;terre;"Mont Roraima";"Mount Roraima";"phare";7;1;a-ecrire;"";2026-09-03;;;"Ce plateau isolé par des falaises de mille mètres abrite des plantes qui n'existent nulle part ailleurs sur Terre.";"Le mont Roraima est une montagne d'Amérique du Sud partagée entre le Brésil, le Guyana et le Venezuela. Il s'agit d'un tepuy, une montagne tabulaire caractéristique du plateau des Guyanes."
Q1853477;terre;"Mont Thor";"Mount Thor";"phare";7;0;a-ecrire;"";2026-09-03;;;"Sa paroi tombe à la verticale sur mille deux cent cinquante mètres : un objet lâché du sommet ne touche rien avant le sol.";"Le mont Thor (en anglais Mount Thor ou Thor Peak) est une montagne granitique dans le parc national d'Auyuittuq sur l'île de Baffin dans le territoire canadien du Nunavut."
Q1468887;terre;"Morning Glory (nuage)";"Morning Glory cloud";"phare";7;3;a-ecrire;"";2026-09-03;;;"Un rouleau de nuage de mille kilomètres de long traverse le nord de l'Australie au petit matin, et les planeurs viennent le surfer.";"Morning Glory est le nom donné à un nuage ou une série de nuages, liés à un phénomène météorologique rare qui peut se produire aux première heures de la matinée (d'où le nom « gloire du matin »), essentiellement de septembre à mi-novembre, dans le golfe de Carpentarie au nord de l’Australie."
Q572801;terre;"";"Mount Washington";"phare";7;0;a-ecrire;"";2026-09-03;;;"Un vent de 372 km/h y a été mesuré en 1934 par des observateurs qui s'attendaient à voir leur bâtiment décoller.";"Le mont Washington est le point culminant du Nord-Est des États-Unis avec une altitude de 1 917 mètres. Il se situe dans les montagnes Blanches dans le comté de Coös."
Q3088431;histoire;"Mutineries de 1917";"1917 French Army mutinies";"phare";7;0;ecrit;"fr";2026-09-03;2026-09-07;;"Des régiments français sont montés en ligne en bêlant comme des moutons; on a fusillé quarante-neuf hommes, puis amélioré les permissions et l'ordinaire.";"The 1917 French Army mutinies took place amongst French Army troops on the Western Front in northern France during World War I. They started just after the unsuccessful and costly Second Battle of the Aisne, the main action in the Nivelle Offensive in April 1917."
Q466430;arts;"Nachos";"Nachos";"phare";7;0;a-ecrire;"";2026-09-03;;;"Un maître d'hôtel mexicain sans cuisinier a improvisé des tortillas gratinées pour des clientes pressées, un soir de 1943.";"Les nachos sont un mets d'origine mexicaine à base de farine de maïs ayant subi le processus de nixtamalisation. Associés à la cuisine tex-mex, ils peuvent être consommés soit rapidement comme collation ou bien avec différents accompagnements afin d'en faire un repas complet."
Q270754;arts;"Nag Hammadi";"Nag Hammadi";"phare+saviez";7;0;a-ecrire;"";2026-09-03;;;"Un paysan égyptien creusant pour trouver de l'engrais a déterré treize codex gnostiques ; sa mère en aurait brûlé une partie.";"Nag Hammadi est une ville de la haute Égypte. À l'origine, dans l'Égypte hellénistique, elle portait le nom de Chenoboskion (en) (en grec Χηνοβόσκιον), ce qui signifie ""le champ où l'on fait paître les oies""."
Q5871;cosmos;"Naine blanche";"White dwarf";"phare+saviez";7;0;ecrit;"fr";2026-09-03;2026-09-07;;"En refroidissant, elle finira par cristalliser en une sphère de carbone de la taille de la Terre — un cadavre en diamant.";"A white dwarf is a very dense type of star: in an Earth-sized volume, it packs a mass that is comparable to the Sun. A white dwarf radiates light from residual heat and eventual crystallization, not from nuclear fusion."
Q846967;mysteres;"Nan Madol";"Nan Madol";"phare";7;3;a-ecrire;"";2026-09-03;;;"Une centaine d'îlots artificiels bâtis en Micronésie avec sept cent cinquante mille tonnes de colonnes de basalte, sans qu'on sache comment on les a déplacées.";"Nan Madol est un site archéologique de l'île de Pohnpei (États fédérés de Micronésie). Le site est constitué d'une série d'îlots artificiels qui furent la capitale de la dynastie Saudeleur jusqu'aux alentours de 1500."
Q3335616;esprit;"Nancy Wexler";"Nancy Wexler";"phare";7;0;a-ecrire;"";2026-09-03;;;"Pour trouver le gène de la maladie qui tuait sa mère, elle a dressé l'arbre généalogique de 18 000 villageois d'un lac vénézuélien.";"Nancy Sabin Wexler (née le 19 juillet 1945 à Washington) est une généticienne américaine titulaire de la chaire de neuropsychologie Higgins à l'université Columbia."
Q6993532;vivant;"";"Neonothopanus gardneri";"phare+saviez";7;1;ecrit;"fr";2026-09-03;2026-09-07;;"Ce champignon brésilien allume sa lumière verte selon une horloge interne, la nuit seulement, pour attirer les insectes qui disperseront ses spores.";"Neonothopanus gardneri, locally known as flor de coco, is a bioluminescent fungus native to Goiás, Piauí and Tocantins states in Brazil. The fungus was first discovered in 1839 by the English botanist George Gardner, after he came across some youths playing with glowing material in the streets of Villa de Natividade in Goiás state in Brazil."
Q148744;vivant;"Nepenthes lowii";"Nepenthes lowii";"insolite+phare";7;0;publie;"fr";2026-09-03;;2026-09-05;"Cette plante carnivore a renoncé aux insectes : sa urne est un perchoir à toilettes pour musaraignes, qui la nourrissent de leurs excréments pendant qu'elles lèchent son nectar.";"Nepenthes lowii (), commonly called Low's pitcher plant, is a tropical pitcher plant endemic to Borneo. It is named after Hugh Low, who discovered it on Mount Kinabalu."
Q1456827;esprit;"Neurogenèse";"Neurogenesis";"phare";7;1;ecrit;"fr";2026-09-03;2026-09-07;;"En mesurant le carbone 14 des essais nucléaires piégé dans l'ADN, on a montré que les neurones de votre cortex ont exactement votre âge.";"La neurogenèse désigne l'ensemble du processus de formation d'un neurone fonctionnel du système nerveux à partir d'une cellule souche neurale. Elle a principalement lieu lors du développement neuronal du cerveau chez l'embryon et l'enfant (« neurogenèse primaire »)."
Q339503;arts;"Newgrange";"Newgrange";"phare";7;0;a-ecrire;"";2026-09-03;;;"Chaque solstice d'hiver, un rayon de soleil entre par une ouverture taillée exprès et remonte dix-neuf mètres de couloir jusqu'à la chambre.";"Newgrange est l’un des plus célèbres sites mégalithiques d'Irlande. Il est situé dans le comté de Meath, au nord de Dublin."
Q131407;vivant;"Nigersaurus";"Nigersaurus";"phare";7;0;ecrit;"fr";2026-09-03;2026-09-07;;"Ce dinosaure broutait au ras du sol avec cinq cents dents alignées comme une tondeuse, remplacées intégralement tous les quatorze jours.";"Nigersaurus est un genre fossile de dinosaures sauropodes diplodocoïdes, rattaché à la famille des rebbachisauridés. Il a vécu durant le Crétacé inférieur, de 118 à 110 millions d'années environ, pendant l'Albien et l'Aptien, dans ce qui est maintenant le Niger."
Q5459028;sciences;"Nitinol";"Nickel titanium";"phare";7;0;a-ecrire;"";2026-09-03;;;"Tordez ce fil métallique en boule, plongez-le dans l'eau chaude : il reprend seul, en une seconde, la forme qu'on lui avait apprise.";"Le nickel-titane, connu aussi sous le nom de Nitinol est un alliage de nickel et de titane, dans lequel ces deux éléments sont approximativement présents dans les mêmes pourcentages."
Q102694;cosmos;"";"Nix (moon)";"phare";7;1;ecrit;"fr";2026-09-03;2026-09-07;;"Cette petite lune de Pluton culbute de façon totalement chaotique : impossible de prédire l'heure de son lever de soleil.";"Nix est un satellite naturel de Pluton, qui portait jusqu'au 22 juin 2006 la désignation provisoire S/2005 P 2 et est également appelé selon la désignation systématique Pluton II."
Q733169;sciences;"Nombre de Graham";"Graham's number";"insolite+phare";7;2;a-ecrire;"";2026-09-03;;;"Ce nombre est si grand qu'un cerveau capable de le contenir s'effondrerait en trou noir, et pourtant on en connaît les derniers chiffres.";"Le nombre de Graham, du nom du mathématicien américain Ronald Graham, est un entier naturel connu pour avoir été longtemps le plus grand entier apparaissant dans une démonstration mathématique."
Q1072840;sciences;"Nombre RSA";"RSA numbers";"phare";7;0;a-ecrire;"";2026-09-03;;;"Un défi que l'on croyait imprenable avant quarante quadrillions d'années a été résolu en dix-sept ans par six cents volontaires reliés par Internet.";"En mathématiques, les nombres RSA sont des nombres semi-premiers (c'est-à-dire des nombres qui ont exactement deux facteurs premiers), tels que ceux utilisés par le chiffrement RSA."
Q48809;sciences;"Oak Ridge (Tennessee)";"Oak Ridge, Tennessee";"phare";7;1;a-ecrire;"";2026-09-03;;;"Une ville de soixante-quinze mille habitants a été bâtie en secret et ne figurait sur aucune carte, ses habitants ignorant ce qu'ils fabriquaient.";"Oak Ridge est une ville américaine située à cheval sur les comtés d'Anderson et de Roane, à 41 kilomètres à l'ouest de Knoxville et à 30 kilomètres au sud-ouest de la petite ville de Clinton dans le Tennessee, État du Sud des États-Unis."
Q1544579;cosmos;"Observatoire de Green Bank";"Green Bank Telescope";"phare";7;2;ecrit;"fr";2026-09-03;2026-09-07;;"Autour de ce radiotélescope, une zone de silence interdit le wifi et les fours à micro-ondes à des milliers d'habitants.";"L'observatoire de Green Bank est connu essentiellement pour héberger le Green Bank Telescope (GBT) qui est le plus grand radiotélescope orientable du monde. Ses équipements font partie du réseau du National Radio Astronomy Observatory (NRAO) et se situe à Green Bank en Virginie-Occidentale aux États-Unis."
Q320638;cosmos;"Observatoire solaire et héliosphérique";"Solar and Heliospheric Observatory";"phare";7;1;ecrit;"fr";2026-09-03;2026-09-07;;"Perdue en 1998 après une erreur de commande, la sonde gelée a été retrouvée au radar, dégelée à distance et remise au travail.";"L’Observatoire solaire et héliosphérique, en anglais Solar and Heliospheric Observatory, en abrégé SoHO, est un observatoire solaire spatial placé en orbite autour du Soleil."
Q1307;sciences;"Oganesson";"Oganesson";"phare+saviez";7;0;a-ecrire;"";2026-09-03;;;"Quelques atomes à peine ont été produits depuis sa découverte, et chacun s'est désintégré en moins d'une milliseconde.";"L’oganesson (symbole Og) est l'élément chimique de numéro atomique 118. Il correspond à l'ununoctium (Uuo) de la dénomination systématique de l'UICPA, et est encore appelé élément 118 dans la littérature."
Q908529;terre;"";"Okinotori";"phare";7;0;a-ecrire;"";2026-09-03;;;"Le Japon a coulé du béton autour de deux rochers grands comme des lits pour conserver quatre cent mille kilomètres carrés d'océan.";"Okinotori-shima (沖ノ鳥島, Okinotorishima) ou île Oki-no-tori est un atoll japonais situé à 1 740 km de Tōkyō, au milieu de la mer des Philippines."
Q160187;cosmos;"";"Ole Rømer";"phare";7;1;ecrit;"fr";2026-09-03;2026-09-07;;"En 1676, le retard des éclipses d'Io lui a suffi pour prouver que la lumière ne se propage pas instantanément.";"Ole Christensen Rømer (ou Römer, ou Rœmer) (1644-1710) est un astronome danois, qui a travaillé à l'Observatoire de Paris dès 1671."
Q862501;arts;"";"Ondes Martenot";"phare";7;0;a-ecrire;"";2026-09-03;;;"On en joue avec une bague au doigt glissant le long d'un fil tendu ; Messiaen en a réclamé six jouant en même temps.";"Les ondes Martenot sont un instrument de musique électronique, inventé par Maurice Martenot et présenté au public en 1928. Un joueur d'ondes Martenot est appelé un ondiste."
Q18398440;vivant;"Onymacris unguicularis";"Onymacris unguicularis";"phare+saviez";7;3;ecrit;"fr";2026-09-03;2026-09-07;;"Ce coléoptère du désert grimpe une dune la nuit et se met la tête en bas pour que le brouillard condensé sur son dos coule dans sa bouche.";"Onymacris unguicularis, le Ténébrion du désert, est une espèce d'insectes coléoptères de la tribu des Amphidorini (sous-famille des Tenebrioninae, famille des Tenebrionidae)."
Q427974;histoire;"Opération Gold";"Operation Gold";"phare";7;3;ecrit;"fr";2026-09-03;2026-09-07;;"Britanniques et Américains ont creusé un tunnel sous Berlin-Est pour écouter les câbles soviétiques, que Moscou surveillait depuis le premier coup de pioche.";"L’opération Gold (opération PBJOINTLY pour la CIA ou opération Stopwatch pour les Britanniques) est une opération conjointe menée par la Central Intelligence Agency (CIA) américaine et le Secret Intelligence Service (SIS ou « MI6 ») britannique dans les années 1950 afin d'obtenir des informations su"
Q127353;vivant;"Ophiocordyceps unilateralis";"Ophiocordyceps unilateralis";"phare";7;4;publie;"fr";2026-09-03;;2026-09-05;"Un champignon qui prend le contrôle d'une fourmi, la fait grimper à la bonne hauteur, la fait mordre une feuille, et la tue.";"Ophiocordyceps unilateralis est un champignon entomopathogène parasitant les fourmis de la tribu des Camponotini, découvert en 1859 par le naturaliste Alfred Russel Wallace."
Q572368;histoire;"";"Oppau explosion";"phare";7;2;ecrit;"fr";2026-09-03;2026-09-07;;"Des ouvriers dynamitaient au quotidien un tas d'engrais compacté pour le décoller; le 21 septembre 1921, le tas a répondu et rasé le village.";"L'explosion d'Oppau survint en Allemagne le 21 septembre 1921. Elle détruisit la majeure partie d'Oppau (commune rattachée à celle de Ludwigshafen en 1938), tua 561 personnes et blessa environ 2 000 personnes."
Q717556;mysteres;"Or de Yamashita";"Yamashita's gold";"phare";7;1;a-ecrire;"";2026-09-03;;;"Un serrurier philippin a affirmé avoir trouvé un bouddha d'or du butin japonais ; un tribunal lui a accordé des dizaines de millions de dollars pour sa saisie.";"L'or de Yamashita, aussi appelé le trésor de Yamashita, est le nom donné à un butin de guerre de l'armée impériale japonaise dérobé dans toute l'Asie du Sud-Est durant la Seconde Guerre mondiale, et prétendument dissimulé aux Philippines dans des grottes, des tunnels, des complexes souterrains, ou simplement enterré en divers endroits."
Q15837802;arts;"Ossian";"Ossian";"insolite+phare";7;3;a-ecrire;"";2026-09-03;;;"Les poèmes d'un barde gaélique du IIIe siècle, adorés de Napoléon et de Goethe, avaient été écrits par leur propre « traducteur ».";"Ossian (ou Oisín, signifiant « petit faon » en irlandais), est un barde écossais du IIIe siècle, fils de Fingal et Sadhbh (en). Il serait l’auteur d’une série de poèmes dits « gaéliques » traduits et publiés en anglais entre 1760 et 1763 par le poète James Macpherson, qui eurent un énorme retentissement dans toute l'Europe."
Q77173;esprit;"Otto Loewi";"Otto Loewi";"phare";7;0;a-ecrire;"";2026-09-03;;;"L'expérience qui a prouvé la transmission chimique entre neurones lui est apparue en rêve, deux nuits de suite, et lui a valu le Nobel.";"Otto Loewi (prononcé en allemand : [ˈɔtoː ˈløːvi]), né le 3 juin 1873 à Francfort-sur-le-Main (Allemagne) et mort le 25 décembre 1961 à New York (États-Unis), est un pharmacologiste et psychobiologiste allemand."
Q501833;terre;"Ouadi Al-Hitan";"Wadi al Hitan";"phare";7;2;a-ecrire;"";2026-09-03;;;"En plein désert égyptien reposent des centaines de squelettes de baleines qui possédaient encore des pattes arrière.";"Le Ouadi Al-Hitan (arabe : وادي الحيتان), ou - littéralement - la vallée des Baleines, est un oued situé dans le désert occidental de l’Égypte, à l'ouest du Fayoum, à 150 km au sud-ouest du Caire."
Q33609;vivant;"Ours blanc";"Polar bear";"phare+saviez";7;1;ecrit;"fr";2026-09-03;2026-09-07;;"Ses poils sont creux et transparents, sa peau est noire, et il est si bien isolé qu'il reste presque invisible en caméra thermique.";"L'ours blanc (Ursus maritimus), aussi connu sous le nom d'ours polaire, est un grand mammifère omnivore (à prédominance carnivore) originaire de l'Arctique. C'est, avec l'ours kodiak et l'éléphant de mer, l'un des plus grands carnivores terrestres et il préside au sommet de sa pyramide alimentaire."
Q7113819;arts;"";"Overlord Embroidery";"phare";7;0;a-ecrire;"";2026-09-03;;;"Une broderie de quatre-vingt-trois mètres, imitant l'art médiéval, raconte le Débarquement scène par scène.";"The Overlord Embroidery, echoing the Bayeux Tapestry created 900 years before to commemorate the reverse invasion of England from Normandy, is a narrative embroidery that depicts the story of the D-Day Landings of 6 June 1944 and the subsequent Battle of Normandy."
Q419868;terre;"";"Painite";"phare";7;0;a-ecrire;"";2026-09-03;;;"Pendant quarante ans, ce minéral birman n'a existé qu'à trois exemplaires connus dans le monde entier.";"La painite est une espèce minérale du groupe des borates et du sous-groupe des nésoborates (inselborates), de formule CaZrAl9O15(BO3)."
Q1139081;terre;"Palais des beaux-arts de Mexico";"Palacio de Bellas Artes";"phare+saviez";7;1;a-ecrire;"";2026-09-03;;;"Le bâtiment s'est enfoncé de plusieurs mètres dans le lit de l'ancien lac asséché sur lequel la ville tout entière repose.";"Le Palais des beaux-arts de Mexico (en espagnol : Palacio de Bellas Artes) est le premier opéra de Mexico. Il fut dessiné par l'architecte italien Adamo Boari en 1901 pour remplacer l'ancien Gran Teatro Nacional (es) détruit à cette date, mais sa construction ne fut terminée qu'en 1934."
Q1889560;vivant;"";"Palola viridis";"phare";7;0;ecrit;"fr";2026-09-03;2026-09-07;;"À une nuit de lune précise, la moitié arrière de ces vers se détache, remonte nager seule et libère les gamètes ; les habitants la ramassent au filet.";"Le Ver palolo (Palola viridis) est une espèce d'invertébrés de la famille des Eunicidae. Il vit dans les récifs coralliens tropicaux."
Q17705;cosmos;"";"Pan (moon)";"phare+saviez";7;2;ecrit;"fr";2026-09-03;2026-09-07;;"Cette lune de Saturne a la forme exacte d'un ravioli, à cause de la matière des anneaux collée sur son équateur.";"Pan (S XVIII Pan) est un satellite naturel de Saturne."
Q14084932;vivant;"";"Pandoravirus";"phare";7;1;ecrit;"fr";2026-09-03;2026-09-07;;"Ce virus géant dépasse en taille certaines bactéries et possède deux mille cinq cents gènes dont plus de quatre-vingt-dix pour cent sont inconnus.";"Pandoravirus est un genre de virus géants de la famille des Pandoraviridae. Ni le genre ni la famille ne sont encore intégrés par l'ICTV en 2024 (leur position phylogénétique est actuellement incluse parmi les Phycodnaviridae)."
Q1753248;arts;"Panorama de Racławice";"Racławice Panorama";"phare";7;1;a-ecrire;"";2026-09-03;;;"Cette toile circulaire de cent quatorze mètres est restée cachée quarante ans par les autorités communistes avant d'être exposée.";"Le Panorama de Racławice est une fresque picturale panoramique de 114 mètres pour 15 mètres de hauteur retraçant la bataille de Racławice durant l'insurrection de Kościuszko en 1794."
Q1738414;arts;"Panorama Mesdag";"";"phare";7;2;a-ecrire;"";2026-09-03;;;"On regarde ce panorama de 1881 depuis une dune de vrai sable, où traînent de vrais filets de pêche.";"Le Panorama Mesdag, peint par Hendrik Willem Mesdag en 1880-1881, est une peinture cylindrique de plus de 14 mètres de haut, 40 mètres de diamètre et 120 mètres de circonférence, conservée dans un édifice éponyme à La Haye aux Pays-Bas."
Q99309;arts;"Panthéon (Rome)";"Pantheon, Rome";"phare+saviez";7;0;a-ecrire;"";2026-09-03;;;"Le bronze du portique a été fondu au XVIIe siècle pour un baldaquin et des canons, ce qui a inspiré un dicton féroce aux Romains.";"Le Panthéon de Rome est un édifice religieux antique situé sur la piazza della Rotonda (Rome), bâti sur l'ordre d'Agrippa en 27 av. J.-C. À l’origine, le Panthéon est un temple consacré à toutes les divinités de la religion romaine."
Q243811;histoire;"Papesse Jeanne";"Pope Joan";"insolite+phare";7;3;ecrit;"fr";2026-09-03;2026-09-07;;"Une légende tenace raconte qu'une femme a régné sur l'Église au IXe siècle, jusqu'à ce qu'elle accouche en pleine procession.";"La papesse Jeanne est un personnage légendaire, qui, au IXe siècle, aurait accédé à la papauté en se faisant passer pour un homme. Son pontificat sous le nom de Jean VIII est généralement placé entre 855 et 858 (un peu plus de 25 mois), c'est-à-dire entre celui de Léon IV et Benoît III, au moment de l'usurpation de l'antipape Anastase le Bibliothécaire."
Q19806;sciences;"Papier bulle";"Bubble wrap";"phare+saviez";7;1;a-ecrire;"";2026-09-03;;;"Il a d'abord été vendu comme papier peint, puis comme isolant de serre, avant qu'un fabricant d'ordinateurs n'en fasse un emballage.";"Le papier bulle, parfois appelé plastique à bulle, est un matériau plastique transparent utilisé en général pour emballer des objets fragiles. Des hémisphères protubérants remplis d'air (les « bulles ») sont régulièrement espacés pour procurer un coussin protégeant les objets précieux ou fragiles."
Q33580;cosmos;"Paradoxe de Fermi";"Fermi paradox";"phare";7;0;ecrit;"fr";2026-09-03;2026-09-07;;"L'univers a 13,8 milliards d'années et des milliards de mondes habitables : le silence total est en soi une donnée terrifiante.";"Le paradoxe de Fermi est le nom donné à une série de questions que s'est posées le physicien italien Enrico Fermi en 1950, alors qu'il débattait avec des amis de la possibilité d'une vie extraterrestre et d'une visite d'extraterrestres."
Q1700475;arts;"Patolli";"Patolli";"phare";7;1;a-ecrire;"";2026-09-03;;;"Les joueurs aztèques pariaient parfois leur propre liberté ; les Espagnols ont interdit le jeu et brûlé les nattes de jeu.";"Le patolli est un des plus vieux jeux pratiqués en Mésoamérique et de nombreux peuples indigènes se sont distraits avec tels que les habitants de Teotihuacan, les Toltèques, les Mayas ou les Aztèques."
Q218575;sciences;"Percival Lowell";"Percival Lowell";"phare";7;1;a-ecrire;"";2026-09-03;;;"Un astronome fortuné a cartographié pendant vingt ans des centaines de canaux martiens qui n'existaient que dans les vaisseaux de son propre œil.";"Percival Lawrence Lowell (né le 13 mars 1855 à Boston (Massachusetts) et mort le 13 novembre 1916 à Flagstaff (Arizona)) est un homme d'affaires, mathématicien, auteur, astronome amateur américain."
Q25377830;terre;"Période de Brunhes";"";"phare";7;3;a-ecrire;"";2026-09-03;;;"Il y a quarante-deux mille ans, le champ magnétique terrestre s'est effondré à quelques pour cent de sa force pendant plusieurs siècles.";"La période de Brunhes est la période géomagnétique actuelle ; elle a commencé il y a 780 000 ans (780 ka en notation scientifique). Elle est ainsi nommée en hommage au géophysicien français Bernard Brunhes (1867-1910), découvreur des inversions du champ magnétique terrestre."
Q542495;terre;"Pertes du Danube";"Danube Sinkhole";"phare+saviez";7;2;a-ecrire;"";2026-09-03;;;"Le Danube s'engouffre dans des fissures et ressort douze kilomètres plus loin dans un autre fleuve, qui se jette dans une autre mer.";"Les pertes du Danube, en allemand Donauversinkung, sont le phénomène de disparition dans le sol, appelé perte en hydrologie, des eaux du Danube sur plusieurs kilomètres entre les communes d'Immendingen et de Fridingen, en Allemagne."
Q1936002;histoire;"Peste de Marseille (1720)";"Great Plague of Marseille";"phare+saviez";7;7;ecrit;"fr";2026-09-03;2026-09-07;;"Le capitaine du Grand-Saint-Antoine a obtenu de décharger sa cargaison de soie malgré la quarantaine, et la moitié de la ville y est passée.";"La peste de Marseille de 1720 est la dernière grande épidémie de peste à s’être produite en France, correspondant à une résurgence de la deuxième pandémie de peste."
Q3377087;esprit;"Petit Albert (grimoire)";"Petit Albert";"phare";7;0;ecrit;"fr";2026-09-03;2026-09-07;;"En 1920, des chercheurs ont appris à un bébé à craindre un rat blanc, puis tout ce qui était blanc et poilu, manteau de fourrure compris.";"Le Petit Albert est un grimoire dit « de magie », peut-être inspiré par les écrits de saint Albert le Grand et qui est, selon l'avis des historiens, une forgerie du XVIIe siècle."
Q2508238;arts;"Phare du cap Hatteras";"Cape Hatteras Lighthouse";"phare";7;1;a-ecrire;"";2026-09-03;;;"Un phare de quatre mille huit cents tonnes a été déplacé de huit cents mètres sur des rails pour fuir l'océan qui l'atteignait.";"Le phare du cap Hatteras est un aide à la navigation situé aux États-Unis sur le cap Hatteras, près du village de Buxton. Ce cap fait partie des Outer Banks, une série d’îles sur un banc de sable à l'extrémité est de la Caroline du Nord à l'intérieur du parc national Cape Hatteras National Seashore."
Q99929671;vivant;"";"Philodendron bipinnatifidum";"phare";7;0;ecrit;"fr";2026-09-03;2026-09-07;;"Cette plante maintient sa fleur à trente-huit degrés pendant deux nuits, même à quatre degrés dehors, en brûlant ses propres réserves de graisse.";"Philodendron bipinnatifidum, synonyms including Thaumatophyllum bipinnatifidum and Philodendron selloanum, (common names: split-leaf philodendron, lacy tree philodendron, selloum, horsehead philodendron, guaimbé) is a plant in the genus Philodendron, in the family Araceae."
Q134950;vivant;"Physarum polycephalum";"Physarum polycephalum";"phare+saviez";7;1;publie;"fr";2026-09-03;;2026-09-05;"Cet être unicellulaire sans neurone traverse un labyrinthe par le chemin le plus court et a reconstitué le plan du réseau ferroviaire de Tokyo en une nuit.";"Physarum polycephalum, plus couramment appelé blob, est une espèce unicellulaire de myxomycète de l'ordre des Physarales, vivant dans les milieux frais et humides tels que les tapis de feuilles mortes des forêts ou le bois mort."
Q21446362;vivant;"Physeteroidea";"Physeteroidea";"phare";7;1;ecrit;"fr";2026-09-03;2026-09-07;;"Ses clics dépassent deux cent trente décibels, il dort à la verticale par groupes flottants, et chaque clan possède son propre dialecte de codas.";"Les physétéroïdes (Physeteroidea) sont une super-famille de cétacés odontocètes communément appelés cachalots. Ils ne comptent plus que trois espèces vivantes : le grand cachalot, dans le genre Physeter, le cachalot pygmée et le cachalot nain dans le genre Kogia."
Q969351;mysteres;"Pierre runique de Kensington";"Kensington Runestone";"phare";7;4;a-ecrire;"";2026-09-03;;;"Un fermier du Minnesota a déterré en 1898 une pierre runique racontant un massacre de Vikings en 1362, en plein cœur de l'Amérique du Nord.";"La pierre runique de Kensington est une pierre plate rectangulaire en grauwacke couverte de runes sur sa face et son côté. Son origine et sa signification ont été contestées depuis sa « découverte » en 1898 à Solem Township près de la ville de Kensington dans le (comté de Douglas) dans le centre de l'État américain du Minnesota."
Q643309;arts;"Pile électrique de Bagdad";"Baghdad Battery";"phare";7;1;a-ecrire;"";2026-09-03;;;"Un vase, un cylindre de cuivre et une tige de fer : certains y ont vu une pile électrique vieille de deux mille ans.";"La « pile électrique de Bagdad » est le surnom donné à une poterie datant du IIIe siècle av. J.-C., découverte en 1936 dans un village près de Bagdad dans l'actuel Irak."
Q30990;terre;"Plymouth (Montserrat)";"Plymouth, Montserrat";"insolite+phare";7;4;a-ecrire;"";2026-09-03;;;"Ensevelie sous des mètres de cendres et totalement vide, cette ville reste officiellement la capitale d'un territoire britannique.";"Plymouth est la capitale du territoire britannique d'outre-mer de Montserrat, située dans la paroisse de Saint Anthony. La ville a été abandonnée lors de l'éruption du volcan de la Soufrière situé à environ 4 kilomètres à l'est de la ville qui a été dévastée à partir du 18 juillet 1995."
Q756800;esprit;"Poivre de Sichuan";"Sichuan pepper";"phare";7;0;ecrit;"fr";2026-09-03;2026-09-07;;"Le picotement des lèvres correspond exactement à une vibration de cinquante hertz : la molécule pirate vos récepteurs du toucher.";"Le poivre du Sichuan, parfois appelé poivre chinois (花椒 pinyin : huājiāo, « poivre fleur » ; 山椒 shānjiāo, « poivre de montagne » ; 川椒 chuānjiāo, « poivre de Sichuan » ; 秦椒 qínjiāo, poivre de l'État de Qin) ou fruit sec du Sichuan, est une épice asiatique tirée de la coque du fruit de deux espèces d'"
Q1931232;terre;"";"Pororoca";"phare";7;0;a-ecrire;"";2026-09-03;;;"Une vague de quatre mètres remonte l'Amazone sur des centaines de kilomètres et se surfe pendant une demi-heure d'affilée.";"The Pororoca (Portuguese pronunciation: [pɔɾɔˈɾɔkɐ], [poɾoˈɾɔkɐ]) is a tidal bore, with waves up to 4 m (13 ft) high that travel as much as 800 km (500 mi) inland upstream on the Amazon River and adjacent rivers."
Q354396;arts;"Portrait d'Adele Bloch-Bauer I";"Portrait of Adele Bloch-Bauer I";"phare+saviez";7;0;a-ecrire;"";2026-09-03;;;"Rebaptisée « la Dame en or » par les nazis pour effacer un nom juif, la toile a été rendue à une héritière après des années de procès.";"Le Portrait d'Adele Bloch-Bauer I, également appelé La Dame en or ou La Femme en or (en allemand : Die Frau in Gold ou Goldene Adele), est un tableau du peintre symboliste autrichien Gustav Klimt, réalisé entre 1903 et 1907."
Q369865;sciences;"";"Pound–Rebka experiment";"phare";7;0;a-ecrire;"";2026-09-03;;;"Le ralentissement du temps par la gravitation a été mesuré sur vingt-deux mètres de hauteur, dans la cage d'escalier d'un bâtiment universitaire.";"L'expérience de Pound et Rebka est la première mise en évidence du décalage gravitationnel vers le rouge (tests expérimentaux de la relativité générale). Réalisée en 1960, Robert Pound et Glen Rebka ont utilisé l'effet Mössbauer découvert un an plus tôt."
Q446186;histoire;"Princesse Caraboo";"";"phare";7;4;ecrit;"fr";2026-09-03;2026-09-07;;"Une servante anglaise a inventé une langue et un royaume asiatique fictif, et la haute société l'a hébergée dix semaines comme une princesse naufragée.";"Mary Baker (née Willcocks), née le 11 novembre 1792 à Witheridge, Devonshire, (Royaume-Uni) et morte le 24 décembre 1864 à Bristol (Royaume-Uni), est une domestique et aventurière britannique qui s'est fait passer pour une princesse nommée Caraboo originaire d'un royaume insulaire lointain."
Q198835;sciences;"Problème de Monty Hall";"Monty Hall problem";"insolite+phare";7;0;a-ecrire;"";2026-09-03;;;"Quand une chroniqueuse a donné la bonne réponse dans un magazine, un millier de titulaires de doctorat lui ont écrit pour la traiter d'ignorante.";"Le problème de Monty Hall est un jeu mathématique, directement inspiré du jeu télévisé américain Let's Make a Deal. Il porte le nom de l'animateur qui a longtemps présenté ce jeu aux États-Unis, Monty Hall."
Q17265625;sciences;"Problème des 100 prisonniers";"100 prisoners problem";"phare";7;3;a-ecrire;"";2026-09-03;;;"Cent prisonniers doivent retrouver leur numéro dans cinquante boîtes ; une stratégie fait passer leurs chances de quasiment zéro à plus de trente pour cent.";"Le problème des 100 prisonniers est un problème mathématique de probabilités et de combinatoire. Dans l'énoncé de ce problème, cent prisonniers numérotés doivent trouver leur propre numéro dans l'un des 100 tiroirs pour survivre."
Q1411630;histoire;"Procès d'animaux";"Animal trial";"insolite+phare";7;2;publie;"fr";2026-09-03;;2026-09-05;"Des tribunaux européens ont jugé des cochons, des rats et des hannetons, avec avocats commis d'office et sentences exécutées publiquement.";"Les procès intentés aux animaux étaient des procès dans lesquels l'accusé était un animal qui se voyait reprocher un délit, un crime ou un dommage comme il l'aurait été à un être humain, en principe seul sujet de droit ou justiciable."
Q18645284;vivant;"Prochlorococcus";"Prochlorococcus";"phare";7;2;ecrit;"fr";2026-09-03;2026-09-07;;"L'organisme photosynthétique le plus abondant de la planète, invisible et découvert seulement en 1988, produit une bonne part de l'oxygène que vous respirez.";"Prochlorococcus est un genre de cyanobactéries marines photosynthétiques, qui peut être classé parmi les picoprocaryotes (très petits unicellulaires). Sa taille est d'environ 0,6 μm et appartient au bactérioplancton."
Q46388;histoire;"Prohibition";"Prohibition";"phare+saviez";7;0;ecrit;"fr";2026-09-03;2026-09-07;;"Le gouvernement a délibérément empoisonné l'alcool industriel, tuant des milliers de buveurs pour décourager la contrebande.";"La prohibition désigne surtout la période, de 1920 à 1933 aux États-Unis, pendant laquelle un amendement à la Constitution des États-Unis interdit la fabrication, le transport, la vente, l'importation et l'exportation de boissons alcoolisées."
Q696328;sciences;"Projet Venona";"Venona project";"phare";7;1;a-ecrire;"";2026-09-03;;;"Des télégrammes soviétiques réputés inviolables ont été lus parce qu'un atelier surchargé avait imprimé deux fois les mêmes pages de clés.";"Le projet Venona est le travail de cryptanalyse effectué par les services de renseignement américains pour tenter de casser les codes des communications des services de renseignement soviétiques, émises de 1940 à 1948."
Q83160;vivant;"Prométhée";"Prometheus";"phare";7;1;ecrit;"fr";2026-09-03;2026-09-07;;"Un étudiant a abattu cet arbre en 1964 pour compter ses cernes et a découvert, une fois au sol, qu'il venait de tuer le plus vieil arbre connu.";"Dans la mythologie grecque, Prométhée (en grec ancien Προμηθεύς / Promētheús, « le Prévoyant ») est un Titan. Figure héritée du « transmetteur du feu », Prométhée est surtout connu pour avoir dérobé le feu sacré de l'Olympe pour en faire don aux humains."
Q25474080;arts;"";"Proto-Elamite script";"phare";7;2;a-ecrire;"";2026-09-03;;;"La plus ancienne écriture non déchiffrée du monde résiste depuis cinq mille ans, malgré des milliers de tablettes numérisées en haute définition.";"Le proto-élamite, l'écriture proto-élamite ou l'écriture proto-iranienne ancienne est un système d'écriture associé à l'Élam antique (sud-ouest de l'Iran actuel), plus précisément la période proto-élamite vers 3300 à 2800 av."
Q2061593;vivant;"Prototaxites";"Prototaxites";"phare";7;5;ecrit;"fr";2026-09-03;2026-09-07;;"Il y a quatre cents millions d'années, avant les arbres, les plus hauts organismes terrestres étaient probablement des champignons de huit mètres de haut.";"Prototaxites est un genre fossile découvert en 1859."
Q165316;arts;"Pruitt-Igoe";"Pruitt–Igoe";"phare";7;1;a-ecrire;"";2026-09-03;;;"Un ensemble de logements primé par la critique architecturale a été dynamité vingt ans à peine après son inauguration.";"Pruitt-Igoe était un grand quartier d'habitat social construit dans les années 1950 à Saint-Louis (Missouri) aux États-Unis. Il comportait 33 immeubles et 2 870 logements."
Q23034816;vivant;"";"Pseudideonella sakaiensis";"phare";7;3;ecrit;"fr";2026-09-03;2026-09-07;;"Découverte dans une décharge japonaise, cette bactérie digère le plastique PET et peut faire disparaître un film fin en six semaines.";"Ideonella sakaiensis est une bactérie découverte au Japon et capable grâce à une enzyme spécifique de dégrader le plastique de type polytéréphtalate d’éthylène (PET) dans une certaine mesure et sous certaines conditions de mise en culture."
Q44096428;vivant;"";"Pseudoliparis swirei";"phare";7;0;ecrit;"fr";2026-09-03;2026-09-07;;"Ce poisson gélatineux vit à huit mille mètres sous une pression de huit cents atmosphères, et son corps se dissout dans l'eau chaude de la surface.";"Pseudoliparis swirei, la Limace de mer des Mariannes, est une espèce de poissons de la famille des Liparidae."
Q15057245;cosmos;"PSO J318.5-22";"PSO J318.5−22";"phare";7;1;ecrit;"fr";2026-09-03;2026-09-07;;"Une géante gazeuse erre seule dans la Galaxie, sans étoile, tiède et couverte de nuages de poussière brûlante.";"PSO J318.5-22, de son nom complet PSO J318.5338−22.8603, est un objet libre de masse planétaire, possiblement une planète, découverte le 15 septembre 2010 et confirmée en 2013, située à 84 années-lumière de la Terre."
Q528;cosmos;"PSR B1257+12";"PSR B1257+12";"phare";7;3;ecrit;"fr";2026-09-03;2026-09-07;;"Les premières exoplanètes confirmées tournent autour d'un cadavre d'étoile qui les balaye de rayonnements mortels.";"PSR B1257+12 ou PSR J1300+1240, aussi nommé Liche, est un pulsar situé à une distance d'environ 2 312,446 0 années-lumière (700 parsecs) du Soleil, dans la constellation zodiacale de la Vierge."
Q867906;cosmos;"PSR B1620-26 b";"PSR B1620−26 b";"phare";7;2;ecrit;"fr";2026-09-03;2026-09-07;;"Cette planète a 12,7 milliards d'années : elle s'est formée moins d'un milliard d'années après le Big Bang.";"PSR B1620-26 b, parfois appelée PSR B1620-26 c, surnommée de façon non officielle Mathusalem ou plus rarement la « planète de la Genèse », est une exoplanète circumbinaire d'environ 2,5 masses joviennes découverte en 1993 autour d'un système binaire distant d'environ 12 400 années-lumière (3,8 kpc)"
Q459608;arts;"Pyramide rhomboïdale";"Bent Pyramid";"phare";7;1;a-ecrire;"";2026-09-03;;;"Les bâtisseurs ont brusquement changé l'angle en pleine construction, laissant pour l'éternité une pyramide cassée en deux pentes.";"La pyramide rhomboïdale a été construite pour le roi Snéfrou à Dahchour en Égypte. Sa forme particulière en fait une tentative avortée de pyramide à faces lisses, dernier stade de l'évolution des pyramides."
Q1420828;vivant;"Quatre-temps (plante)";"Cornus canadensis";"phare";7;0;ecrit;"fr";2026-09-03;2026-09-07;;"Sa fleur s'ouvre en moins d'un demi-millième de seconde et catapulte son pollen à dix fois l'accélération d'un astronaute au décollage.";"Le Quatre-temps (Cornus canadensis), aussi nommé cornouiller du Canada, est une espèce de plante de la famille des Cornaceae. Il est une plante herbacée, ligneuse seulement à la base."
Q1683795;arts;"Quatuor pour la fin du Temps";"Quatuor pour la fin du temps";"phare";7;2;a-ecrire;"";2026-09-03;;;"Messiaen l'a créé dans un camp de prisonniers en 1941, devant des milliers de détenus, sur un violoncelle auquel manquait une corde.";"Le Quatuor pour la fin du Temps est une œuvre musicale en huit mouvements d'Olivier Messiaen écrite pour violon, violoncelle, clarinette et piano. Cependant, les quatre instruments ne jouent véritablement ensemble que dans quatre mouvements."
Q7274291;esprit;"";"R v Parks";"phare";7;0;a-ecrire;"";2026-09-03;;;"Il a conduit vingt-trois kilomètres endormi et commis un crime dont il n'a aucun souvenir ; le tribunal l'a acquitté pour somnambulisme.";"R. c. Parks est un arrêt de principe de la Cour suprême du Canada rendu en 1992 sur la défense d'automatisme en droit pénal."
Q815835;cosmos;"R136a1";"R136a1";"phare";7;6;ecrit;"fr";2026-09-03;2026-09-07;;"L'étoile la plus massive connue pèse environ deux cents Soleils et brille plusieurs millions de fois plus fort.";"R136a1 est une étoile de type Wolf-Rayet située dans l'amas stellaire R136. En date de 2018, elle est considérée comme l'étoile la plus massive et la plus lumineuse connue de l'univers observable."
Q327590;terre;"Racetrack Playa";"";"phare";7;0;a-ecrire;"";2026-09-03;;;"Des rochers de plusieurs centaines de kilos se déplacent seuls en laissant des sillons ; il a fallu un siècle pour comprendre pourquoi.";"Racetrack Playa est un lac asséché de manière saisonnière (playa) des États-Unis situé au nord des Panamint Mountains, dans le parc national de la vallée de la Mort, en Californie, d'une longueur de 3,5 km."
Q44547;cosmos;"Radiotélescope d'Arecibo";"Arecibo Telescope";"phare";7;3;ecrit;"fr";2026-09-03;2026-09-07;;"Le géant de 305 mètres s'est effondré sur lui-même en décembre 2020, filmé par un drone qui passait par là.";"Le radiotélescope d’Arecibo était situé à Arecibo sur la côte nord de l’île de Porto Rico. Il est jusqu'en 2016 le plus grand radiotélescope simple jamais construit."
Q1827255;cosmos;"Radiotélescope sphérique de cinq cents mètres d'ouverture";"Five-hundred-meter Aperture Spherical Telescope";"phare";7;2;ecrit;"fr";2026-09-03;2026-09-07;;"Pour installer ce miroir de cinq cents mètres dans une doline chinoise, on a déplacé près de neuf mille villageois.";"Le radiotélescope sphérique de cinq cents mètres d'ouverture (chinois traditionnel : 五百米口徑球面射電望遠鏡 ; chinois simplifié : 五百米口径球面射电望远镜 ; pinyin : Wǔbǎi mǐ kǒujìng qiúmiàn shèdiàn wàngyuǎnjìng), abrégé en anglais FAST pour Five-hundred-meter Aperture Spherical Radio Telescope, est un radiotélescope con"
Q1128589;histoire;"Radium Girls";"Radium Girls";"phare+saviez";7;3;publie;"fr";2026-09-03;;2026-09-05;"Des ouvrières taillaient leur pinceau au radium entre leurs lèvres, jusqu'à ce que leurs mâchoires se désagrègent.";"Les Radium Girls (« filles du radium ») sont des ouvrières américaines ayant été exposées pendant de longues périodes à du radium contenu dans une peinture utilisée pour marquer des cadrans lumineux."
Q161888;vivant;"";"Rafflesia arnoldii";"phare+saviez";7;2;publie;"fr";2026-09-03;;2026-09-05;"Sans feuilles, sans tige, sans racines ni chlorophylle, cette plante vit cachée dans une liane et n'apparaît que pour ouvrir une fleur d'un mètre qui pue la charogne.";"Rafflesia arnoldii R.Br. est une espèce de plantes à fleurs de la famille des Rafflesiaceae."
Q8332;vivant;"Renard roux";"Red fox";"phare+saviez";7;0;publie;"fr";2026-09-03;;2026-09-05;"Il rate rarement son plongeon dans la neige quand il saute vers le nord-est, ce qui suggère qu'il vise à l'aide du champ magnétique terrestre.";"Le renard roux (Vulpes vulpes), parfois désigné sous les noms de renard commun ou encore renard rouge, et plus affectueusement sous la dénomination médiévale de goupil, est une espèce de mammifère carnivore de la famille des Canidés."
Q499461;vivant;"Requin-lutin";"Goblin shark";"insolite+phare";7;2;publie;"fr";2026-09-03;;2026-09-05;"Ce requin projette sa mâchoire entière hors de sa tête, comme un tiroir, pour attraper une proie hors de portée.";"Le Requin-lutin ou requin-gobelin (Mitsukurina owstoni) est une espèce de requins de la famille monotypique des Mitsukurinidae qui comporte un seul genre, Mitsukurina."
Q181078;esprit;"Rêve lucide";"Lucid dream";"phare+saviez";7;0;a-ecrire;"";2026-09-03;;;"Des dormeurs ont résolu des calculs et répondu à des questions depuis l'intérieur de leur rêve, en bougeant les yeux selon un code convenu.";"Un rêve lucide est un rêve durant lequel le rêveur a conscience d'être en train de rêver. L’utilisation de l’adjectif « lucide » en tant que synonyme de « conscient » a été introduite en 1867 par l'écrivain, sinologue et onirologue français Léon d'Hervey de Saint-Denys dans son ouvrage Les Rêves et les moyens de les diriger."
Q75844;histoire;"Révolution de Zanzibar";"Zanzibar Revolution";"phare";7;3;ecrit;"fr";2026-09-03;2026-09-07;;"Un maçon ougandais sans formation militaire a renversé un sultanat vieux de deux siècles en une nuit, avec quelques centaines d'hommes armés de lances.";"La révolution de Zanzibar met fin en 1964 à 200 ans de domination d'une élite arabophone. Le sultan Jamshid ben Abdallah est renversé par une couche plus modeste de la population, linguistiquement davantage proche de Bantous et l'événement aboutit à la fondation de la Tanzanie par fusion du Zanzibar et du Tanganyika voisin."
Q7322305;vivant;"";"Ribeiroia ondatrae";"phare";7;1;publie;"fr";2026-09-03;;2026-09-05;"Ce parasite s'enkyste autour des bourgeons de pattes des têtards et fait naître des grenouilles à cinq, six ou huit membres, plus faciles à attraper pour les hérons.";"Ribeiroia ondatrae, or the frog-mutating flatworm is a parasite in the genus Ribeiroia which is believed to be responsible for many of the recent increases in amphibian limb malformations, particularly missing, malformed, and additional hind legs."
Q133020;vivant;"Riftia pachyptila";"Riftia";"phare";7;2;ecrit;"fr";2026-09-03;2026-09-07;;"Ce ver de deux mètres n'a ni bouche, ni anus, ni intestin : des bactéries logées dans son corps le nourrissent en mangeant le soufre des sources hydrothermales.";"Le ver tubicole géant (Riftia pachyptila) est l'une des espèces extrêmophiles de vers vestimentifères tubicoles vivant dans les grands fonds marins, en colonies pouvant atteindre 100 à 200 individus par m²."
Q944851;cosmos;"";"Robert Evans (astronomer)";"phare";7;2;ecrit;"fr";2026-09-03;2026-09-07;;"Un pasteur australien a découvert visuellement plus de quarante supernovas, en ayant mémorisé l'aspect de milliers de galaxies.";"Robert Owen Evans, né le 20 février 1937 à Sydney en Australie et mort le 8 novembre 2022, est un pasteur de l'Église Unificatrice en Australie et un astronome amateur qui détient le record de découvertes par simple observation de supernovas (40)."
Q46830;sciences;"Robert Hooke";"Robert Hooke";"phare+saviez";7;0;a-ecrire;"";2026-09-03;;;"Aucun portrait de ce savant n'a survécu, et l'on soupçonne son rival le plus puissant d'y avoir personnellement veillé.";"Robert Hooke est un scientifique polymathe anglais né le 18 juillet 1635 (28 juillet 1635 dans le calendrier grégorien) à Freshwater (Île de Wight) et mort le 3 mars 1703 à Londres."
Q715460;esprit;"Robert Liston (chirurgien)";"Robert Liston";"insolite";7;2;a-ecrire;"";2026-09-03;;;"Robert Liston — A 19th-century Scottish surgeon who, among other things, performed what has been described as ""the only operation in history with a 300 percent mortality rate"".";"Robert Liston, né le 28 octobre 1794 à Ecclesmachan et mort le 7 décembre 1847 à Londres, est un chirurgien écossais renommé pour ses compétences chirurgicales rapides et son taux de mortalité relativement bas dans une période où les anesthésiques n'étaient pas disponibles."
Q3098851;mysteres;"Rocher de Dighton";"Dighton Rock";"phare";7;2;a-ecrire;"";2026-09-03;;;"Ce rocher gravé du Massachusetts a été successivement attribué aux Phéniciens, aux Vikings, aux Portugais et aux Amérindiens, depuis 1680.";"Le rocher de Dighton (Dighton Rock) est un bloc erratique de pierre d'une quarantaine de tonnes qui se trouvait à l'origine dans le lit du fleuve Taunton, à Berkley (qui faisait autrefois partie de la ville de Dighton), dans le comté de Bristol (Massachusetts), aux États-Unis."
Q222961;arts;"Rose Valland";"Rose Valland";"phare";7;0;a-ecrire;"";2026-09-03;;;"Employée que les nazis croyaient insignifiante, elle a noté en secret la destination de vingt mille œuvres pillées en France.";"Rose Valland, née le 1er novembre 1898 à Saint-Étienne-de-Saint-Geoirs dans l'Isère et morte le 18 septembre 1980 à Ris-Orangis, est une conservatrice de musée et une résistante française."
Q3177438;arts;"Rugissement";"Roar";"phare";7;0;a-ecrire;"";2026-09-03;;;"Le tournage avec une centaine de fauves non dressés a fait plus de soixante-dix blessés dans l'équipe, dont la chef opératrice scalpée.";"Le rugissement est le cri de plusieurs espèces de félins du genre Panthera. Ces grands félins (sous-famille des Pantherinae) possèdent au niveau des structures vocales un petit os, l'os hyoïde, qui n'est pas tout à fait rigide et peut vibrer, provoquant le rugissement."
Q20795448;mysteres;"Runit";"Runit Island";"phare";7;2;a-ecrire;"";2026-09-03;;;"Un dôme de béton posé sur un cratère d'essai nucléaire du Pacifique contient quatre-vingt-cinq mille mètres cubes de déchets, et il se fissure.";"L'île Runit est l'une des 40 îles d'Eniwetok des Îles Marshall dans l'océan Pacifique. L'île est le site d'un dépôt de déchets radioactifs laissé par les États-Unis après avoir effectué une série d'essais nucléaires sur l'atoll d'Enewetak entre 1946 et 1958."
Q1514814;cosmos;"";"S2 (star)";"phare";7;2;ecrit;"fr";2026-09-03;2026-09-07;;"Elle boucle son orbite autour du trou noir central en seize ans, en frôlant les trois pour cent de la vitesse de la lumière.";"S2 (pour « Source 2 »), aussi désignée S0-2, est une des étoiles les plus proches de la source radio Sagittarius A*, au centre de notre galaxie, la Voie lactée."
Q76375549;cosmos;"";"S5-HVS1";"phare";7;1;ecrit;"fr";2026-09-03;2026-09-07;;"Éjectée par le trou noir central, cette étoile file à mille sept cents kilomètres par seconde et quittera définitivement la Galaxie.";"S5-HVS1 is an A-type main-sequence star notable as the fastest one detected as of November 2019, and has been determined to be traveling with a peculiar velocity of 1,755 km/s (3,930,000 mph), almost 0.6% of the speed of light."
Q3133742;vivant;"Sacculina carcini";"Sacculina carcini";"phare+saviez";7;1;publie;"fr";2026-09-03;;2026-09-05;"Cette bernacle envahit un crabe, le stérilise, féminise les mâles et leur fait couver ses œufs à elle avec une tendresse maternelle parfaite.";"La sacculine (Sacculina carcini) est une espèce de crustacés parasite de plusieurs crabes de la famille des Portunidae (dont Liocarcinus holsatus) et des Pirimelidae ainsi que du crabe vert Carcinus maenas."
Q237284;cosmos;"Sagittarius A*";"Sagittarius A*";"phare";7;2;ecrit;"fr";2026-09-03;2026-09-07;;"Le trou noir central de notre galaxie pèse quatre millions de soleils mais tiendrait à l'intérieur de l'orbite de Mercure.";"Sagittarius A* ou Sgr A* (abrégé) (du latin Sagittaire, lu « Sagittarius A étoile ») est un trou noir supermassif du centre galactique de la Voie Lactée (galaxie spirale), d'environ 4,3 millions de masses solaires, et une source radio intense, située dans la direction de la constellation zodiacale d"
Q12506;arts;"Sainte-Sophie (Constantinople)";"Hagia Sophia";"phare+saviez";7;0;a-ecrire;"";2026-09-03;;;"Un garde varègue qui s'ennuyait pendant l'office a gravé « Halfdan était ici » en runes sur une balustrade de marbre.";"Sainte-Sophie (du grec Ἁγία Σοφία, Hagía Sophía, litt. « sagesse de Dieu », « sagesse divine », nom repris en turc sous la forme Ayasofya) est une ancienne basilique byzantine devenue mosquée, située à Istanbul, dans l'ancienne Constantinople, sur le côté ouest du Bosphore."
Q361108;esprit;"";"Santorio Santorio";"phare";7;0;a-ecrire;"";2026-09-03;;;"Il a passé trente ans à vivre sur une balance géante pour peser tout ce qu'il mangeait et tout ce qu'il excrétait.";"Santorio Santorio ou Sanctorius (Capodistria 29 mars 1561 – Venise 22 février 1636) est un médecin et inventeur italien. C'est le premier à introduire des mesures quantitatives systématiques de divers paramètres vitaux en médecine."
Q210790;cosmos;"";"Saturn's hexagon";"phare";7;3;publie;"fr";2026-09-03;;2026-09-05;"Un nuage hexagonal parfait de trente mille kilomètres de côté tourne au pôle nord de Saturne depuis au moins quarante ans.";"L'hexagone de Saturne est un motif nuageux hexagonal qui tourne en permanence au-dessus du pôle Nord de la planète Saturne."
Q5962358;vivant;"";"Scaly-foot gastropod";"phare+saviez";7;4;publie;"fr";2026-09-03;;2026-09-05;"Cet escargot des sources hydrothermales blinde son pied d'écailles de sulfure de fer et sa coquille contient de la pyrite.";"Le Gastéropode écailleux (Chrysomallon squamiferum) est une espèce d'escargot marin, de la famille des Peltospiridae, vivant aux abords des sources hydrothermales profondes."
Q2594824;sciences;"SCIgen";"SCIgen";"phare";7;2;a-ecrire;"";2026-09-03;;;"Un logiciel du MIT fabrique des articles scientifiques aléatoires, et plus de cent d'entre eux ont été acceptés par des revues et des conférences.";"SCIgen (pour Science Generator) est un programme qui rédige des textes sans signification adoptant la forme d'articles scientifiques en informatique, avec références, graphiques et diagrammes inclus."
Q1308944;esprit;"Secousse hypnique";"Hypnic jerk";"phare";7;0;a-ecrire;"";2026-09-03;;;"Cette sensation de chute qui vous réveille au moment de vous endormir touche presque tout le monde et reste inexpliquée.";"La secousse hypnique, myoclonie d'endormissement, myoclonie hypnagogique ou encore sursaut du sommeil est un sursaut avec contraction soudaine des muscles qui advient à l'endormissement."
Q1813110;cosmos;"Segue 1";"Segue 1";"phare";7;2;ecrit;"fr";2026-09-03;2026-09-07;;"Cette galaxie ne contient que quelques centaines d'étoiles mais pèse comme six cents mille soleils.";"Segue 1 (Sloan Extension for Galactic Understanding and Exploration) est un amas globulaire ou une galaxie naine sphéroïdale satellite de la Voie lactée, découvert(e) au printemps 2006 par le Sloan Digital Sky Survey (SDSS)."
Q36204;terre;"Séisme de 2011 de la côte Pacifique du Tōhoku";"2011 Tōhoku earthquake and tsunami";"phare";7;1;a-ecrire;"";2026-09-03;;;"La secousse a déplacé la côte japonaise de deux mètres et demi vers l'est et décalé l'axe de rotation de la Terre.";"Le séisme de 2011 de la côte Pacifique du Tōhoku, ou simplement appelé séisme de Tōhoku, est un tremblement de terre de magnitude 9,1, survenu au large des côtes nord-est de l'île de Honshū, au Japon, le 11 mars 2011 à 5 h 46 min 24 s (UTC)."
Q1348910;terre;"Séisme du 28 décembre 1908 à Messine";"1908 Messina earthquake";"phare";7;1;a-ecrire;"";2026-09-03;;;"Le détroit s'est vidé puis est revenu en vagues de douze mètres, tuant quatre-vingt mille personnes avant le lever du jour.";"Le séisme de 1908 à Messine est un tremblement de terre qui s'est produit à 5 h 20 le 28 décembre 1908 dans le détroit de Messine et a touché le Nord-Est de la Sicile et la pointe sud-ouest de la Calabre."
Q1756483;vivant;"Selaginella lepidophylla";"Selaginella lepidophylla";"phare";7;0;ecrit;"fr";2026-09-03;2026-09-07;;"Cette plante se recroqueville en boule sèche, peut être transportée des années comme un caillou mort, et reverdit en quelques heures dans l'eau.";"La Selaginella lepidophylla, appelée aussi fausse rose de Jéricho, est une espèce de plantes de la famille des Sélaginellacées. C'est une sélaginelle originaire du désert de Chihuahua situé à la frontière entre le sud des États-Unis et le Nord du Mexique."
Q742168;arts;"Serpent (musique)";"Serpent (instrument)";"phare";7;1;a-ecrire;"";2026-09-03;;;"Instrument d'église en bois recouvert de cuir, tordu comme un reptile, il a doublé les chants pendant trois siècles avant de disparaître.";"Le serpent est un instrument à vent grave, à perce conique et dont l'embouchure est appelée « bouquin »."
Q1141601;cosmos;"SGR 1806-20";"SGR 1806−20";"phare";7;2;ecrit;"fr";2026-09-03;2026-09-07;;"En 2004, un éclair venu de 50 000 années-lumière a ionisé la haute atmosphère terrestre en un dixième de seconde.";"SGR 1806-20, également connu sous le nom de PSR J1808-2024, est un magnétar, découvert en 1979, identifié comme sursauteur gamma mou, situé dans la constellation du Sagittaire, à ∼ 50 000 a.l."
Q3181898;esprit;"Shakuntala Devi";"Shakuntala Devi";"phare";7;0;a-ecrire;"";2026-09-03;;;"Elle a multiplié de tête deux nombres de treize chiffres en vingt-huit secondes, réponse énoncée comprise.";"Shakuntala Devi (en kannada : ಶಕುಂತಲಾ ದೇವಿ), née le 4 novembre 1929 à Bangalore en Inde et morte le 21 avril 2013 dans cette même ville, est une « calculatrice prodige »."
Q19694626;terre;"Shanay-Timpishka";"Shanay-timpishka";"phare";7;1;a-ecrire;"";2026-09-03;;;"Une rivière amazonienne coule à quatre-vingts degrés sur six kilomètres, sans volcan aux environs, et ébouillante les animaux qui y tombent.";"La Shanay-Timpishka est une rivière du Pérou, participant au bassin amazonien. Elle est caractérisée par la très haute température de ses eaux qui atteignent parfois 100°C, ce qui la fait appeler « la seule rivière bouillante du monde »."
Q3065189;arts;"";"Shaun Greenhalgh";"phare";7;0;a-ecrire;"";2026-09-03;;;"Depuis l'abri de jardin de ses parents, il a fabriqué des antiquités de trois millénaires différents, achetées par de grands musées.";"Shaun Greenhalgh (né en 1961) est un faussaire britannique spécialisé dans l'art."
Q701094;histoire;"Siège de Candie";"Siege of Candia";"phare";7;4;ecrit;"fr";2026-09-03;2026-09-07;;"Les Ottomans ont assiégé la ville crétoise vingt et un ans d'affilée, ce qui en fait le plus long siège de l'histoire.";"Le siège de Candie est l'épisode majeur de la conquête de la Crète par les Ottomans."
Q1570745;mysteres;"Silphium (Antiquité)";"Silphium";"phare+saviez";7;2;a-ecrire;"";2026-09-03;;;"Cyrène a bâti sa fortune sur une plante médicinale si convoitée qu'elle figurait sur ses pièces, et qu'on a consommée jusqu'à l'extinction.";"Le silphium, σίλφιον (sílphion) en grec ancien, était une plante condimentaire et médicinale, très utilisée et très appréciée dans l'Antiquité gréco-romaine."
Q2512355;vivant;"Siphonophore géant";"Praya dubia";"phare";7;3;ecrit;"fr";2026-09-03;2026-09-07;;"Cette colonie flottante d'individus spécialisés dépasse quarante mètres de long, plus qu'une baleine bleue, pour un corps aussi fragile qu'une bulle.";"Le siphonophore géant (Praya dubia) est un animal des profondeurs marines appartenant à l'ordre des siphonophores. Cet ordre fait partie de l'embranchement des cnidaires, un groupe d'invertébrés dont font également partie les méduses."
Q3962041;cosmos;"";"Sirius B";"phare+saviez";7;1;a-ecrire;"";2026-09-03;;;"On a deviné son existence en voyant Sirius zigzaguer, avant de découvrir une étoile grosse comme la Terre et lourde comme le Soleil.";"Sirius B is a white dwarf star and the faint companion to Sirius A, the brightest star in Earth's night sky (also known as the ""Dog Star""), located in the constellation of Canis Major or the ""Greater Dog""."
Q2290344;terre;"";"Sistema Sac Actun";"phare";7;0;a-ecrire;"";2026-09-03;;;"Le plus long réseau de grottes noyées du monde relie trois cent soixante-dix kilomètres de galeries sous la jungle du Yucatán.";"Sistema Sac Actun (Yucatec Maya: sak aktun, lit. 'white cave', Spanish: sistema, lit."
Q1118802;sciences;"Slinky";"Slinky";"phare+saviez";7;2;a-ecrire;"";2026-09-03;;;"Un ressort tombé d'une étagère de laboratoire naval a fait la fortune de l'ingénieur qui l'a simplement regardé descendre.";"Un Slinky (aussi appelé « Ondamania ») est un jouet en forme de ressort, fait de métal ou de plastique, inventé dans les années 1940 par l'ingénieur en mécanique Richard T."
Q584905;cosmos;"SN 1987A";"SN 1987A";"phare";7;4;ecrit;"fr";2026-09-03;2026-09-07;;"Ses neutrinos sont arrivés sur Terre trois heures avant sa lumière, parce qu'ils ont quitté l'étoile avant que l'onde de choc n'en sorte.";"SN 1987A est une supernova du Grand Nuage de Magellan, une galaxie naine proche de la Voie lactée visible depuis l'hémisphère sud."
Q2035756;cosmos;"";"Solar eclipse of May 29, 1919";"phare";7;1;ecrit;"fr";2026-09-03;2026-09-07;;"Deux expéditions ont photographié des étoiles à côté du Soleil éteint et rendu Einstein mondialement célèbre en une nuit.";"L'éclipse solaire du 29 mai 1919 est une éclipse solaire totale."
Q4428661;esprit;"";"Somatoparaphrenia";"insolite+phare";7;1;publie;"fr";2026-09-03;;2026-09-05;"Certains patients affirment très calmement que le bras posé dans leur lit appartient à leur frère, ou à l'infirmière de garde.";"La somatoparaphrénie est un trouble neuropsychologique rare qui conduit une personne héminégligente à tenir un discours producteur ou positif mais illusoire voire délirant sur l'un de ses membres, à la différence de l'anosognosie caractérisée de manière négative."
Q509384;cosmos;"Soyouz 23";"Soyuz 23";"phare";7;2;publie;"fr";2026-09-03;;2026-09-05;"La capsule s'est posée de nuit sur un lac gelé, a coulé sous la glace, et l'équipage a suffoqué neuf heures dans le noir.";"Soyouz 23 est une mission du vaisseau spatial Soyouz soviétique lancée le 14 octobre 1976 dont l'objectif était d'amener un équipage à bord de la station spatiale militaire Saliout 5 (programme Almaz)."
Q176276;cosmos;"Spirit (rover)";"Spirit (rover)";"phare+saviez";7;1;ecrit;"fr";2026-09-03;2026-09-07;;"Enlisé pour de bon, le rover a labouré le sable avec sa roue bloquée et découvert ainsi de la silice pure, trace d'anciennes sources chaudes.";"Spirit (en français : « Esprit »), alias MER-A (Mars Exploration Rover - A), est l'un des deux astromobiles de la mission Mars Exploration Rover de l'agence spatiale américaine, la NASA, lancé vers la planète Mars en 2003."
Q139759;vivant;"";"Spongiforma squarepantsii";"insolite+phare";7;1;ecrit;"fr";2026-09-03;2026-09-07;;"Ce champignon de Bornéo est élastique comme une éponge et reprend sa forme après avoir été essoré, d'où son nom.";"Spongiforma squarepantsii est une espèce de champignons de la famille des Boletaceae. Il a été découvert dans le parc national des Lambir Hills, au Sarawak, en Malaisie en 2013."
Q83163;sciences;"Srinivasa Ramanujan";"Srinivasa Ramanujan";"phare+saviez";7;0;a-ecrire;"";2026-09-03;;;"Un employé de bureau de Madras a envoyé à Cambridge des dizaines de formules sans démonstration, dont certaines n'ont été prouvées qu'un siècle après.";"Srinivasa Ramanujan (en tamoul : சீனிவாச இராமானுஜன் .), né le 22 décembre 1887 à Erode et mort le 26 avril 1920 à Kumbakonam, est un mathématicien indien. Issu d'une famille modeste de brahmanes tamouls orthodoxes, il est autodidacte, faisant toujours preuve d'une pensée indépendante et originale."
Q1029902;cosmos;"SS 433";"SS 433";"phare";7;1;ecrit;"fr";2026-09-03;2026-09-07;;"Ce système crache deux jets de matière à un quart de la vitesse de la lumière, qui tournoient comme un arroseur de jardin.";"SS 433 est un microquasar de notre galaxie situé dans la constellation de l'Aigle qui est unique en son genre."
Q618076;esprit;"Stimulation cérébrale profonde";"Deep brain stimulation";"phare";7;1;a-ecrire;"";2026-09-03;;;"Un fil bien placé arrête un tremblement en une seconde ; déplacé de deux millimètres, il déclenche un fou rire ou des larmes.";"La stimulation cérébrale profonde est un traitement médical invasif (neurochirurgical) consistant à implanter chirurgicalement dans le cerveau des électrodes, connectées à un boîtier mis en place sous la peau et qui délivre un courant électrique de faible intensité dans certaines structures spécifiq"
Q2358042;esprit;"Stubbins Ffirth";"Stubbins Ffirth";"insolite+phare";7;2;a-ecrire;"";2026-09-03;;;"Pour prouver que la fièvre jaune n'était pas contagieuse, il s'est badigeonné du vomi de malades : il avait tort et a survécu par chance.";"Stubbins Ffirth, né le 2 février 1782 et mort en 1820, est un étudiant en médecine, connu pour ses recherches peu conventionnelles autour des causes de la fièvre jaune."
Q2104071;cosmos;"SuitSat";"SuitSat";"phare";7;4;ecrit;"fr";2026-09-03;2026-09-07;;"Une vieille combinaison spatiale russe bourrée d'un émetteur a été jetée par-dessus bord et a parlé aux radioamateurs pendant deux semaines.";"SuitSat-1, aussi appelé RadioSkaf (en russe Радиоскаф), est un satellite artificiel original, mis en orbite autour de la Terre à partir de la Station spatiale internationale le 3 février 2006."
Q4188;cosmos;"Supernova superlumineuse";"Hypernova";"phare";7;0;ecrit;"fr";2026-09-03;2026-09-07;;"Une seule pourrait stériliser toute planète dans un rayon de plusieurs milliers d'années-lumière si son jet nous visait.";"A hypernova is a very energetic supernova which is believed to result from an extreme core collapse scenario. In this case, a massive star (>30 solar masses) collapses to form a rotating black hole emitting twin astrophysical jets and surrounded by an accretion disk."
Q778396;arts;"Surströmming";"Surströmming";"insolite+phare";7;3;a-ecrire;"";2026-09-03;;;"La boîte de hareng fermenté est si sous pression que plusieurs compagnies aériennes l'interdisent purement et simplement en soute.";"Le surströmming est une spécialité culinaire suédoise, à base de hareng de la Baltique qui a fermenté pendant plusieurs mois. Il se vend en conserve."
Q1751985;arts;"Syllabaire chypro-minoen";"Cypro-Minoan script";"phare";7;3;a-ecrire;"";2026-09-03;;;"Quelques centaines de signes gravés à Chypre à l'âge du bronze résistent encore aujourd'hui à toute tentative de lecture.";"Le « syllabaire chypro-minoen » ou cypro-minoen (abrégé en CM), ou « linéaire C », est un système d'écriture syllabique non encore déchiffré qui fut en usage sur l'île de Chypre à la fin de l'âge du bronze (vers 1550-1050 av."
Q234880;arts;"";"Symphony No. 45 (Haydn)";"insolite+phare";7;0;a-ecrire;"";2026-09-03;;;"Les musiciens soufflent leur bougie et quittent la scène un à un : une démission collective déguisée en finale.";"La Symphonie no 45 en fa # mineur (« les Adieux ») Hob. I: 45, est une symphonie du compositeur autrichien Joseph Haydn."
Q1195489;vivant;"Symplocarpus foetidus";"Symplocarpus foetidus";"phare";7;0;ecrit;"fr";2026-09-03;2026-09-07;;"Cette plante produit assez de chaleur pour maintenir vingt degrés dans son enveloppe et faire fondre la neige autour d'elle pendant deux semaines de février.";"Symplocarpus foetidus, commonly known as skunk cabbage or eastern skunk cabbage (also swamp cabbage, clumpfoot cabbage, or meadow cabbage, foetid pothos or polecat weed), is a low-growing plant that grows in wetlands and moist hill slopes of eastern North America."
Q16678435;vivant;"Syncytine";"";"phare";7;2;a-ecrire;"";2026-09-03;;;"Le placenta des mammifères fonctionne grâce à un gène volé à un virus il y a des dizaines de millions d'années.";"Les syncytines sont des protéines qui jouent un rôle important dans le développement du placenta et dont la présence a été mise en évidence chez les mammifères : primates, rongeurs, lagomorphes, carnivores et grands ruminants."
Q613809;esprit;"Syndrome de Kleine-Levin";"Kleine–Levin syndrome";"phare";7;0;ecrit;"fr";2026-09-03;2026-09-07;;"Des adolescents dorment vingt heures par jour pendant des semaines, se réveillent affamés et hébétés, puis redeviennent parfaitement normaux pendant des mois.";"Kleine–Levin syndrome (KLS) is a rare neurological disorder characterized by persistent episodic hypersomnia accompanied by cognitive and behavioral changes. These changes may include disinhibition (failure to inhibit actions or words), sometimes manifested through hypersexuality, hyperphagia or emotional lability, and other symptoms, such as derealization."
Q367929;esprit;"Syndrome de Klüver-Bucy";"Klüver–Bucy syndrome";"insolite+phare";7;2;ecrit;"fr";2026-09-03;2026-09-07;;"Léser certaines zones du lobe temporal supprime la peur et pousse à porter à la bouche absolument tout ce qui passe à portée.";"Le syndrome de Klüver-Bucy a été découvert expérimentalement dans les années 1930 par le psychologue Heinrich Klüver et le neurochirurgien Paul Bucy de l'université de Chicago."
Q856736;esprit;"Syndrome de l'accent étranger";"Foreign accent syndrome";"insolite+phare";7;1;publie;"fr";2026-09-03;;2026-09-05;"Après un AVC, des gens se réveillent en parlant leur langue maternelle avec ce que tout le monde prend pour un accent norvégien ou chinois.";"Foreign accent syndrome is an extremely rare medical condition in which patients develop speech patterns that are perceived as a foreign accent that is different from their native accent, without having acquired it in the perceived accent's place of origin."
Q143790;esprit;"Syndrome de la main étrangère";"Alien hand syndrome";"insolite+phare";7;0;publie;"fr";2026-09-03;;2026-09-05;"Une main qui agit contre la volonté de son propriétaire, et parfois contre l'autre main.";"Alien hand syndrome (AHS) or Dr. Strangelove syndrome or Alien Limb Syndrome is a category of conditions in which a person experiences their limbs acting seemingly on their own, without conscious control over the actions."
Q180242;esprit;"Syndrome de Stockholm";"Stockholm syndrome";"phare";7;1;a-ecrire;"";2026-09-03;;;"Le terme a été forgé par un psychiatre après un hold-up suédois, sans aucune étude, et les otages ont toujours contesté sa version.";"Le syndrome de Stockholm est un concept proposé pour expliquer l'attachement psychologique de victimes ou d'otages envers leurs bourreaux."
Q467265;esprit;"Syndrome du savant";"Savant syndrome";"phare";7;0;ecrit;"fr";2026-09-03;2026-09-07;;"Des personnes lourdement handicapées récitent des annuaires, rejouent un concerto après une seule écoute, ou donnent le jour de la semaine de n'importe quelle date.";"Savant syndrome ( SAV-ənt, sa-VAHNT, US also sə-VAHNT) is a phenomenon where someone demonstrates exceptional aptitude in one domain, such as art or mathematics, but with some form of social or intellectual impairment."
Q1124410;esprit;"Syndrome du voyageur";"Jerusalem syndrome";"insolite+phare";7;0;ecrit;"fr";2026-09-03;2026-09-07;;"Des touristes sans aucun antécédent psychiatrique se drapent dans des draps d'hôtel et se mettent à prêcher, puis redeviennent normaux une fois rentrés.";"Jerusalem syndrome is a group of mental phenomena involving the presence of religiously themed ideas or experiences that are triggered by a visit to the city of Jerusalem."
Q1773215;esprit;"Syndrome hypernycthéméral";"Non-24-hour sleep–wake disorder";"phare";7;2;a-ecrire;"";2026-09-03;;;"Chez certaines personnes aveugles, l'horloge interne tourne en vingt-quatre heures et demie et décale le sommeil un peu plus chaque jour.";"Le syndrome hypernycthéméral, également appelé syndrome libre-cours ou ""rythme différent de 24 heures"" est un trouble du sommeil faisant partie des troubles du rythme circadien."
Q3180958;histoire;"Système de Law";"";"phare";7;3;a-ecrire;"";2026-09-03;;;"Un Écossais a convaincu la France d'imprimer du papier-monnaie adossé à la Louisiane; en 1720 la rue Quincampoix s'est effondrée et le mot banque est resté suspect un siècle.";"Le système de Law — prononcé à l'époque /lɑs/ (« Lass ») —, imaginé par l'Écossais John Law, a été mis en place en France, sous la régence de Philippe d'Orléans, de 1716 à 1720, dans le but de liquider la dette laissée par Louis XIV."
Q586582;esprit;"Système nerveux entérique";"Enteric nervous system";"phare";7;0;ecrit;"fr";2026-09-03;2026-09-07;;"Votre intestin abrite des centaines de millions de neurones et continue de fonctionner même détaché de toute connexion avec le cerveau.";"The enteric nervous system (ENS) is one of the three divisions of the autonomic nervous system (ANS), the others being the sympathetic nervous system (SNS) and parasympathetic nervous system (PSNS)."
Q3501949;esprit;"";"Tachypsychia";"phare";7;0;a-ecrire;"";2026-09-03;;;"Dans un accident, tout ralentit — mais les expériences en chute libre montrent qu'on ne voit pas plus d'images, on en mémorise seulement davantage.";"La tachypsychie (du grec tachy = rapide et psyche = âme) est un symptôme psychopathologique caractérisé par une accélération anormale du rythme de la pensée créant un état de surexcitation."
Q736809;vivant;"Tahlequah";"Tahlequah, Oklahoma";"phare";7;0;ecrit;"fr";2026-09-03;2026-09-07;;"Cette orque a porté le cadavre de son nouveau-né à la surface pendant dix-sept jours et mille six cents kilomètres.";"Tahlequah ( TAL-ə-kwah; Cherokee: ᏓᎵᏆ, daligwa [dàlígʷá]) is a city in Cherokee County, Oklahoma located at the foothills of the Ozark Mountains."
Q9141;arts;"Taj Mahal";"Taj Mahal";"phare+saviez";7;0;a-ecrire;"";2026-09-03;;;"Pendant les guerres, on a dressé autour du dôme un échafaudage de bambou pour le faire passer, vu du ciel, pour un simple entrepôt.";"Le Taj Mahal (en devanagari ताजमहल, en persan تاج محل, qui signifie « la couronne du palais » — mais ce nom peut aussi être vu comme une corruption de Mumtaz Mahal) est situé à Agra, au bord de la rivière Yamuna, dans l'État de l'Uttar Pradesh, en Inde."
Q134730051;esprit;"";"Taxis of London";"phare";7;0;ecrit;"fr";2026-09-03;2026-09-07;;"Apprendre par cœur les 25 000 rues de Londres fait grossir, de façon mesurable, l'arrière de l'hippocampe des chauffeurs de taxi.";"Taxis are regulated throughout the United Kingdom, but the regulation of taxicabs in London is especially rigorous with regard to mechanical integrity and driver knowledge."
Q42798;arts;"Temple de Borobudur";"Borobudur";"phare";7;3;a-ecrire;"";2026-09-03;;;"Le plus grand temple bouddhiste du monde a disparu sous la cendre volcanique et la jungle pendant des siècles avant d'être redécouvert.";"Le temple de Borobudur (en indonésien : Candi Borobudur ; en javanais : Candhi Barabudhur) est une importante construction bouddhiste, bâtie aux VIIIe et IXe siècles à l'époque de la dynastie Sailendra dans le centre de l'île de Java en Indonésie."
Q113199155;cosmos;"Tension de Hubble";"Hubble tension";"phare";7;0;ecrit;"fr";2026-09-03;2026-09-07;;"Deux méthodes de mesure de l'expansion de l'univers donnent des résultats incompatibles, et l'écart grandit avec la précision.";"La tension de Hubble est la différence de mesure de la constante de Hubble qui apparaît entre la méthode directe (en mesurant directement les distances) et la méthode utilisant le fond diffus cosmologique."
Q618856;arts;"Tenture de l'Apocalypse";"Apocalypse Tapestry";"phare";7;0;a-ecrire;"";2026-09-03;;;"Cette tapisserie de cent quatre mètres a fini découpée en tapis et en paillassons avant qu'on la rachète et la recouse.";"La tenture de l'Apocalypse (ou les tapisseries de l'Apocalypse, ou encore l'Apocalypse d'Angers) est une représentation de l'Apocalypse de Jean de Patmos réalisée à la fin du XIVe siècle sur commande du duc Louis Ier d'Anjou."
Q1059391;esprit;"Test de Sally et Anne";"Sally–Anne test";"phare";7;0;a-ecrire;"";2026-09-03;;;"Avant quatre ans, un enfant ne peut pas imaginer qu'un autre croie une chose fausse : il vous répond ce que lui sait.";"Le Test de Sally et Anne (en anglais : Sally–Anne test) est un test psychologique utilisé en psychologie du développement pour évaluer en cognition sociale les aptitudes d'une personne à comprendre qu'autrui possède des états mentaux différents des siens (notion en anglais de : « false belief »)."
Q2289754;arts;"";"The Lady and the Unicorn";"phare";7;0;a-ecrire;"";2026-09-03;;;"Les six tentures pourrissaient dans un château humide, rongées par les rats, quand Mérimée les a fait sauver.";"La tenture dite de La Dame à la licorne est une composition de six tapisseries du début du XVIe siècle. Chef-d'œuvre des débuts de la Renaissance française, elle est conservée au musée national du Moyen Âge - Thermes et hôtel de Cluny, à Paris."
Q1550933;arts;"The Landlord's Game";"";"phare";7;0;a-ecrire;"";2026-09-03;;;"Le Monopoly a été inventé par une femme pour dénoncer l'accaparement des terres ; l'homme qui l'a revendu a prétendu l'avoir créé seul.";"The Landlord's Game (que l'on peut traduire par Jeu du propriétaire foncier) est un jeu de société sur les biens immobiliers et l'impôt. Protégé par brevet une première fois en 1904 par Elizabeth Magie, c'est le premier jeu de ce type breveté aux États-Unis."
Q1416664;sciences;"Théière de l'Utah";"Utah teapot";"insolite+phare";7;4;a-ecrire;"";2026-09-03;;;"Une théière achetée dans un magasin de Salt Lake City est devenue l'objet de référence de toute l'imagerie de synthèse mondiale.";"La théière de l'Utah (anglais : Utah teapot ou Newell teapot) est un modèle utilisé dans la synthèse d'image 3D qui est devenu un objet standard de référence dans la communauté de la synthèse d'image."
Q848092;sciences;"Théorème de Borsuk-Ulam";"Borsuk–Ulam theorem";"phare";7;0;a-ecrire;"";2026-09-03;;;"À chaque instant, il existe sur Terre deux points diamétralement opposés ayant exactement la même température et la même pression.";"En mathématiques, le théorème de Borsuk-Ulam est un résultat de topologie algébrique."
Q1149185;sciences;"Théorème de Goodstein";"Goodstein's theorem";"phare";7;1;a-ecrire;"";2026-09-03;;;"Une suite d'entiers grimpe de façon vertigineuse puis retombe toujours à zéro, ce qui est indémontrable dans l'arithmétique ordinaire.";"En mathématiques, et plus précisément en logique mathématique, le théorème de Goodstein est un énoncé arithmétique portant sur des suites, dites suites de Goodstein."
Q120999319;sciences;"Théorie du phlogistique";"Phlogiston theory";"phare";7;1;a-ecrire;"";2026-09-03;;;"La chimie a expliqué la combustion pendant cent ans par une substance à masse parfois négative, avant qu'on ne pense simplement à peser l'air.";"La théorie du phlogistique est une théorie chimique révolue qui expliquait la combustion en postulant l'existence d'un « élément-flamme », fluide nommé φλογιστόν (phlogistón) (du grec φλόξ phlóx, flamme), présent au sein des corps combustibles."
Q2032295;histoire;"";"Thomas Blood";"phare";7;4;publie;"fr";2026-09-03;;2026-09-05;"Un aventurier irlandais a volé les joyaux de la Couronne en 1671, s'est fait prendre, et Charles II lui a accordé une pension à vie.";"Thomas Blood, né en 1618 et mort le 24 août 1680, est un officier anglo-irlandais connu pour avoir tenté de dérober les joyaux de la Couronne britannique à la tour de Londres le 9 mai 1671."
Q55635808;esprit;"Three Identical Strangers";"Three Identical Strangers";"phare";7;3;a-ecrire;"";2026-09-03;;;"Trois frères identiques placés dans trois familles se sont découverts par hasard à dix-neuf ans ; l'étude qui les avait séparés reste scellée.";"Three Identical Strangers (littéralement « Trois étrangers identiques ») est un film documentaire anglo-américain réalisé par Tim Wardle, sorti en 2018. Il raconte la vie d'Edward Galland, David Kellman et Robert Shafran, des triplés monozygotes adoptés chacun à l'âge de 6 mois dans des familles différentes."
Q526046;esprit;"";"Tickling";"phare";7;1;ecrit;"fr";2026-09-03;2026-09-07;;"Impossible de se chatouiller soi-même : le cervelet prédit votre geste et annule la sensation avant qu'elle n'arrive.";"Tickling is the act of touching a part of a person's body in a way that causes involuntary twitching movements or laughter. The word evolved from the Middle English tikelen, perhaps frequentative of ticken, to touch lightly."
Q131481;vivant;"Tiktaalik";"Tiktaalik";"phare";7;0;ecrit;"fr";2026-09-03;2026-09-07;;"Les chercheurs ont choisi une strate de trois cent soixante-quinze millions d'années sur une carte, ont creusé, et y ont trouvé le poisson à poignet qu'ils prédisaient.";"Tiktaalik (; Inuktitut: ᑎᒃᑖᓕᒃ [tiktaːlik]) is a monospecific genus of extinct sarcopterygian (lobe-finned fish) from the late Devonian Period, about 375 Mya (million years ago), having many features similar to those of tetrapods (four-legged animals)."
Q205129;sciences;"";"Tin pest";"phare+saviez";7;1;a-ecrire;"";2026-09-03;;;"Sous le froid, l'étain se désagrège spontanément en poudre grise, ce qui aurait fait tomber les boutons des uniformes en pleine campagne de Russie.";"La peste de l'étain est une transformation allotropique touchant l'étain."
Q2565;cosmos;"Titan (lune)";"Titan (moon)";"phare+saviez";7;0;publie;"fr";2026-09-03;;2026-09-05;"Il y pleut du méthane, les rivières creusent des canyons et la gravité est si faible qu'un humain pourrait y voler avec des ailes.";"Titan is the largest moon of Saturn and the second largest in the Solar System. It is the only moon that is known to have a dense atmosphere (denser than that of Earth), and is the only known object in the Solar System besides Earth with clear evidence of stable bodies of surface liquid."
Q202915;sciences;"Tom's Diner";"Tom's Diner";"phare+saviez";7;2;a-ecrire;"";2026-09-03;;;"Le format MP3 a été réglé en réécoutant des milliers de fois la même chanson a cappella jusqu'à ce qu'elle sonne enfin juste.";"Tom's Diner est une chanson a cappella de Suzanne Vega écrite en 1981. Sa première sortie se fera en janvier 1984 dans le magazine Fast Folk (en), et en 1987 la chanson, alors enregistrée dans son propre studio, apparaîtra dans l'album Solitude Standing."
Q18748292;vivant;"";"Torquigener albomaculosus";"phare";7;0;publie;"fr";2026-09-03;;2026-09-05;"Ce poisson de douze centimètres sculpte pendant une semaine, avec ses nageoires, un cercle géométrique de deux mètres pour séduire une femelle.";"Torquigener albomaculosus, or the white-spotted pufferfish, is the 20th discovered species of the genus Torquigener. The species was discovered in the ocean waters around the Ryukyu Islands in Japan off the south coast of Amami Ōshima Island."
Q243;arts;"Tour Eiffel";"Eiffel Tower";"phare+saviez";7;1;a-ecrire;"";2026-09-03;;;"Gustave Eiffel s'était aménagé un appartement privé juste sous le sommet, où il recevait Edison, à la fureur des Parisiens.";"La tour Eiffel [tuʁɛfɛl] est une tour autoportante de fer puddlé de 330 m de hauteur (avec antennes) située à Paris, à l’extrémité nord-ouest du parc du Champ-de-Mars en bordure de la Seine dans le 7e arrondissement."
Q732534;vivant;"";"Toxotes (fish)";"phare";7;0;ecrit;"fr";2026-09-03;2026-09-07;;"Ce poisson abat un insecte à deux mètres avec un jet d'eau, en corrigeant la déviation de la lumière à la surface.";"Toxotes is a genus of archerfish found in tropical Asia and northern Australasia. It contains a majority of species in the family, and was previously thought to be the only genus of archerfish until the genus Protoxotes was revived and split from this genus in 2022."
Q180897;histoire;"Traité de Tordesillas";"Treaty of Tordesillas";"phare";7;2;ecrit;"fr";2026-09-03;2026-09-07;;"Deux royaumes ont partagé le monde inconnu avec une ligne tracée sur une carte, et le Brésil parle portugais à cause de cet arbitrage.";"Le traité de Tordesillas (/tɔʁdɛsijas/) est un traité entre l'Espagne (union dynastique des royaumes de Castille et d'Aragon) et le Portugal, conclu le 7 juin 1494 à Tordesillas (royaume de Castille) sous l'égide du pape Alexandre VI, afin de partager le monde entre une zone réservée à l'Espagne et"
Q1128050;esprit;"Transplantation de moelle osseuse";"Hematopoietic stem cell transplantation";"phare+saviez";7;3;ecrit;"fr";2026-09-03;2026-09-07;;"Après la greffe, le sang du receveur porte l'ADN du donneur : de quoi égarer durablement une enquête criminelle.";"La transplantation de moelle osseuse est une greffe consistant à transférer de la moelle osseuse d'un individu à un autre souffrant d'une pathologie de sa moelle."
Q639717;arts;"";"Trautonium";"phare+saviez";7;2;a-ecrire;"";2026-09-03;;;"Les cris d'oiseaux qui terrifient dans le film de Hitchcock ne viennent d'aucun animal, mais d'un instrument électronique allemand.";"Le trautonium est un instrument de musique électronique monodique, créé vers 1929 par Friedrich Trautwein à Berlin. Ce dernier fut bientôt rejoint par Oskar Sala, qui poursuivit le développement de son invention jusqu'à sa mort en 2002."
Q867316;histoire;"";"Triangle Shirtwaist Factory fire";"phare";7;0;ecrit;"fr";2026-09-03;2026-09-07;;"Les portes verrouillées pour empêcher les pauses ont tué cent quarante-six ouvrières piégées au huitième étage.";"L’incendie de l'usine Triangle Shirtwaist le 25 mars 1911 à New York est l'une des catastrophes industrielles les plus meurtrières de l'histoire de la ville. Le bilan fait état de 146 morts et 71 blessés, principalement de jeunes immigrantes italiennes et juives."
Q970542;terre;"Trinitite";"Trinitite";"phare";7;3;a-ecrire;"";2026-09-03;;;"Le sable du Nouveau-Mexique a été vitrifié en un minéral vert qui n'existait nulle part sur Terre avant le 16 juillet 1945.";"La trinitite, également connue sous le nom de verre d'Alamogordo, est un minéral. Il s'est formé lors de la vitrification des sables du désert d'Alamogordo lors de l'essai Trinity, le 16 juillet 1945, à savoir lors de la première explosion nucléaire."
Q2539852;arts;"Trompettes de Toutânkhamon";"Tutankhamun's trumpets";"phare";7;0;a-ecrire;"";2026-09-03;;;"Rejouées en direct à la radio en 1939, elles auraient annoncé la guerre, et le studio a subi une panne totale.";"Les trompettes de Toutânkhamon sont deux trompettes découvertes dans la chambre funéraire du pharaon Toutânkhamon (XVIIIe dynastie). L'une est en argent sterling et l'autre en bronze ou en cuivre."
Q275924;mysteres;"Turc mécanique";"Mechanical Turk";"insolite+phare";7;3;a-ecrire;"";2026-09-03;;;"L'automate qui battait Napoléon aux échecs cachait un joueur humain replié dans le meuble, et le secret a tenu plus de soixante ans.";"Le Turc mécanique ou l’automate joueur d'échecs est une célèbre mystification construite à la fin du XVIIIe siècle : il s’agissait d'un prétendu automate doté de la faculté de jouer aux échecs."
Q22329641;cosmos;"TYC 9486-927-1";"TYC 9486-927-1";"phare";7;2;ecrit;"fr";2026-09-03;2026-09-07;;"Cette planète met environ un million d'années à faire le tour de son étoile, distante de mille milliards de kilomètres.";"TYC 9486-927-1 (aussi connue comme 2MASS J21252752−8138278 et FT Octantis) est une étoile située à une distance de 34,45 ± 0,05 pc (∼112 al) de la Terre, dans la direction de la constellation australe de l'Octant."
Q36620;sciences;"Tycho Brahe";"Tycho Brahe";"phare";7;0;a-ecrire;"";2026-09-03;;;"Il a perdu son nez dans un duel de mathématiciens, portait une prothèse métallique, et possédait un élan apprivoisé mort ivre dans un escalier.";"Tycho Brahe (), né Tyge Ottesen Brahe (14 décembre 1546 – 24 octobre 1601), est un astronome danois, issu d'une grande famille associée de longue date aux affaires du royaume."
Q291200;histoire;"Umberto Nobile";"Umberto Nobile";"phare";7;6;ecrit;"fr";2026-09-03;2026-09-07;;"Son dirigeable s'est écrasé sur la banquise en 1928, et le sauvetage a coûté la vie à Roald Amundsen, parti chercher un rival qu'il n'aimait pas.";"Umberto Nobile (Lauro, 21 janvier 1885 - Rome, 30 juillet 1978) est un ingénieur aéronautique et un explorateur italien."
Q324;cosmos;"Uranus (planète)";"Uranus";"phare+saviez";7;2;ecrit;"fr";2026-09-03;2026-09-07;;"Herschel voulait la baptiser « l'astre de George » ; elle roule couchée sur le flanc, un pôle pointé vers le Soleil.";"Uranus est la septième planète du Système solaire par ordre d'éloignement du Soleil. Elle orbite autour de celui-ci à une distance d'environ 19,2 unités astronomiques (2,87 milliards de kilomètres), avec une période de révolution de 84,05 années terrestres."
Q922391;mysteres;"UVB-76";"UVB-76";"phare";7;1;a-ecrire;"";2026-09-03;;;"Une fréquence russe diffuse le même bourdonnement depuis les années 1970, interrompu de loin en loin par une voix qui lit des mots incompréhensibles.";"UVB-76 (UZB-76 a l'origine) (УВБ76 en russe) était l'indicatif d'une station de radio à ondes courtes, et par métonymie la station elle-même qui continue d'exister aujourd'hui."
Q14914807;cosmos;"";"UY Scuti";"phare";7;0;ecrit;"fr";2026-09-03;2026-09-07;;"Placée à la place du Soleil, sa surface engloutirait Jupiter ; un avion mettrait plus de mille ans à en faire le tour.";"UY Scuti est une étoile supergéante rouge de la constellation de l'Écu de Sobieski. Elle est l'une des plus grandes étoiles connues (la plus grande étant actuellement stephenson 2-18) et il s'agit également d'une variable pulsante dont la magnitude apparente visuelle varie entre 8,29 et 10,56."
Q17394326;sciences;"Vantablack";"Vantablack";"phare";7;2;a-ecrire;"";2026-09-03;;;"Un noir qui absorbe 99,965 % de la lumière : un objet peint avec disparaît, il ne reste qu'une silhouette.";"Le Vantablack est une matière inventée en 2012 faite de nanotubes de carbone agencés verticalement et serrés les uns contre les autres. Déposé à la surface d'un objet, il lui conférait la couleur noire la plus profonde jamais obtenue, avec un coefficient d'absorption de 99,965 %, jusqu'à ce que ce record soit dépassé en 2019."
Q372064;cosmos;"Venera 13";"Venera 13";"phare";7;6;ecrit;"fr";2026-09-03;2026-09-07;;"Cette sonde soviétique a survécu 127 minutes sur Vénus, sous 90 atmosphères et 470 °C, et envoyé des photos en couleur.";"Venera 13 (en russe : Венера-13) est une sonde spatiale soviétique destinée à l'étude de Vénus, faisant partie du programme Venera. Elle se composait d'un orbiteur et d'un atterrisseur."
Q313;cosmos;"Vénus (planète)";"Venus";"phare+saviez";7;2;ecrit;"fr";2026-09-03;2026-09-07;;"Un jour y dure plus longtemps qu'une année, et le Soleil s'y lève à l'ouest.";"Vénus est la deuxième planète du Système solaire par ordre d'éloignement au Soleil, et la sixième plus grosse aussi bien par la masse que par le diamètre. Vénus orbite autour du Soleil tous les 224,7 jours terrestres."
Q2092096;vivant;"Ver de Pompéi";"Alvinella pompejana";"phare";7;1;ecrit;"fr";2026-09-03;2026-09-07;;"Ce ver vit collé à des cheminées volcaniques sous-marines avec la queue à environ quatre-vingts degrés et la tête à vingt.";"Le ver de Pompéi (Alvinella pompejana) est une espèce d'annélide polychète rencontré seulement près des cheminées hydrothermales dans l’océan Pacifique vers 2 500 mètres de profondeur."
Q234888;cosmos;"Vera Rubin";"Vera Rubin";"phare";7;2;ecrit;"fr";2026-09-03;2026-09-07;;"Ses courbes de rotation ont montré que les galaxies tournent trop vite pour tenir ensemble : l'essentiel de leur masse est introuvable.";"Vera Rubin, (aussi dénommée Vera Cooper Rubin, Verra Florence Cooper Rubin, ou encore Vera-C.-Rubin, notamment comme éponyme de l'observatoire) née le 23 juillet 1928 à Philadelphie (Pennsylvanie, États-Unis) et morte le 25 décembre 2016 à Princeton, est une astronome américaine principalement connu"
Q339657;arts;"Vert de Paris";"Paris green";"phare";7;0;a-ecrire;"";2026-09-03;;;"Ce vert éclatant à base d'arsenic servait aussi de mort-aux-rats et tapissait les chambres à coucher du XIXe siècle.";"Le vert de Paris ou vert de Schweinfurt est le nom commun pour l'acéto-arsénite de cuivre, pigment référencé au Colour Index comme PG21, un complexe bleu-vert très toxique."
Q347318;histoire;"";"Victor Lustig";"phare";7;2;publie;"fr";2026-09-03;;2026-09-05;"Il a vendu la tour Eiffel à un ferrailleur en 1925, puis est revenu quelques mois plus tard pour la vendre une seconde fois.";"Victor Lustig, né le 4 janvier 1890 à Hostinné en Bohême (Autriche-Hongrie) et mort le 11 mars 1947 à Springfield au Missouri (États-Unis), est un escroc et un imposteur."
Q2522514;sciences;"Victor Ninov";"Victor Ninov";"phare";7;1;a-ecrire;"";2026-09-03;;;"La découverte de l'élément 118 a été annoncée au monde entier avant que le laboratoire ne découvre que son auteur avait inventé les données.";"Victor Ninov (en bulgare : Виктор Нинов), né le 27 juin 1959, est un physicien bulgare et ancien chercheur qui a travaillé principalement dans la découverte de nouveaux éléments chimiques."
Q520083;cosmos;"Vide du Bouvier";"Boötes Void";"phare";7;0;ecrit;"fr";2026-09-03;2026-09-07;;"Un trou de trois cent trente millions d'années-lumière où il n'y a presque rien.";"Le vide du Bouvier, ou Grand Vide, est une région de l'espace intergalactique de très grande taille mais contenant très peu de galaxies. Elle doit son nom à la constellation du Bouvier au voisinage de laquelle se trouvent ces galaxies."
Q3545364;cosmos;"Vide local";"Local Void";"phare";7;1;ecrit;"fr";2026-09-03;2026-09-07;;"Notre galaxie est expulsée d'un désert cosmique vide à 260 kilomètres par seconde.";"Le Vide local est une région vaste et vide du milieu intergalactique, adjacente à notre propre Groupe local. Découvert en 1987 par R."
Q1139084;arts;"Vieille Ville (Varsovie)";"Old Town, Warsaw";"phare";7;0;a-ecrire;"";2026-09-03;;;"Rasée à plus de quatre-vingts pour cent, elle a été rebâtie à l'identique en s'aidant des vues peintes par Canaletto au XVIIIe siècle.";"La Vieille Ville (polonais : Stare Miasto) est le plus vieux quartier historique de Varsovie dont il est le centre historique. Il est limité par les rues : Wybrzeże Gdańskie (pl), Grodzka (pl), Mostowa et Podwale."
Q2525050;arts;"Villa Epecuén";"Villa Epecuén";"phare";7;3;a-ecrire;"";2026-09-03;;;"Une station thermale argentine a passé vingt-cinq ans sous dix mètres d'eau salée avant de resurgir, blanchie et pétrifiée.";"Villa Epecuén est une ancienne ville touristique située en Argentine dans la province de Buenos Aires, à 7 km au nord de Carhué. Célèbre station thermale sud-américaine créée en 1920, elle accueille des bourgeois et des aristocrates pendant l'entre-deux-guerres et se démocratise après la Seconde Guerre mondiale, attirant les classes moyennes."
Q921907;esprit;"";"Visual release hallucinations";"insolite+phare";7;0;ecrit;"fr";2026-09-03;2026-09-07;;"En perdant la vue, des personnes voient apparaître de minuscules personnages en costume, des murs de briques ou des visages déformés, tout en sachant que rien n'est là.";"Le syndrome de Charles Bonnet (CBS) est un syndrome neurologique consistant en des hallucinations visuelles complexes survenant chez des sujets âgés ne présentant pas de troubles mentaux."
Q784141;histoire;"Vol Eastern Air Lines 401";"Eastern Air Lines Flight 401";"phare+saviez";7;2;ecrit;"fr";2026-09-03;2026-09-07;;"Tout un équipage s'est concentré sur une ampoule grillée pendant que l'avion descendait doucement vers les Everglades.";"Le vol Eastern Air Lines 401 est un vol de la compagnie Eastern Air Lines entre New York et Miami assuré par un Lockheed L-1011 TriStar qui, dans la nuit du 29 décembre 1972, s'est écrasé dans les Everglades, en Floride."
Q1754627;terre;"";"Wave Rock";"phare";7;3;a-ecrire;"";2026-09-03;;;"Une falaise australienne a exactement la forme d'une vague de quinze mètres sur le point de déferler, figée dans un granite de 2,7 milliards d'années.";"Wave Rock est une formation rocheuse naturelle composée de granite ocre en forme de vague. Engendrée par la forte érosion, elle se trouve en Australie."
Q1639610;histoire;"";"Wilgefortis";"phare+saviez";7;1;ecrit;"fr";2026-09-03;2026-09-07;;"Une sainte aurait obtenu de Dieu une barbe pour échapper au mariage; son père l'a fait crucifier, et on la priait pour se débarrasser d'un mari.";"Wilgeforte, ou Livrade, est une sainte légendaire de la tradition catholique, également invoquée sous le nom de sainte Débarras. Récits et représentations la dépeignent sous les traits d'une vierge miraculeusement barbue et d'une martyre crucifiée."
Q312389;histoire;"William Buckland";"William Buckland";"phare+saviez";7;2;publie;"fr";2026-09-03;;2026-09-05;"Un géologue anglais s'était juré de manger toutes les espèces possibles et aurait avalé le cœur momifié de Louis XIV présenté à sa table.";"William Buckland est un ecclésiastique, géologue et paléontologue britannique, né le 12 mars 1784 à Axminster (Devon) et mort le 24 août 1856 à Islip (Oxfordshire)."
Q14277;cosmos;"";"William Herschel";"phare+saviez";7;1;ecrit;"fr";2026-09-03;2026-09-07;;"Musicien d'orchestre, il polissait ses miroirs seize heures d'affilée, sa sœur le nourrissant à la cuillère, et il a doublé la taille du Système solaire.";"William Herschel, né Friedrich Wilhelm Herschel, est un astronome germano-britannique d'origine allemande, né le 15 novembre 1738 à Hanovre et mort le 25 août 1822 à Slough."
Q284180;cosmos;"";"Williamina Fleming";"phare";7;0;ecrit;"fr";2026-09-03;2026-09-07;;"Femme de ménage engagée par un patron excédé par ses assistants, elle a classé dix mille étoiles et repéré la nébuleuse de la Tête de Cheval.";"Williamina Paton Stevens Fleming (15 mai 1857-21 mai 1911) est une astronome américaine d'origine britannique."
Q283526;vivant;"Wolbachia";"Wolbachia";"phare";7;1;ecrit;"fr";2026-09-03;2026-09-07;;"Cette bactérie présente chez la moitié des espèces d'insectes tue les embryons mâles, change des mâles en femelles et rend les couples non infectés stériles entre eux.";"Wolbachia est un genre de petites bactéries pléiomorphes à Gram négatif de la famille des Ehrlichiaceae dont le nom fait référence à l'anatomo-pathologiste S.B."
Q98085;arts;"Wolfgang Beltracchi";"Wolfgang Beltracchi";"phare";7;1;a-ecrire;"";2026-09-03;;;"Ses faux ont trompé le marché pendant des décennies, jusqu'à ce qu'un tube de blanc contenant du titane non déclaré le trahisse.";"Wolfgang Beltracchi (prononcé à l'italienne, /bel.tra.ki/), né Wolfgang Fischer le 4 février 1951 à Höxter, est un peintre, sculpteur et faussaire allemand. Il est connu pour avoir imité et vendu pendant plus de trente ans, avec sa femme, des tableaux de grands maîtres, ce qui a valu aux époux Beltracchi d'être surnommés les « Bonnie and Clyde de l'art » dans les médias."
Q199127;vivant;"Xanthoria elegans";"Xanthoria elegans";"phare";7;2;ecrit;"fr";2026-09-03;2026-09-07;;"Exposé au vide et au rayonnement de l'espace pendant dix-huit mois hors de la Station spatiale, ce lichen a repris sa photosynthèse une fois redescendu.";"Rusavkia elegans (ou anciennement Xanthoria elegans), ou la Xanthorie élégante est une espèce de lichens du genre Xanthoria. Son photobionte (partenaire symbiontique lui permettant de réaliser la photosynthèse) est une algue du genre Trebouxia."
Q609006;histoire;"Yasuke";"Yasuke";"insolite+phare";7;5;ecrit;"fr";2026-09-03;2026-09-07;;"Un Africain arrivé avec des jésuites est devenu samouraï au service d'Oda Nobunaga, qui le montrait à sa cour et lui donnait une épée.";"Yasuke (弥助/弥介/彌介), aussi connu tardivement sous les noms de Kuro-san ou Kuro-suke (くろ助), est un homme noir africain, arrivé esclave au Japon en juillet 1579. Il rencontre en mars 1581 le daimyo Oda Nobunaga, qui choisit de le prendre à son service."
Q13360454;sciences;"";"Yitang Zhang";"phare";7;2;a-ecrire;"";2026-09-03;;;"Sans poste et longtemps comptable pour une chaîne de sandwicheries, il a fait tomber à cinquante-huit ans un verrou centenaire sur les nombres premiers.";"Yitang Tom Zhang (chinois : 张益唐 ; pinyin : Zhāng Yìtáng) est un mathématicien chinois spécialiste de la théorie des nombres. En mai 2013, il a attiré l'attention de la communauté mathématique par une importante avancée sur l'étude de la répartition des nombres premiers."
Q3100139;arts;"Zodiaque de Dendérah";"Dendera zodiac";"phare";7;2;a-ecrire;"";2026-09-03;;;"Le plafond étoilé d'un temple égyptien a été découpé à la scie et à la poudre en 1821 pour finir au plafond du Louvre.";"Le zodiaque de Dendérah est un bas-relief datant de la période ptolémaïque (Égypte antique) représentant la voûte céleste et ses constellations. Sculpté dans un bloc de grès, il était autrefois placé au plafond d'une chapelle dédiée à Osiris, située sur le toit du temple d'Hathor à Dendérah."
Q2081504;cosmos;"Zone d'évitement";"Zone of Avoidance";"phare";7;4;ecrit;"fr";2026-09-03;2026-09-07;;"Un cinquième du ciel nous est masqué par notre propre galaxie ; on y découvre encore des galaxies géantes toutes proches.";"La zone d'évitement désigne en astronomie la zone du ciel qui est occultée par notre propre galaxie, la Voie lactée. On pense que ce terme a été utilisé pour la première fois par Richard Proctor en 1878, en faisant référence à la distribution des « nébuleuses » dans le General Catalogue of Nebulae de John Herschel."
Q220361;arts;"Zoot suit";"Zoot suit";"phare";7;1;a-ecrire;"";2026-09-03;;;"Un costume jugé trop ample est devenu un délit en temps de guerre et a déclenché des émeutes à Los Angeles en 1943.";"Le zoot suit (« costume de zoot ») est un terme anglais qui concerne une tenue et par extension une contre-culture apparue entre les années 1930 et 1940 aux États-Unis."
Q107517;cosmos;"(16) Psyché";"16 Psyche";"phare";6;1;ecrit;"fr";2026-09-03;2026-09-07;;"Un astéroïde peut-être fait de métal presque pur, dont la valeur théorique dépasse le produit intérieur brut mondial.";"(16) Psyché (nom international : (16) Psyche) est l'un des dix astéroïdes les plus massifs de la ceinture d'astéroïdes. Il fait plus de 200 km de diamètre et représente un peu moins de 1 % de la masse totale de la ceinture d'astéroïdes."
Q152091;cosmos;"(3753) Cruithne";"3753 Cruithne";"phare";6;3;ecrit;"fr";2026-09-03;2026-09-07;;"Cet astéroïde décrit un fer à cheval qui donne l'illusion qu'il tourne autour de la Terre, alors qu'il tourne autour du Soleil.";"(3753) Cruithne est un astéroïde géocroiseur de classe Aton mesurant environ cinq kilomètres de diamètre. Son orbite, de période quasi égale à celle de la Terre, l'a parfois fait surnommer à tort « seconde lune de la Terre » bien qu'il ne soit pas un satellite de celle-ci mais un compagnon ayant une orbite en fer à cheval."
Q24646251;cosmos;"(469219) Kamoʻoalewa";"469219 Kamoʻoalewa";"phare";6;3;ecrit;"fr";2026-09-03;2026-09-07;;"Ce quasi-satellite qui accompagne la Terre serait un morceau de Lune arraché par un impact.";"(469219) Kamoʻoalewa, auparavant 2016 HO3, est un quasi-satellite de la Terre. Il a été découvert le 27 avril 2016 par le programme Pan-STARRS à l'observatoire du Haleakalā sur l'île hawaïenne de Maui et a reçu son numéro et son nom permanent le 6 avril 2019."
Q844672;cosmos;"67P/Tchourioumov-Guérassimenko";"67P/Churyumov–Gerasimenko";"phare";6;2;ecrit;"fr";2026-09-03;2026-09-07;;"Cette comète sent l'œuf pourri, l'urine de cheval et l'amande amère, d'après l'analyse chimique de ses gaz.";"67P/Tchourioumov-Guérassimenko, surnommée « Tchouri » et parfois abrégée (en français) en 67P/TG ou 67P/T-G, est une comète périodique du système solaire."
Q309029;histoire;"Achat de l'Alaska";"Alaska Purchase";"phare";6;3;ecrit;"fr";2026-09-03;2026-09-07;;"Les États-Unis ont acheté l'Alaska pour quelques centimes l'hectare, et la presse s'est moquée de cette « glacière » pendant des années.";"L'achat de l'Alaska (en anglais Alaska Purchase ; en russe продажа Аляски, prodaja Aliaski, « vente de l'Alaska ») est le traité international par lequel l'Empire russe céda ses territoires nord-américains aux États-Unis en 1867 contre le paiement de sept millions de dollars."
Q1763092;esprit;"Acide dicaféylquinique";"";"phare";6;2;ecrit;"fr";2026-09-03;2026-09-07;;"Mangez un artichaut, buvez un verre d'eau : elle vous paraîtra nettement sucrée, parce que la molécule a désactivé vos récepteurs.";"L'acide dicaféylquinique ou cynarine est un composé biochimique (polyphénol) notamment produit par l'artichaut dont on peut l'extraire. C'est un principe amer contenu dans les feuilles, découvert en Italie au début du XXe siècle."
Q4685251;esprit;"";"Adrian Owen";"phare";6;0;a-ecrire;"";2026-09-03;;;"Une patiente jugée végétative a répondu « oui » en imaginant jouer au tennis, son cerveau s'allumant à la demande dans le scanner.";"Adrian Mark Owen (born 17 May 1966) is a British and Canadian neuroscientist and best-selling author."
Q185038;vivant;"";"African elephant";"phare";6;0;ecrit;"fr";2026-09-03;2026-09-07;;"Il entend par les pieds : les vibrations du sol produites par un troupeau lui parviennent à des kilomètres, avant même le son porté par l'air.";"Les éléphants d'Afrique (Loxodonta) forment un genre de mammifères proboscidiens de la famille des éléphantidés. Les deux espèces actuelles de ce genre, l'éléphant de savane et l'éléphant de forêt étaient autrefois considérées comme une même espèce."
Q784564;esprit;"Akinétopsie";"Akinetopsia";"phare";6;0;ecrit;"fr";2026-09-03;2026-09-07;;"Une patiente voyait le réel comme une suite de photos figées : le café restait immobile dans la tasse, puis débordait sans transition.";"L'akinétopsie, ou agnosie visuelle du mouvement, est une incapacité de percevoir le mouvement. La personne atteinte d'akinétopsie voit avec des arrêts sur image qui peuvent durer plusieurs secondes."
Q122338;esprit;"Albert Hofmann";"Albert Hofmann";"phare";6;0;a-ecrire;"";2026-09-03;;;"Il a absorbé par la peau une molécule oubliée sur une étagère, puis est rentré chez lui à vélo dans un monde en fusion.";"Albert Hofmann (né le 11 janvier 1906 à Baden en Argovie et mort le 29 avril 2008 à La Bourg dans le canton de Bâle-Campagne) est un chimiste suisse. Il est notamment connu pour avoir découvert le LSD avec le professeur Arthur Stoll pour lequel il était laborantin."
Q527601;sciences;"Alliage métallique amorphe";"Amorphous metal";"phare";6;1;a-ecrire;"";2026-09-03;;;"Refroidi assez brutalement, un métal devient un verre dans lequel une bille rebondit presque indéfiniment au lieu de s'arrêter.";"Un alliage métallique amorphe, ou métal amorphe, est un alliage métallique solide doté d'une structure amorphe plutôt que cristalline. Ces matériaux peuvent être obtenus par refroidissement très rapide depuis l'état fondu de l'alliage, ou par d'autres méthodes."
Q17143;cosmos;"Almaz";"Almaz program";"phare";6;4;ecrit;"fr";2026-09-03;2026-09-07;;"L'URSS a mis en orbite une station habitée équipée d'un canon automatique, tiré une fois dans le vide avant l'abandon du programme.";"Almaz (russe : Алмаз - « diamant ») est un programme spatial militaire de l'Union Soviétique reposant sur le développement d'une station spatiale habitée (OPS) d'environ 19 tonnes et d'un vaisseau TKS chargé de la relève et du ravitaillement de l'équipage."
Q311534;vivant;"";"Alpheidae";"phare";6;0;ecrit;"fr";2026-09-03;2026-09-07;;"En refermant sa pince, cette crevette crée une bulle dont l'effondrement atteint brièvement des milliers de degrés et émet un flash de lumière.";"Les Alpheidae sont une famille de crevettes (crustacés décapodes) de la super-famille des Alpheoidea. C'est dans cette famille (et plus marginalement chez les Palaemonidae, ainsi que dans un genre d'amphipodes, où le processus évolutif a été différent) que se trouvent les « crevettes pistolets »."
Q3257;cosmos;"";"Amalthea (moon)";"phare";6;1;ecrit;"fr";2026-09-03;2026-09-07;;"Cette lune de Jupiter est moins dense que l'eau : c'est un tas de gravats troué de vide.";"Amalthée (officiellement Jupiter V Amalthée, internationalement Amalthea) est un satellite naturel de Jupiter."
Q557151;esprit;"Ancrage (psychologie)";"Anchoring effect";"phare";6;0;a-ecrire;"";2026-09-03;;;"Faites tourner une roue de loterie devant quelqu'un : le chiffre sorti influencera son estimation du nombre de pays africains à l'ONU.";"En psychologie, l’ancrage désigne la difficulté à se départir d'une première impression. C'est un biais de jugement qui pousse à se fier à l'information reçue en premier dans une prise de décision."
Q454760;esprit;"Anna Bågenholm";"Anna Bågenholm";"phare";6;4;publie;"fr";2026-09-03;;2026-09-05;"Une skieuse est revenue à la vie après plus d'une heure sous la glace, avec une température corporelle descendue à 13,7 °C.";"Anna Elisabeth Johansson Bågenholm, née en 1970, est une radiologue suédoise de Vänersborg, qui en 1999, survit à un accident de ski qui la laisse coincée sous une couche de glace pendant 80 minutes dans de l'eau glacée."
Q909081;terre;"Anomalie magnétique de Koursk";"Kursk Magnetic Anomaly";"phare";6;0;a-ecrire;"";2026-09-03;;;"Le minerai de fer y perturbe tellement le champ terrestre que les boussoles deviennent inutilisables sur des kilomètres.";"L'anomalie magnétique de Koursk (en russe : Курская магнитная аномалия), en abrégé AMK, est une zone particulièrement riche en minerais de fer située en Russie dans les oblasts de Koursk, Belgorod et Orel."
Q39607;sciences;"Antoine Lavoisier";"Antoine Lavoisier";"phare";6;1;a-ecrire;"";2026-09-03;;;"Le fondateur de la chimie moderne a été guillotiné en une matinée, et Lagrange a dit qu'un siècle ne suffirait pas à refaire une telle tête.";"Antoine Lavoisier, ci-devant de Lavoisier jusqu'en 1790, est un chimiste, philosophe et économiste français, né le 26 août 1743 à Paris et guillotiné le 8 mai 1794 dans la même ville."
Q1741331;esprit;"Aphasie réceptive";"Receptive aphasia";"phare";6;2;ecrit;"fr";2026-09-03;2026-09-07;;"Ces patients parlent avec une aisance, une mélodie et une grammaire impeccables, mais leurs phrases ne veulent strictement rien dire, et ils ne s'en aperçoivent pas.";"L'aphasie réceptive (aphasie fluente ou sensorielle), également appelée aphasie de Wernicke en neuropsychologie clinique, est un trouble du langage et de la compréhension dû à une lésion ou une perturbation du développement d'une région postérieure du cerveau, plus précisément le gyrus temporal supé"
Q1502847;vivant;"Apis mellifera capensis";"Cape honey bee";"phare";6;3;ecrit;"fr";2026-09-03;2026-09-07;;"Les ouvrières de cette abeille peuvent pondre des clones femelles et envahir d'autres ruches comme un parasite social, jusqu'à les faire mourir.";"Apis mellifera capensis, communément appelé Abeille du Cap, est une sous-espèce d'Apis mellifera qui se rencontre en Afrique du Sud et qui présente la singularité de pouvoir se reproduire sans individus mâles."
Q205897;terre;"Arc circumhorizontal";"Circumhorizontal arc";"phare";6;0;a-ecrire;"";2026-09-03;;;"Un pan de ciel prend les couleurs de l'arc-en-ciel à l'horizontale et donne l'illusion parfaite d'un nuage en flammes.";"Un arc circumhorizontal, parfois nommé arc de circumhorizon, est un phénomène atmosphérique optique (plus précisément un photométéore) à l'apparence d'un arc-en-ciel linéaire situé sous le Soleil."
Q1133152;vivant;"";"Atlantic horseshoe crab";"phare";6;0;ecrit;"fr";2026-09-03;2026-09-07;;"Son sang bleu détecte la moindre trace de bactérie, et l'industrie pharmaceutique en prélève chaque année sur des centaines de milliers d'individus.";"Limulus polyphemus est une des quatre espèces encore vivantes de limules, la seule du genre Limulus. Elle se répartit le long de la côte est de l'Amérique du Nord et de l'Amérique centrale."
Q76784;sciences;"";"August Kekulé";"phare";6;1;a-ecrire;"";2026-09-03;;;"Il affirmait avoir vu la structure du benzène en somnolant devant sa cheminée, sous la forme d'un serpent qui se mord la queue.";"Friedrich August Kekulé (plus tard Kekulé von Stradonitz), né le 7 septembre 1829 à Darmstadt et mort le 13 juillet 1896 à Bonn, est un chimiste organicien allemand célèbre pour la découverte de la tétravalence du carbone, des terpènes et la formule développée du benzène."
Q186778;vivant;"Aye-aye";"Aye-aye";"phare";6;0;publie;"fr";2026-09-03;;2026-09-05;"Il tapote le bois avec un doigt squelettique désarticulé, écoute l'écho pour repérer une larve, perce l'écorce et va la chercher avec ce même doigt.";"L'aye-aye (Daubentonia madagascariensis) est une espèce de primate strepsirrhinien qui vit à Madagascar. C'est la seule espèce du genre Daubentonia, lui-même seul membre de la famille des daubentonidés."
Q55072099;mysteres;"B. Traven";"B. Traven";"phare";6;1;a-ecrire;"";2026-09-03;;;"L'auteur du Trésor de la Sierra Madre a passé sa vie à brouiller son nom, sa nationalité et son visage, et il y est parfaitement parvenu.";"B. Traven est le nom de plume d'un écrivain et scénariste anarchiste de langue allemande, de nationalité mexicaine à partir de 1951, dont la date et le lieu de naissance sont inconnus, mort à Mexico le 26 mars 1969."
Q653175;esprit;"";"Barnum effect";"phare";6;1;a-ecrire;"";2026-09-03;;;"Distribuez à toute une classe le même horoscope générique : chacun se reconnaît et note la description autour de 4,5 sur 5.";"L’effet Barnum, effet Forer, effet de validation subjective ou effet de validation personnelle, ou encore effet puits, est un biais cognitif qui amène les individus à accepter une description de leur personnalité comme si elle leur était spécifiquement destinée."
Q153858;histoire;"Bataille de Tannenberg (1914)";"Battle of Tannenberg";"phare";6;0;ecrit;"fr";2026-09-03;2026-09-07;;"Les Russes transmettaient leurs ordres par radio en clair, et les Allemands ont gagné en écoutant simplement leurs messages.";"La bataille de Tannenberg (aujourd'hui Stębark en Pologne), qui a lieu du 26 au 30 août 1914 dans les premières semaines de la Première Guerre mondiale, oppose l'armée impériale allemande (8e armée) à l'armée impériale russe (2e, puis 1re armée)."
Q820869;terre;"Berkeley Pit";"Berkeley Pit";"phare";6;2;a-ecrire;"";2026-09-03;;;"Cette ancienne mine du Montana s'est remplie d'une eau aussi acide que du jus de citron, qui a tué des milliers d'oies migratrices en une nuit.";"Berkeley Pit est une ancienne mine de cuivre à ciel ouvert située à Butte dans le Montana. Elle est le plus important site pris en charge par la loi environnementale américaine du 11 décembre 1980."
Q41225;arts;"Big Ben";"Big Ben";"phare";6;0;a-ecrire;"";2026-09-03;;;"La cloche s'est fêlée quelques mois après son installation ; on l'a fait pivoter d'un quart de tour et son défaut est devenu sa voix.";"Big Ben est la tour horloge du palais de Westminster, et un symbole de la ville de Londres. Le palais, siège du parlement britannique, fait face à la Tamise, entre le pont de Westminster et l'abbaye de Westminster."
Q751507;esprit;"";"Blindsight";"phare";6;0;ecrit;"fr";2026-09-03;2026-09-07;;"Des gens aveugles qui évitent les obstacles sans savoir qu'ils les voient.";"La vision aveugle (blindsight, en anglais) désigne le phénomène par lequel des personnes dont les aires corticales visuelles ont été endommagées, conservent néanmoins une forme de perception visuelle résiduelle, souvent non-consciente, mais que des tests en laboratoire peuvent mettre en évidence."
Q540649;vivant;"";"Blue-ringed octopus";"phare";6;0;ecrit;"fr";2026-09-03;2026-09-07;;"Cette pieuvre de la taille d'une balle de golf porte assez de neurotoxine pour tuer une vingtaine d'adultes, et sa morsure est indolore.";"Hapalochlaena est un genre de mollusques de la classe des céphalopodes et de l'ordre des octopodes (pieuvres)."
Q752274;vivant;"";"Bombus terrestris";"phare";6;1;ecrit;"fr";2026-09-03;2026-09-07;;"Il sent le champ électrique des fleurs avec ses poils et sait ainsi, avant de se poser, si une abeille est déjà passée vider le nectar.";"Le Bourdon terrestre (Bombus terrestris), est une espèce d'insectes hyménoptères de la famille des Apidae (de Apis : abeille). Bon pollinisateur, ce bourdon, qui recrée tous les ans de nouvelles colonies établies sous la terre, est commun en Europe, où il est élevé."
Q677689;vivant;"";"Boulengerula taitana";"phare";6;0;publie;"fr";2026-09-03;;2026-09-05;"La mère développe une peau grasse spéciale que ses petits arrachent et dévorent par lambeaux, avec des dents faites pour ça.";"Boulengerula taitana est une espèce de gymnophiones de la famille des Herpelidae."
Q1753097;sciences;"";"Buffon's needle problem";"phare";6;0;a-ecrire;"";2026-09-03;;;"En jetant des aiguilles au hasard sur un parquet et en comptant celles qui touchent une rainure, on obtient la valeur de pi.";"L'aiguille de Buffon est une expérience de probabilité proposée en 1733 par Georges-Louis Leclerc de Buffon, un scientifique français du XVIIIe siècle. Cette expérience fournit une approximation du nombre π."
Q1113267;arts;"Cahiers de prison";"Prison Notebooks";"phare";6;2;a-ecrire;"";2026-09-03;;;"Gramsci écrivait sous surveillance fasciste en remplaçant le mot marxisme par « philosophie de la praxis » pour tromper le censeur.";"Les Cahiers de prison (Quaderni del carcere) constituent un recueil des textes et notes écrites par Antonio Gramsci, philosophe et membre fondateur du Parti communiste italien, de 1929 à 1935, durant sa période d'emprisonnement politique par le régime fasciste."
Q848772;vivant;"";"California scrub jay";"phare";6;0;ecrit;"fr";2026-09-03;2026-09-07;;"Devant le cadavre d'un congénère, ces geais appellent bruyamment, se rassemblent et cessent de se nourrir dans la zone pendant plus d'une journée.";"Le Geai buissonnier (Aphelocoma californica) est une espèce de passereau de la famille des Corvidae."
Q1949541;vivant;"Calyptra";"";"phare";6;2;publie;"fr";2026-09-03;;2026-09-05;"Ce papillon nocturne perce la peau des mammifères avec sa trompe et boit leur sang, comportement dérivé de la consommation de fruits.";"Calyptra est un genre de papillons nocturnes de la tribu Calpini (sous-famille des Calpinae, famille des Erebidae). Cette tribu, dont la circonscription précise est incertaine, comprend un certain nombre d'autres genres de papillons capables de percer des fruits ou de piquer les yeux des oiseaux pour se nourrir de leurs larmes."
Q832093;arts;"Cannibal Holocaust";"Cannibal Holocaust";"phare";6;0;a-ecrire;"";2026-09-03;;;"Les effets étaient si crédibles que le réalisateur a dû produire ses acteurs vivants devant un tribunal pour échapper à une accusation de meurtre.";"Cannibal Holocaust, également connu sous le titre Terreur en Amazonie ou L'Enfer des cannibales, est un film d'horreur italien sorti en 1980, réalisé par Ruggero Deodato sur un scénario de Gianfranco Clerici."
Q2624957;terre;"";"Caño Cristales";"phare";6;1;a-ecrire;"";2026-09-03;;;"Pendant quelques semaines par an, une plante aquatique teint le lit de la rivière en rouge vif entre le jaune du sable et le vert des mousses.";"Le Caño Cristales (« le ruisseau des cristaux ») est une rivière de Colombie, affluent du río Guayabero, située dans la Serranía de la Macarena (département de Meta) en Colombie."
Q609377;arts;"Carte du Vinland";"Vinland Map";"phare";6;0;a-ecrire;"";2026-09-03;;;"Vendue comme la preuve d'une Amérique connue avant Colomb, elle a été démasquée par le titane présent dans l'encre du tracé.";"La « carte du Vinland » est une célèbre fausse mappemonde, élaborée au début du XXe siècle par un faussaire inconnu et conservée depuis 1965 par l'université Yale."
Q2514739;vivant;"Cataglyphis";"Cataglyphis";"phare";6;1;ecrit;"fr";2026-09-03;2026-09-07;;"Cette fourmi du désert compte ses pas à l'aller ; si on lui colle des échasses, elle dépasse son nid d'exactement la distance ajoutée.";"Cataglyphis est un genre de fourmis désertiques de la sous-famille des Formicinae. L'espèce type est Cataglyphis bicolor, très répandue au nord de l'Afrique et à la jonction avec l'Asie."
Q465122;esprit;"Cécité au changement";"Change blindness";"phare";6;0;ecrit;"fr";2026-09-03;2026-09-07;;"Un passant qui vous demande son chemin peut être remplacé par un autre homme derrière un panneau : la moitié des gens ne remarquent rien.";"La cécité au changement est le fait que le cerveau élabore une représentation lacunaire du monde, issue d'observations partielles. Ainsi, la représentation du monde constamment construite par le cerveau ne s'applique à modéliser des éléments que s'ils sont, a priori, importants et intéressants pour le futur."
Q287827;esprit;"Cécité d'inattention";"Inattentional blindness";"phare";6;0;publie;"fr";2026-09-03;;2026-09-05;"Occupés à compter des passes de ballon, la moitié des spectateurs ne voient pas un homme déguisé en gorille traverser lentement l'écran.";"La cécité d'inattention (traduction la plus fréquente de l'expression anglaise inattentional blindness) est le fait d'échouer à remarquer un stimulus pourtant parfaitement visible."
Q5057951;cosmos;"";"Celestis";"phare";6;0;a-ecrire;"";2026-09-03;;;"Les cendres du créateur de Star Trek et celles de Timothy Leary ont été mises en orbite dans des capsules commerciales.";"Celestis, Inc. is a company that launches cremated human remains into space, a procedure known as a space burial. It is a subsidiary of the private space company Space Services Inc."
Q863495;esprit;"Cellule de grille";"Grid cell";"phare";6;2;ecrit;"fr";2026-09-03;2026-09-07;;"Certains de vos neurones pavent l'espace d'un quadrillage hexagonal parfait : un GPS biologique dans votre tête, récompensé par un prix Nobel.";"Une cellule de grille est un type de neurone présent dans le cerveau de nombreuses espèces qui leur permet de connaître leur position dans l'espace. Les cellules de grille ont été découvertes en 2005 par Edvard Moser, May-Britt Moser et leurs élèves Torkel Hafting, Marianne Fyhn et Sturla Molden du Centre de biologie de la Mémoire (CBM) en Norvège."
Q1756192;vivant;"";"Ceratioidei";"phare";6;0;publie;"fr";2026-09-03;;2026-09-05;"Le mâle, minuscule, mord la femelle, fusionne avec elle jusqu'à partager sa circulation sanguine, puis se dissout en une simple paire de testicules greffés.";"Ceratioidei, the pelagic anglerfishes or deep-sea anglerfishes, is a suborder of marine ray-finned fishes, one of five suborders in the order Lophiiformes, the anglerfishes."
Q656004;arts;"Céruse";"White lead";"phare";6;2;a-ecrire;"";2026-09-03;;;"Le blanc des peintres et des visages de cour se fabriquait avec du plomb et du fumier, et rongeait la peau qu'il couvrait.";"La céruse, encore appelée blanc de Saturne, blanc de plomb ou blanc d'argent, est un pigment synthétique blanc opaque à base de plomb. C'est un « carbonate de plomb basique » de formule chimique 2 PbCO3·Pb(OH)2, siccatif dans les peintures à l'huile."
Q684782;esprit;"Chair de poule";"Goose bumps";"phare";6;3;ecrit;"fr";2026-09-03;2026-09-07;;"La chair de poule sert à gonfler une fourrure que nous n'avons plus : c'est un réflexe devenu orphelin.";"La chair de poule ou piloérection, réflexe pilo-moteur ou encore horripilation est une réaction de l'organisme face à certaines situations comme le froid, la peur, et certains états de jouissance."
Q2618174;terre;"Chant des dunes";"Singing sand";"phare";6;3;a-ecrire;"";2026-09-03;;;"Certaines dunes émettent un bourdonnement grave qu'on entend à plusieurs kilomètres, produit par le glissement synchronisé des grains.";"Le chant des dunes est le bruit émis par certaines dunes dans les déserts lorsque les grains de sable qui les composent entrent en résonance. Ces dunes sont nommées dunes mugissantes ou dunes musicantes."
Q14524;cosmos;"";"Charles Messier";"phare";6;4;ecrit;"fr";2026-09-03;2026-09-07;;"Son fameux catalogue n'est qu'une liste d'objets à éviter, dressée par un chasseur de comètes excédé de se tromper.";"Charles Messier, né à Badonviller dans la principauté de Salm-Salm le 26 juin 1730 et mort à Paris le 12 avril 1817, est un astronome franco-salmien, éminent chasseur de comètes."
Q160349;histoire;"Charles VI (roi de France)";"Charles VI of France";"phare";6;1;ecrit;"fr";2026-09-03;2026-09-07;;"Un roi de France s'est cru fait de verre, interdisait qu'on l'approche et faisait coudre des baleines dans ses vêtements pour ne pas se briser.";"Charles VI, dit « le Bien-Aimé » et parfois, de manière posthume depuis le XIXe siècle, « le Fou » ou « le Fol », né à Paris le 3 décembre 1368 et mort dans la même ville le 21 octobre 1422, est roi de France de 1380 jusqu'à sa mort."
Q721657;arts;"Chaudron de Gundestrup";"Gundestrup cauldron";"phare";6;2;a-ecrire;"";2026-09-03;;;"Démonté et déposé dans une tourbière danoise, ce chaudron d'argent couvert de dieux celtes a probablement été martelé dans les Balkans.";"Le bassin de Gundestrup, souvent dit « chaudron de Gundestrup », est un récipient datant du Ier siècle av. J.-C. retrouvé en 1891 dans une tourbière du Jutland au Danemark."
Q146212;vivant;"Chou commun";"Brassica oleracea";"phare";6;2;ecrit;"fr";2026-09-03;2026-09-07;;"Le chou, le brocoli, le chou-fleur, le chou de Bruxelles et le chou-rave sont tous la même espèce, remodelée organe par organe.";"Le chou (Brassica oleracea L., 1753) est une espèce de plantes de la famille des Brassicacées (ou crucifères), originaire du Sud-Ouest de l'Europe. La majorité des variétés sont bisannuelles, leurs feuilles comestibles peuvent ou non former une tête compacte ou « pomme »."
Q1422792;vivant;"";"Chrysopelea";"phare";6;0;ecrit;"fr";2026-09-03;2026-09-07;;"Ce serpent se jette d'une branche, aplatit son corps en ruban concave et ondule dans le vide pour planer sur une vingtaine de mètres.";"Chrysopelea est un genre de serpents de la famille des Colubridae."
Q10454504;vivant;"";"Cladosporium sphaerospermum";"phare";6;2;a-ecrire;"";2026-09-03;;;"Ce champignon noir colonise les murs du réacteur de Tchernobyl et pousse plus vite vers les sources radioactives : il semble se nourrir des rayonnements.";"Cladosporium sphaerospermum, est un champignon radiotrope du genre Cladosporium retrouvé à l’intérieur de la centrale de Tchernobyl."
Q289502;sciences;"Clair Patterson";"Clair Patterson";"phare";6;2;a-ecrire;"";2026-09-03;;;"Pour dater la Terre, il a dû inventer la salle blanche, et découvert au passage que la planète entière avait été contaminée au plomb.";"Clair Cameron Patterson (2 juin 1922 à Mitchellville, Iowa, États-Unis - 5 décembre 1995 à Sea Ranch, en Californie) est un géochimiste américain. Utilisant ses connaissances en géochimie et spectroscopie, il développe dans les années 1950 la datation à l'uranium-plomb, ce qui lui permet d'établir l'âge de la Terre à 4,55 milliards d'années."
Q173527;arts;"Cnossos";"Knossos";"phare";6;0;a-ecrire;"";2026-09-03;;;"Arthur Evans a « restauré » le palais minoen en béton armé peint, inventant des fresques entières à partir de quelques éclats d'original.";"Cnossos ou Knossos (en grec ancien : Κνωσός / Knōsós, en mycénien : 𐀒𐀜𐀰 / ko-no-so) est un site archéologique crétois de l'âge du bronze en Europe, situé à cinq kilomètres au sud-est d'Héraklion, à l'ouest du fleuve Amnisos."
Q752436;vivant;"";"Common wombat";"phare";6;0;publie;"fr";2026-09-03;;2026-09-05;"Son intestin étire la matière de façon inégale et produit des crottes cubiques, qu'il empile sur les rochers sans qu'elles roulent.";"Vombatus ursinus, le Wombat commun, unique représentant du genre Vombatus, est l'une des trois espèces de wombats et le plus gros mammifère creusant un terrier."
Q423163;esprit;"Complexe majeur d'histocompatibilité";"Major histocompatibility complex";"phare";6;2;ecrit;"fr";2026-09-03;2026-09-07;;"Des femmes ont reniflé des tee-shirts portés par des inconnus et préféré, sans le savoir, ceux des hommes au système immunitaire le plus différent du leur.";"Les protéines du complexe majeur d’histocompatibilité de classe I et de classe II jouent un rôle essentiel dans la branche adaptative du système immunitaire. Les deux classes de protéines partagent la tâche de présenter des peptides à la surface des cellules pour qu’ils soient reconnus par les lymphocytes T."
Q1190499;arts;"Concerto pour la main gauche";"";"phare";6;4;a-ecrire;"";2026-09-03;;;"Ravel l'a écrit pour un pianiste amputé du bras droit à la guerre, qui a d'abord détesté la partition et l'a modifiée sans prévenir.";"Le Concerto pour la main gauche en ré majeur de Maurice Ravel est un concerto pour piano et orchestre en un seul mouvement composé entre 1929 et 1931 et créé à Vienne le 5 janvier 1932 par son dédicataire, le pianiste autrichien Paul Wittgenstein qui a perdu le bras droit au cours de la Première Guerre mondiale."
Q41611;esprit;"Coriandre";"Coriander";"phare";6;1;ecrit;"fr";2026-09-03;2026-09-07;;"Une variante d'un gène de l'odorat fait percevoir un goût de savon là où d'autres sentent une herbe fraîche, et la dispute est génétique.";"La coriandre ou coriandre cultivée (Coriandrum sativum) est une espèce de plantes à fleurs de la famille des Apiacées (Ombellifères). C'est une plante herbacée annuelle aromatique cultivée dans les zones tempérées du monde entier et employée pour de nombreuses préparations culinaires, particulièrement en Asie, en Amérique latine et dans la cuisine méditerranéenne."
Q3484449;vivant;"";"Coryanthes";"phare";6;0;ecrit;"fr";2026-09-03;2026-09-07;;"Cette orchidée fabrique un seau de liquide dans lequel l'abeille tombe, et dont elle ne peut ressortir que par un tunnel qui la colle au pollen.";"Coryanthes, commonly known as bucket orchids, is a genus of neotropical epiphytic orchids (family Orchidaceae). This genus is abbreviated as Crths in horticultural trade."
Q1777293;sciences;"Coudée royale égyptienne";"";"phare";6;2;a-ecrire;"";2026-09-03;;;"Les étalons de coudée des chantiers de pyramides ne varient que de quelques dixièmes de millimètre sur des monuments entiers.";"La coudée royale (translittération : mḥ nsw) appelée également grande coudée est la mesure de référence du système de mesures utilisée par les architectes égyptiens dans leurs calculs pour l'élaboration de monuments tel « la grande pyramide de Gizeh »."
Q254170;mysteres;"Crâne de cristal";"Crystal skull";"phare";6;1;a-ecrire;"";2026-09-03;;;"Les crânes « précolombiens » des grands musées portent au microscope les traces d'outils rotatifs européens du XIXe siècle.";"Un crâne de cristal est une statuette représentant un crâne humain, taillée dans du cristal de roche. Ce type d'objet apparaît à partir du XIXe siècle et était présenté comme de l'art précolombien."
Q62080610;terre;"Cratère de Yamal";"Yamal crater";"phare";6;0;a-ecrire;"";2026-09-03;;;"Des cratères parfaitement ronds apparaissent en Sibérie sans témoin : des poches de méthane sous pression font sauter le sol gelé.";"Le cratère de Yamal est une doline particulière découverte à Yamal en 2014. Il attire rapidement l’attention des médias du monde entier."
Q469081;vivant;"Crepidula fornicata";"Crepidula fornicata";"phare";6;1;ecrit;"fr";2026-09-03;2026-09-07;;"Ces mollusques s'empilent en colonnes vivantes : les individus du dessous sont femelles, ceux du dessus mâles, et chacun change en montant dans la pile.";"Crepidula fornicata est une espèce de mollusques gastéropodes marins connue sous le nom de crépidule ou berlingot de mer. Espèce ingénieure, elle est originaire de la façade atlantique de l'Amérique du Nord et est devenue envahissante en Europe."
Q655389;arts;"Cristal Baschet";"";"phare";6;1;a-ecrire;"";2026-09-03;;;"On en joue en frottant des tiges de verre avec les doigts mouillés, le son étant amplifié par d'immenses cônes de tôle.";"L'Orgue de verre Lasry-Baschet, orgue de cristal Lasry ou Cristal Baschet sont un même nom, à différentes époques, de diverses évolution de l'euphone."
Q1790393;esprit;"Cryptomnésie";"Cryptomnesia";"phare";6;1;ecrit;"fr";2026-09-03;2026-09-07;;"On peut « inventer » sincèrement une mélodie qu'on a entendue puis oubliée, et plusieurs procès de plagiat célèbres se sont conclus là-dessus.";"La cryptomnésie, du grec kruptos « caché », « secret » et mnémè « mémoire », « souvenir », littéralement « souvenir caché », est un biais mémoriel par lequel une personne a l'impression erronée d'avoir produit une pensée (une idée, une chanson, une plaisanterie), alors que cette pensée a été en réalité produite par quelqu'un d'autre."
Q136005;vivant;"Cupriavidus metallidurans";"";"phare";6;1;ecrit;"fr";2026-09-03;2026-09-07;;"Cette bactérie avale des composés d'or toxiques et les recrache sous forme de minuscules pépites d'or métallique pur.";"Cupriavidus metallidurans souche CH34 est une bactérie à Gram négatif, non sporulante, aérobie-anaérobie facultative appartenant à la famille des bêta-protéobactéries."
Q332674;cosmos;"";"Cygnus X-1";"phare";6;0;ecrit;"fr";2026-09-03;2026-09-07;;"Hawking avait parié que ce n'était pas un trou noir ; il a perdu et payé sa dette en abonnement à un magazine pour hommes.";"En astronomie, Cygnus X-1 est une binaire X à forte masse et fut le premier candidat trou noir clairement identifié."
Q35321;arts;"Damin (langue)";"Damin";"phare";6;0;a-ecrire;"";2026-09-03;;;"Un langage cérémoniel australien à clics, réservé aux initiés, entièrement inventé de toutes pièces par une culture qui parlait déjà autre chose.";"Le damin est une langue cérémonielle parlée par les hommes des tribus Lardil (en) et Yangkaal (en) ayant atteint le deuxième niveau d'initiation. Ces deux tribus habitent des îles du golfe de Carpentarie ; les Lardil vivent sur l'île Mornington, la plus grande île de l'archipel Wellesley, et les Yangkaal sur l'île Forsyth."
Q390802;mysteres;"Darvaza";"Darvaza";"phare";6;2;a-ecrire;"";2026-09-03;;;"Un forage soviétique s'est effondré dans le désert turkmène et on a mis le feu au gaz pour quelques semaines : il brûle depuis un demi-siècle.";"Darvaza (en turkmène : Derweze, signifiant « portail ») est un village du Turkménistan situé au milieu du désert du Karakoum, à 260 kilomètres au nord d'Achgabat."
Q861927;arts;"De la consolation de la philosophie";"On the Consolation of Philosophy";"phare";6;3;a-ecrire;"";2026-09-03;;;"Boèce a écrit l'un des livres les plus lus du Moyen Âge en attendant, dans sa cellule, d'être exécuté.";"De la consolation de la philosophie (latin : De consolatione philosophiae ) est un dialogue philosophique écrit par Boèce vers 524. Il s'agit de l'une des premières grandes œuvres du Moyen Âge."
Q974141;arts;"De re coquinaria";"Apicius";"phare";6;2;a-ecrire;"";2026-09-03;;;"Le plus vieux livre de cuisine romain donne des recettes de loirs farcis et explique comment maquiller un vin tourné.";"De re coquinaria ou L'Art culinaire est le nom donné à une compilation de recettes culinaires romaines en dix livres constituée à la fin du IVe siècle. On y trouve par exemple les recettes du « Cochon de lait à la sauce piquante », de la « Saucisses de Lucanie » ou des « Sauces pour le faisan »."
Q212397;sciences;"Démon de Maxwell";"Maxwell's demon";"phare";6;1;a-ecrire;"";2026-09-03;;;"Un être capable de trier les molécules rapides et lentes détruirait la thermodynamique ; il a fallu un siècle pour comprendre que sa mémoire coûte cher.";"Le démon de Maxwell est une expérience de pensée imaginée par James Clerk Maxwell en 1867, pour suggérer que la seconde loi de la thermodynamique n'est vraie que de manière statistique."
Q782859;vivant;"Dendrocnide moroides";"Dendrocnide moroides";"phare";6;2;ecrit;"fr";2026-09-03;2026-09-07;;"Ses poils de silice injectent une toxine si stable que la douleur peut revenir des mois plus tard, sous une simple douche froide.";"Dendrocnide moroides, la Gympie Gympie ou Reine des orties, est une espèce de plantes à fleurs de la famille des Urticaceae. C'est un grand arbuste originaire de zones de forêt pluviale du nord-est de l'Australie, des Moluques et en Indonésie."
Q941965;vivant;"Dermatobia hominis";"Dermatobia hominis";"phare";6;2;ecrit;"fr";2026-09-03;2026-09-07;;"Cette mouche colle ses œufs sur un moustique, qui les dépose sur un humain ; la larve grandit sous la peau en respirant par un trou.";"Dermatobia est un genre d'insectes diptères, qui ne comprend qu'une espèce, Dermatobia hominis. Il s'agirait du seul Cuterebrinae (famille des Oestridae) s'attaquant aux primates, incluant l'humain."
Q147267;vivant;"Didelphis virginiana";"Virginia opossum";"phare";6;1;ecrit;"fr";2026-09-03;2026-09-07;;"Son sang contient une protéine qui neutralise le venin des serpents, et sa paralysie de terreur, involontaire, va jusqu'à l'odeur de cadavre.";"Didelphis virginiana est une espèce de Didelphidae qui possède de nombreux noms vernaculaires en français, tels qu'Opossum de Virginie, Opossum d'Amérique, Sarigue d'Amérique du Nord, rat de bois (en français louisianais), Sarigue de Virginie ou Opossum d'Amérique du Nord."
Q9106;sciences;"Dmitri Mendeleïev";"Dmitri Mendeleev";"phare";6;0;a-ecrire;"";2026-09-03;;;"Il a laissé des cases vides dans son tableau et prédit la densité d'éléments inconnus à la décimale près, quinze ans avant leur découverte.";"Dmitri Ivanovitch Mendeleïev (parfois écrit Dimitri, en russe d'époque Дмитрій Ивановичъ Менделѣевъ ; en russe moderne Дмитрий Иванович Менделеев, [ˈdmʲitrʲɪj ɪˈvanəvʲɪtɕ mʲɪndʲɪˈlʲejɪf] ), né le 27 janvier 1834 (8 février dans le calendrier grégorien) à Tobolsk et mort le 20 janvier 1907 (2 février"
Q3508719;esprit;"";"Dopamine dysregulation syndrome";"phare";6;1;a-ecrire;"";2026-09-03;;;"Des traitements de Parkinson transforment certains patients en joueurs compulsifs, jusqu'au jour où l'on baisse la dose.";"Le syndrome de dysrégulation dopaminergique (SDD) est un ensemble de troubles du comportement touchant des patients parkinsoniens traités par médicaments antiparkinsoniens."
Q1252427;sciences;"Douglas Prasher";"Douglas Prasher";"phare";6;3;a-ecrire;"";2026-09-03;;;"Celui qui avait cloné la protéine fluorescente verte conduisait la navette d'un concessionnaire automobile quand ses collègues ont reçu le Nobel.";"Douglas C. Prasher (né en août 1951) est un biologiste moléculaire américain. Il est surtout connu pour ses travaux sur le clonage et le séquençage des gènes de la photoprotéine (en) aequorin (en) et de la protéine fluorescente verte (GFP), ainsi que pour son idée d'utiliser la GFP comme traceur."
Q662586;arts;"";"Doves Press";"phare";6;0;a-ecrire;"";2026-09-03;;;"Fâché avec son associé, un imprimeur a jeté nuit après nuit les caractères de plomb dans la Tamise ; on en a repêché un siècle plus tard.";"La société Doves Press est une maison d'édition et imprimerie du type « presse privée », fondée en 1900, dans l'inspiration du mouvement Arts & Crafts par Thomas James Cobden-Sanderson à Hammersmith, quartier de Londres."
Q1920844;esprit;"Écholocalisation humaine";"Human echolocation";"phare";6;2;ecrit;"fr";2026-09-03;2026-09-07;;"Certains aveugles claquent la langue et perçoivent les murs, les arbres, une porte ouverte : leur cortex visuel s'allume à chaque écho.";"L’écholocalisation humaine est la capacité des humains à détecter des objets dans leur environnement au travers d'échos reçus de ces objets. Cette capacité est utilisée par certains aveugles pour se déplacer dans leur environnement."
Q673205;esprit;"Effet cocktail party";"Cocktail party effect";"phare";6;0;ecrit;"fr";2026-09-03;2026-09-07;;"Dans un brouhaha où vous ne comprenez plus rien, votre prénom prononcé à l'autre bout de la pièce vous parvient instantanément.";"En psychoacoustique on appelle effet cocktail party la capacité à diriger son attention pour suivre un flux sonore particulier parmi une quantité d'autres émissions, tout en restant sensible à d'autres signaux sonores."
Q1153614;esprit;"Effet de simple exposition";"Mere-exposure effect";"phare";6;0;a-ecrire;"";2026-09-03;;;"Vous préférez votre visage dans un miroir, vos proches vous préfèrent en photo : chacun aime la version qu'il voit le plus souvent.";"L’effet de simple exposition est un biais cognitif qui se caractérise par une augmentation de la probabilité d'avoir un sentiment positif envers quelqu'un ou quelque chose par la simple exposition répétée à cette personne ou cet objet."
Q5521563;esprit;"Effet Ganzfeld";"Ganzfeld effect";"phare";6;2;ecrit;"fr";2026-09-03;2026-09-07;;"Une lumière uniforme et un bruit constant suffisent à faire halluciner en quelques minutes un cerveau privé d'information.";"L'effet Ganzfeld (de l'allemand : ganzfeld, « champ entier »), ou privation sensorielle, est une expérience de perception produite par l'exposition à un champ de stimulation uniforme et non structuré."
Q18570;esprit;"Effet Hawthorne";"Hawthorne effect";"phare";6;0;a-ecrire;"";2026-09-03;;;"Dans une usine américaine, la productivité montait quand on augmentait l'éclairage — et montait aussi quand on le baissait.";"L'effet Hawthorne, ou expérience Hawthorne, décrit la situation dans laquelle les résultats d'une expérience ne sont pas dus aux facteurs expérimentaux mais au fait que les sujets ont conscience de participer à une expérience dans laquelle ils sont testés, ce qui se traduit généralement par une plus grande motivation."
Q220620;sciences;"Effet Meissner";"Meissner effect";"phare";6;5;a-ecrire;"";2026-09-03;;;"Refroidi sous sa température critique, un supraconducteur expulse tout champ magnétique et reste suspendu en l'air, immobile, comme cloué au vide.";"L'effet Meissner, ou effet Meißner (/ˈmaɪs.nɐ/), fait référence au phénomène d'exclusion totale de tout champ magnétique de l'intérieur d'un supraconducteur quand il est porté à une température inférieure à sa température critique."
Q1332954;esprit;"Effet nocebo";"Nocebo";"phare";6;0;ecrit;"fr";2026-09-03;2026-09-07;;"On peut développer des effets secondaires bien réels à partir de gélules de sucre, simplement parce qu'on vous a lu la liste des risques.";"L'effet nocebo ou effet nocébo (du latin nocēbō, « je nuirai », dérivé de noceō, « je nuis ») est un terme introduit en 1961 par Walter Kennedy. Il désigne le contraire du placebo (du latin placēbō, « je ferai plaisir », dérivé de placeō, « je fais plaisir »)."
Q28203;esprit;"Effet Purkinje";"Purkinje effect";"phare";6;1;ecrit;"fr";2026-09-03;2026-09-07;;"À la tombée du jour, les rouges s'éteignent et les bleus se mettent à briller, alors que rien n'a changé dans le paysage.";"L'effet Purkinje (du nom de son découvreur : Jan Evangelista Purkinje) désigne le fait que, chez l'être humain, la vision des couleurs dépend de la luminosité : à forte luminosité, ce sont les couleurs rouges que l'œil distingue le mieux mais lorsque l'illumination diminue, ce sont les couleurs plus bleues qui sont le mieux perçues."
Q855150;esprit;"Effet Pygmalion";"Pygmalion effect";"phare";6;0;a-ecrire;"";2026-09-03;;;"Désignez au hasard quelques élèves comme promis à des progrès : leurs résultats montent vraiment, parce que le maître les regarde autrement.";"L’effet Pygmalion (ou effet Rosenthal et Jacobson) est une prophétie autoréalisatrice qui provoque une amélioration des performances d'un sujet, en fonction du degré de croyance en sa réussite venant d'une autorité ou de son environnement."
Q5849717;esprit;"Effet stroboscopique";"Stroboscopic effect";"phare";6;0;ecrit;"fr";2026-09-03;2026-09-07;;"En pleine lumière continue, une roue qui accélère semble tourner à l'envers : votre cerveau échantillonne le monde par saccades.";"L'effet stroboscopique est un effet visuel de repliement de spectre qui apparaît lorsqu'un mouvement continu est représenté par de courts échantillons. Le stroboscope est le moyen classique de reproduire cet effet mais une caméra, ou un appareil photographique réglé pour exposer plusieurs fois la même pellicule ou combiner deux images permettent également de l'observer."
Q1456730;esprit;"Effet Troxler";"Troxler's fading";"phare";6;2;ecrit;"fr";2026-09-03;2026-09-07;;"Fixez un point sans bouger les yeux : les couleurs autour s'effacent réellement, parce que votre vision jette ce qui ne change pas.";"L'effet Troxler est une illusion d'optique affectant la perception visuelle. Lorsqu'on fixe son attention sur un point particulier de notre champ de vision, certains traits de l'environnement visuel en périphérie du point de fixation semblent disparaître après une assez courte période de temps."
Q318449;sciences;"";"Elisha Gray";"phare";6;0;a-ecrire;"";2026-09-03;;;"Il a déposé sa demande de brevet du téléphone le même jour que Bell, quelques heures trop tard, et a perdu le procès du siècle.";"Elisha Gray, né le 2 août 1835 à Barnesville (Ohio) et mort le 21 janvier 1901 à Newton (Massachusetts), est un inventeur américain."
Q7099;sciences;"Emmy Noether";"Emmy Noether";"phare";6;0;a-ecrire;"";2026-09-03;;;"Son théorème explique pourquoi l'énergie se conserve ; l'université l'a longtemps laissée enseigner gratuitement, sous le nom d'un collègue masculin.";"Amalie Emmy Noether (23 mars 1882 – 14 avril 1935) est une mathématicienne allemande spécialiste d'algèbre abstraite et de physique théorique. Considérée par Albert Einstein comme « le génie mathématique créatif le plus considérable produit depuis que les femmes ont eu accès aux études supérieures », elle a révolutionné les théories des anneaux, des corps et des algèbres."
Q1428492;vivant;"Entomophthora muscae";"";"phare";6;2;publie;"fr";2026-09-03;;2026-09-05;"La mouche infectée grimpe en hauteur, déploie ses ailes et meurt dans une posture d'invitation sexuelle, si convaincante que les mâles s'accouplent avec le cadavre.";"Entomophthora muscae (anciennement Empusa muscae) est une espèce de champignons qui est un parasite obligé de la mouche domestique, son hôte naturel, qui les digère et modifie leur comportement avant de causer leur mort."
Q1059672;arts;"Épitaphe de Seikilos";"Seikilos epitaph";"phare";6;5;a-ecrire;"";2026-09-03;;;"Gravée sur une colonne funéraire grecque, c'est la plus ancienne mélodie complète du monde, paroles et notation musicale comprises.";"L'épitaphe de Seikilos ou la chanson de Tralles est un fragment d'inscription lapidaire grecque, partiellement accompagné d'une notation musicale, gravée sur une stèle de marbre placée sur la tombe qu'a fait ériger un certain Seikilos pour son épouse ou son père, dans l'ancienne Tralles (à une trent"
Q8272;arts;"Épopée de Gilgamesh";"Epic of Gilgamesh";"phare";6;1;a-ecrire;"";2026-09-03;;;"En déchiffrant un récit de déluge sur une tablette, George Smith se serait mis à courir dans le musée en arrachant ses vêtements.";"L’Épopée de Gilgamesh (prononcé /ɡil.ɡa.mɛʃ/) est un récit épique de la Mésopotamie et l’une des œuvres littéraires les plus anciennes de l’humanité. La première version connue a été rédigée en akkadien dans la Babylonie du XVIIIe au XVIIe siècle av."
Q17143206;arts;"";"Erased de Kooning Drawing";"phare";6;0;a-ecrire;"";2026-09-03;;;"Un jeune artiste a demandé un dessin à un maître pour l'effacer entièrement et exposer la feuille vide comme son œuvre.";"Erased de Kooning Drawing is an early work of American artist Robert Rauschenberg, from 1953. This conceptual work presents an almost blank piece of paper in a gilded frame."
Q1325315;mysteres;"";"Erdstall";"phare";6;1;a-ecrire;"";2026-09-03;;;"Des milliers de galeries médiévales étroites creusées sous la Bavière et l'Autriche, sans trace d'habitation, sans un écrit, sans usage identifié.";"Un souterrain-refuge est une cavité creusée dans le sous-sol pour se protéger des désordres et de l'insécurité notamment durant les guerres médiévales."
Q955948;esprit;"Ergotisme";"Ergotism";"phare";6;1;a-ecrire;"";2026-09-03;;;"Un champignon du seigle a fait convulser et halluciner des villages entiers, et l'on soupçonne le pain d'avoir joué un rôle à Salem.";"L’ergotisme est une maladie affectant l'humain ou les animaux herbivores qui résulte d'une intoxication par ingestion d’alcaloïdes produits par l'ergot du seigle (Claviceps purpurea) ou d'autres espèces du genre Claviceps."
Q5402647;terre;"";"Eternal Flame Falls";"phare";6;0;a-ecrire;"";2026-09-03;;;"Derrière le rideau d'eau de cette petite cascade, une flamme brûle en permanence, alimentée par du méthane qui suinte de la roche.";"The Eternal Flame Falls is a small waterfall located in the Shale Creek Preserve, a section of Chestnut Ridge Park in Western New York. A small grotto at the waterfall's base emits natural gas, which can be lit to produce a small flame."
Q2566450;cosmos;"Étoile de Przybylski";"Przybylski's Star";"phare";6;1;publie;"fr";2026-09-03;;2026-09-05;"Son atmosphère contient des éléments radioactifs artificiels dont la demi-vie ne dépasse pas quelques centaines d'années, donc fabriqués récemment.";"HD 101065, officieusement surnommée l'étoile de Przybylski, est une étoile sous-géante chimiquement particulière de la constellation du Centaure située à ∼ 355 a.l."
Q649803;sciences;"Expérience de la goutte d'huile de Millikan";"Oil drop experiment";"phare";6;1;a-ecrire;"";2026-09-03;;;"Pendant des décennies, la charge mesurée de l'électron a dérivé lentement vers la bonne valeur, chacun n'osant pas trop s'écarter de son prédécesseur.";"L'expérience de la goutte d'huile, réalisée par Millikan (université de Chicago) au début du XXe siècle, consiste à pulvériser de minuscules gouttes d'huile électrisées entre les deux électrodes horizontales d'un condensateur plan chargé."
Q743142;sciences;"Expérience de Stern et Gerlach";"Stern–Gerlach experiment";"phare";6;0;a-ecrire;"";2026-09-03;;;"La trace décisive n'est apparue sur la plaque que parce qu'un des chercheurs fumait des cigares bon marché dont le soufre a révélé l'argent.";"L'expérience de Stern et Gerlach est une expérience de mécanique quantique, mettant en évidence l'existence du spin. L'expérience a été mise au point par Otto Stern et Walther Gerlach en février 1922."
Q573947;sciences;"Fentes de Young";"Young's interference experiment";"phare";6;0;a-ecrire;"";2026-09-03;;;"La particule sait si on la regarde.";"Les fentes de Young (ou interférences de Young) désignent en physique une expérience qui consiste à faire interférer deux faisceaux de lumière issus d'une même source, en les faisant passer par deux petits trous percés dans un plan opaque."
Q183579;histoire;"Ferdinand Ier (empereur d'Autriche)";"Ferdinand I of Austria";"phare";6;1;ecrit;"fr";2026-09-03;2026-09-07;;"Empereur épileptique et simple d'esprit, il n'a laissé qu'une phrase célèbre: « Je suis l'empereur et je veux des boulettes. ».";"Ferdinand Ier, né à Vienne le 19 avril 1793 et mort à Prague le 29 juin 1875, est empereur d'Autriche, roi de Hongrie, roi de Bohême et de Lombardie-Vénétie sous le nom de Ferdinand V du 2 mars 1835 au 2 décembre 1848."
Q646783;histoire;"Fête des Fous";"Feast of Fools";"phare";6;0;ecrit;"fr";2026-09-03;2026-09-07;;"Les clercs élisaient un évêque bouffon, chantaient les offices à l'envers et brûlaient de vieilles chaussures dans l'encensoir, à l'intérieur de l'église.";"La fête des Fous, ou fête des Innocents, était une mascarade, organisée en principe les 26, 27 et 28 décembre, à laquelle les ecclésiastiques participaient activement."
Q1435125;esprit;"Fœtus in fœtu";"Fetus in fetu";"phare";6;1;publie;"fr";2026-09-03;;2026-09-05;"Des chirurgiens ouvrent l'abdomen d'un enfant qui grossit anormalement et y trouvent son jumeau, arrêté au stade fœtal.";"Un fœtus in fœtu ou fetus in fetu, (FIF) est une anomalie du développement de l'embryon au cours de laquelle un fœtus se trouve inclus à l'intérieur du corps de son jumeau, pouvant donner lieu au développement d'un tronc, d'organes, de membres à l'intérieur du fœtus-hôte."
Q1435409;esprit;"Folie à deux";"Folie à deux";"phare";6;1;ecrit;"fr";2026-09-03;2026-09-07;;"Un délire peut se transmettre par simple cohabitation, et le second croyant guérit souvent en quelques jours si on sépare le couple.";"La psychose partagée ou psychose induite est un phénomène psychiatrique résultant de l'adoption de la thématique délirante d'un individu psychotique et du mode de vie qui y est lié par un proche également psychotique."
Q148443;arts;"";"Fraktur";"phare";6;3;a-ecrire;"";2026-09-03;;;"Les nazis ont d'abord imposé cette écriture gothique comme purement allemande, avant de l'interdire en la déclarant d'origine juive.";"L'écriture Fraktur (en allemand : Frakturschrift), couramment appelée écriture gothique ou gothique allemande, est un type d'écriture gothique, version typographique de l'alphabet latin apparue en Allemagne au début du XVIe siècle et qui a perduré jusqu’au XXe siècle."
Q180350;sciences;"";"Frederick Banting";"phare";6;1;a-ecrire;"";2026-09-03;;;"Il a cédé le brevet de l'insuline pour un dollar symbolique, estimant qu'un remède ne pouvait pas appartenir à quelqu'un.";"Frederick Grant Banting (14 novembre 1891 – 21 février 1941) est un médecin et scientifique canadien récompensé par le prix Nobel de physiologie ou médecine de 1923, pour avoir découvert l'insuline."
Q115462;cosmos;"Fritz Zwicky";"Fritz Zwicky";"phare";6;0;ecrit;"fr";2026-09-03;2026-09-07;;"Il a prédit la matière noire, les étoiles à neutrons et les lentilles gravitationnelles, tout en traitant ses collègues de « salauds sphériques ».";"Fritz Zwicky, né le 14 février 1898 à Varna en Bulgarie et mort le 8 février 1974 à Pasadena aux États-Unis, est un astrophysicien suisse. Il exerce toute sa carrière professionnelle au California Institute of Technology, à Pasadena, mais il refuse de prendre la nationalité américaine."
Q918795;esprit;"Fruit miracle";"Synsepalum dulcificum";"phare";6;2;ecrit;"fr";2026-09-03;2026-09-07;;"Une baie ouest-africaine reprogramme vos papilles pendant une heure : mordre un citron devient boire de la limonade.";"Le fruit miracle ou fruit miraculeux (Synsepalum dulcificum ou Sideroxylon dulcificum danielli) est une espèce de plantes à fleurs de la famille des Sapotaceae."
Q5537568;histoire;"";"George C. Parker";"phare";6;2;publie;"fr";2026-09-03;;2026-09-05;"Il a vendu plusieurs fois le pont de Brooklyn à des immigrants, que la police devait ensuite empêcher d'y installer des péages.";"George C. Parker (March 16, 1860 – January 9, 1937) was an American con man who conducted an array of illegal sales, mostly of real estate property he did not own, to unwary immigrants."
Q255886;arts;"Gill Sans";"Gill Sans";"phare";6;0;a-ecrire;"";2026-09-03;;;"La typographie officielle des chemins de fer britanniques a été dessinée par un homme dont les journaux intimes ont révélé des crimes atroces.";"Gill Sans est une police de caractères sans empattement - en anglais : sans-serif (d'où son qualificatif de Sans) - créée en 1928 par le graphiste et sculpteur britannique Eric Gill."
Q1801472;terre;"Glossopteris (genre fossile)";"Glossopteris";"phare";6;0;a-ecrire;"";2026-09-03;;;"Des fougères fossiles ramassées en Antarctique ont prouvé que ce continent gelé était autrefois collé à l'Inde et à l'Afrique.";"Glossopteris est un genre de plantes de l'ordre éteint des Glossopteridales. C'est le genre le mieux connu de cet ordre."
Q5581713;histoire;"";"Gong farmer";"phare";6;0;ecrit;"fr";2026-09-03;2026-09-07;;"Les vidangeurs de fosses anglais ne travaillaient que la nuit, gagnaient très bien leur vie et devaient loger à l'écart du reste de la ville.";"Gong farmer (also gongfermor, gongfermour, gong-fayer, gong-fower or gong scourer) was a term that entered use in Tudor England to describe someone who dug out and removed human excrement from privies and cesspits."
Q169917;sciences;"Graphène";"Graphene";"phare";6;0;a-ecrire;"";2026-09-03;;;"Ses découvreurs l'ont isolé en arrachant des couches de mine de crayon avec du ruban adhésif, un vendredi soir de bricolage récompensé par un Nobel.";"Le graphène est un matériau bidimensionnel cristallin, forme allotropique du carbone dont l'empilement constitue le graphite. Des analogues inorganiques du graphène tels que les MXenes ou les MBenes ont aussi pu être développés."
Q232768;vivant;"";"Great hornbill";"phare";6;0;publie;"fr";2026-09-03;;2026-09-05;"La femelle s'emmure dans un tronc avec de la boue et ses fientes, laissant une fente par laquelle le mâle la nourrit pendant des mois.";"Le Calao bicorne (Buceros bicornis) est une espèce d'oiseau appartenant à la famille des Bucerotidae. C'est l'animal légendaire du peuple Chin figurant sur le drapeau de l’État du même nom (Birmanie)."
Q6418650;terre;"Grotte de Kitum";"";"phare";6;1;a-ecrire;"";2026-09-03;;;"Des éléphants y entrent la nuit depuis des générations pour gratter le sel des parois, creusant eux-mêmes la grotte sur des centaines de mètres.";"La grotte de Kitum est située dans le parc national du mont Elgon sur le versant kényan du volcan, non loin de la frontière avec l'Ouganda. La grotte devient célèbre dans les années 1980, quand deux visiteurs européens y auraient contracté le virus de Marburg, un filovirus de la famille du virus Ebola et, potentiellement aussi dangereux."
Q44889;terre;"Grotte Sơn Đông";"Hang Sơn Đoòng";"phare";6;0;a-ecrire;"";2026-09-03;;;"La galerie est si vaste qu'un gratte-ciel y tiendrait, avec sa propre jungle, sa rivière et des nuages qui se forment à l'intérieur.";"La grotte Sơn Đoòng, mieux connue comme la grotte Hang Son Doong (du vietnamien : Hang Sơn Đoòng signifiant Caverne de la montagne), se trouve dans le district de Bo Trach, dans le nord de Đồng Hới, dans la province de Quảng Bình au Viêt Nam."
Q1311736;arts;"Grottes de Barabar";"Barabar Caves";"phare";6;0;a-ecrire;"";2026-09-03;;;"Le granit y est poli comme un miroir et un simple mot prononcé à l'intérieur continue de résonner plusieurs secondes.";"Les grottes de Barabar — parfois aussi nommées grottes de Khalatika du nom de la colline à l'époque de l’empereur Ashoka, ou bien « grottes des Sat-Garha » (des sept caves) —, sont les plus anciennes grottes artificielles de l'Inde, datant de l'Empire Maurya (322-185 av."
Q312925;histoire;"Guéorgui Markov (écrivain bulgare)";"Georgi Markov";"phare";6;4;publie;"fr";2026-09-03;;2026-09-05;"Un dissident bulgare a été tué à Londres par une bille de ricine grosse comme une tête d'épingle, tirée par la pointe d'un parapluie.";"Guéorgui Ivanov Markov (en bulgare : Георги Иванов Марков) (Sofia, 1er mars 1929 - Balham, Londres, 11 septembre 1978) est un dissident bulgare, auteur de romans et de pièces de théâtre, assassiné par les services secrets bulgares en 1978."
Q482469;vivant;"Halicephalobus mephisto";"Halicephalobus mephisto";"phare";6;1;ecrit;"fr";2026-09-03;2026-09-07;;"Ce ver d'un demi-millimètre a été trouvé vivant à 3,6 kilomètres sous terre, dans une eau chaude isolée de la surface depuis des milliers d'années.";"Halicephalobus mephisto est une espèce de nématodes de la famille des Rhabditidae découverte par le microbiologiste américain Tullis Onstott de l'université de Princeton et confirmée par Gaetan Borgonie de l’université de Gand en Belgique en 2011."
Q61670;esprit;"Hans Berger (neurologue)";"Hans Berger";"phare";6;0;a-ecrire;"";2026-09-03;;;"Il a inventé l'électroencéphalogramme en cherchant méthodiquement à prouver l'existence de la télépathie.";"Hans Berger, né à Neuses près de Cobourg le 21 mai 1873 et mort à Iéna le 1er juin 1941, est un neurologue allemand considéré comme le père de l'électroencéphalographie, étant le premier à avoir appliqué cette technique chez l'humain d'abord par trépanation puis vers 1929 « à la surface du crâne intact »."
Q1356498;esprit;"Harry Harlow";"Harry Harlow";"phare";6;2;ecrit;"fr";2026-09-03;2026-09-07;;"Ses bébés singes préféraient s'accrocher à une mère en tissu qui ne les nourrissait pas plutôt qu'à une mère en fil de fer qui les nourrissait.";"Harry Frederick Harlow, né le 31 octobre 1905 à Fairfield (Iowa) et mort 6 décembre 1981 à Tucson (Arizona), est un professeur de psychologie à l'université de Madison (Wisconsin)."
Q272085;cosmos;"HD 209458 b";"HD 209458 b";"phare";6;2;ecrit;"fr";2026-09-03;2026-09-07;;"Son atmosphère s'échappe en une queue de comète longue de dizaines de milliers de kilomètres.";"HD 209458 b, également appelée Osiris de façon informelle, est une planète, la seule connue à ce jour en orbite autour de l'étoile HD 209458, située à 157 années-lumière (48,1 parsecs) du Soleil, dans la constellation de Pégase."
Q152289;esprit;"";"Hemispatial neglect";"phare";6;0;publie;"fr";2026-09-03;;2026-09-05;"Ces patients mangent la moitié droite de leur assiette, rasent la moitié droite de leur visage, et ne comprennent même pas la question quand on évoque l'autre moitié.";"La négligence spatiale unilatérale (abrégée NSU, ou héminégligence) est définie comme l'incapacité à « détecter, s'orienter vers, ou répondre à des stimuli porteurs de signification lorsqu'ils sont présentés dans l'hémiespace contralésionnel » (opposé à la lésion)."
Q166026;esprit;"Hémisphérectomie";"Hemispherectomy";"phare";6;3;publie;"fr";2026-09-03;;2026-09-05;"Des enfants privés chirurgicalement d'un hémisphère entier réapprennent à parler et à marcher, la moitié restante reprenant patiemment le travail.";"L'hémisphérectomie est une opération chirurgicale où un hémisphère cérébral (une moitié du cerveau) est enlevé ou déconnecté de l'autre hémisphère. Cette opération est utilisée pour traiter le syndrome de Rasmussen, et les enfants qui ont eu des accidents vasculaires cérébraux handicapants ou qui ont des crises d'épilepsie extrêmement fréquentes."
Q41269;sciences;"Henri Becquerel";"";"phare";6;1;a-ecrire;"";2026-09-03;;;"Il a découvert la radioactivité parce qu'un ciel couvert l'a forcé à ranger ses sels d'uranium dans un tiroir, sur des plaques photo neuves.";"Antoine Henri Becquerel, né le 15 décembre 1852 dans l'ancien 12e arrondissement de Paris et mort le 25 août 1908 au Croisic, est un physicien français. Il découvre la radioactivité en 1896 et il est lauréat du prix Nobel de physique de 1903 (partagé avec Marie et Pierre Curie)."
Q102804;sciences;"Henri Moissan";"Henri Moissan";"phare";6;0;a-ecrire;"";2026-09-03;;;"Isoler le fluor lui a valu le Nobel, après avoir empoisonné, aveuglé ou tué plusieurs chimistes qui s'y étaient essayés avant lui.";"Henri Moissan, né le 28 septembre 1852 à Paris et mort le 20 février 1907 dans cette même ville, est un pharmacien-chimiste français, spécialiste des corps à hautes températures."
Q178813;terre;"Herculanum";"Herculaneum";"phare";6;0;a-ecrire;"";2026-09-03;;;"La chaleur du nuage volcanique a été telle que le cerveau d'une victime s'est transformé en verre noir.";"Herculanum (en latin Herculaneum, en italien Resina puis Ercolano depuis 1969) était une ville romaine antique située dans la région italienne de Campanie, détruite par l'éruption du Vésuve en l'an 79 apr."
Q596208;vivant;"";"Hero shrew";"phare";6;2;a-ecrire;"";2026-09-03;;;"La colonne vertébrale de cette musaraigne est si renforcée qu'un homme adulte peut se tenir debout sur l'animal sans le blesser.";"Scutisorex somereni est une espèce de musaraigne native d'Afrique. Elle est longtemps placée seule dans le genre Scutisorex jusqu'à la description, en 2013, de Scutisorex thori."
Q878856;mysteres;"Hinterkaifeck";"Hinterkaifeck murders";"phare";6;1;a-ecrire;"";2026-09-03;;;"Le tueur a vécu plusieurs jours dans la ferme après avoir massacré la famille : il a nourri le bétail et fait de la fumée dans la cheminée.";"Hinterkaifeck est le nom donné à une petite ferme située entre les villes bavaroises de Ingolstadt et Schrobenhausen (environ 70 km au nord de Munich) qui a été le théâtre de l'un des crimes les plus énigmatiques de l'histoire allemande."
Q181741;cosmos;"Horizon des événements";"Event horizon";"phare";6;1;publie;"fr";2026-09-03;;2026-09-05;"Vu de l'extérieur, un objet qui tombe dans un trou noir semble s'y figer pour l'éternité, rougissant jusqu'à disparaître.";"L'horizon des événements est, en relativité restreinte et en relativité générale, constitué par la limite éventuelle de la région qui peut être influencée dans le futur par un observateur situé en un endroit donné à une époque donnée."
Q714789;cosmos;"Huygens (sonde spatiale)";"Huygens (spacecraft)";"phare";6;1;publie;"fr";2026-09-03;;2026-09-05;"Elle a atterri sur Titan et photographié des galets de glace arrondis par des rivières de méthane liquide.";"Huygens est le premier véhicule spatial à atterrir sur Titan. Il reste à ce jour l'atterrissage le plus éloigné de la Terre qu'un vaisseau spatial ait jamais effectué."
Q63646545;vivant;"";"Hvaldimir";"phare";6;4;ecrit;"fr";2026-09-03;2026-09-07;;"Ce béluga est apparu en Norvège harnaché d'un support de caméra estampillé « Equipment St. Petersburg », et savait rapporter des objets sur commande.";"Hvaldimir est un béluga mâle découvert par des pêcheurs près de Hammerfest dans le nord de la Norvège en avril 2019."
Q5954107;vivant;"Hydnora africana";"Hydnora africana";"phare";6;6;ecrit;"fr";2026-09-03;2026-09-07;;"Cette plante sans feuilles ni chlorophylle vit entièrement sous terre et n'en sort qu'une fleur charnue qui pue la charogne pour piéger les bousiers.";"Hydnora africana est une espèce de plantes à fleurs de la sous-famille des Hydnoraceae, selon la classification de Cronquist, ou de la famille des Aristolochiaceae, selon la classification phylogénétique."
Q193003;esprit;"Hydrocéphalie";"Hydrocephalus";"phare";6;1;ecrit;"fr";2026-09-03;2026-09-07;;"Un fonctionnaire français menant une vie normale avait un cerveau réduit à une fine pellicule, le crâne rempli de liquide.";"L’hydrocéphalie (du grec ancien ὕδωρ / húdôr (« eau ») et κεφαλή / kephalế (« tête »)) est une anomalie neurologique sévère, définie par l'augmentation du volume des espaces contenant le liquide cérébrospinal (LCS) : ventricules cérébraux et espace subarachnoïdien."
Q417286;arts;"Hydrogénoarsénite de cuivre";"Scheele's green";"phare";6;1;a-ecrire;"";2026-09-03;;;"Un vert magnifique, à l'arsenic, qui a probablement tué ceux qui vivaient dans les pièces qu'il tapissait.";"L’hydrogénoarsénite de cuivre est un sel de cuivre et d'arsenic, surtout connu comme pigment, sous le nom de ou « vert de Scheele » ou « vert suédois », référence PG22 au Colour Index."
Q45320;esprit;"Hyperthymésie";"Hyperthymesia";"phare";6;1;ecrit;"fr";2026-09-03;2026-09-07;;"Une poignée de personnes peuvent vous dire ce qu'elles ont mangé et quel temps il faisait n'importe quel jour de leur vie.";"L'hyperthymésie, ou syndrome hyperthymésique (du grec huper, avec excès, et thymesis, se souvenir), ou encore Highly Superior Autobiographical Memory (HSAM) désigne une condition psychologique extrêmement rare caractérisée par une capacité exceptionnellement supérieure à accéder à des souvenirs auto"
Q8609;esprit;"Hypnose";"Hypnosis";"phare";6;3;ecrit;"fr";2026-09-03;2026-09-07;;"Des patients ont été opérés sans anesthésie chimique sous simple hypnose, et l'imagerie montre que leur cerveau traite bel et bien la douleur autrement.";"L’hypnose est un ensemble de phénomènes psychologiques associés à un état modifié de conscience (état hypnotique). Par extension, l'hypnose désigne les techniques permettant à un individu d’induire cet état chez quelqu'un."
Q179677;esprit;"Hypothèse de Sapir-Whorf";"Linguistic relativity";"phare";6;1;ecrit;"fr";2026-09-03;2026-09-07;;"Un pont est masculin en espagnol, féminin en allemand, et les locuteurs le décrivent spontanément solide ou élégant selon leur langue.";"En linguistique et en anthropologie, l’hypothèse de Sapir-Whorf soutient que les représentations mentales dépendent des catégories linguistiques, autrement dit que la façon dont on perçoit le monde dépend du langage."
Q8083959;arts;"ʻAhu ʻula";"ʻAhu ʻula";"phare";6;3;a-ecrire;"";2026-09-03;;;"Un manteau royal hawaïen exigeait des centaines de milliers de plumes prélevées sur des oiseaux relâchés vivants, sur plusieurs générations.";"Le ʻahuʻula est un manteau de plumes (en) réservé à l'élite de l'archipel hawaïen. Il se portait traditionnellement avec le mahiole (en), un bonnet de plumes."
Q2000538;terre;"Île Sud Talpatti";"New Moor";"phare";6;1;a-ecrire;"";2026-09-03;;;"L'Inde et le Bangladesh se disputaient cette île jusqu'à ce que la montée des eaux règle le litige en l'engloutissant.";"L’île Sud Talpatti (appellation du Bangladesh) ou l’île New Moore ou Purbasha, était une petite île inhabitée qui a émergé dans le golfe du Bengale au lendemain du cyclone Bhola en 1970."
Q903809;esprit;"Imagerie par résonance magnétique fonctionnelle";"Functional magnetic resonance imaging";"phare";6;0;a-ecrire;"";2026-09-03;;;"Entraîné sur votre cerveau, un modèle peut reconstituer approximativement l'histoire que vous écoutez, ou celle que vous imaginez.";"L’imagerie par résonance magnétique fonctionnelle (IRMf) est une application de l'imagerie par résonance magnétique permettant de visualiser, de manière indirecte, l'activité cérébrale."
Q935895;histoire;"";"Incitatus";"phare";6;3;ecrit;"fr";2026-09-03;2026-09-07;;"Caligula logeait son cheval dans une écurie de marbre avec des serviteurs et voulait, dit-on, en faire un consul de Rome.";"Incitatus (prononciation latine : ɪŋkɪˈtaːtʊs , signifiant « rapide » ou « au grand galop ») est le cheval favori de l'empereur romain Caligula."
Q55611196;arts;"";"Indian yellow";"phare";6;0;a-ecrire;"";2026-09-03;;;"Le pigment venait de l'urine de vaches nourries exclusivement de feuilles de manguier et privées d'eau jusqu'à l'épuisement.";"Le jaune indien est un colorant naturel jaune orangé. Il fut particulièrement utilisé en Inde à partir du XVe siècle comme couleur pour les miniatures."
Q3045238;esprit;"Insensibilité congénitale à la douleur";"Congenital insensitivity to pain";"phare";6;1;ecrit;"fr";2026-09-03;2026-09-07;;"Ces enfants ne ressentent aucune douleur, se cassent des os sans le remarquer, et doivent apprendre par cœur la liste de ce qui est dangereux.";"L'insensibilité congénitale à la douleur (ICD), décrite pour la première fois par George Van Ness Dearborn en 1932, est une maladie rare et très grave, le plus souvent de cause génétique et de transmission autosomique récessive."
Q19879136;esprit;"";"ISS year-long mission";"phare";6;0;a-ecrire;"";2026-09-03;;;"Un an dans l'espace a modifié l'expression de milliers de gènes et allongé les télomères d'un astronaute, pas ceux de son jumeau resté au sol.";"The ISS year-long mission, also called the One-Year Mission, was an 11-month-long scientific research project aboard the International Space Station, which studied the health effects of long-term spaceflight."
Q1678809;histoire;"";"Jamaica ginger";"phare";6;0;publie;"fr";2026-09-03;;2026-09-05;"Un alcool de contrebande frelaté a paralysé les jambes de dizaines de milliers d'Américains, laissant une démarche qui a donné son nom à une chanson.";"Jamaica ginger extract, known in the United States by the slang name Jake, was a late 19th-century patent medicine that provided a convenient way to obtain alcohol during the era of Prohibition, since it contained approximately 70% to 80% ethanol by weight."
Q441276;histoire;"";"James Brooke";"phare";6;3;publie;"fr";2026-09-03;;2026-09-05;"Un aventurier anglais a reçu tout un royaume de Bornéo pour avoir maté une révolte, et sa famille y a régné pendant un siècle.";"Sir James Brooke, dit le Rajah de Sarawak, né le 29 avril 1803 à Bandel en Inde, et mort le 11 juin 1868 à Burrator (en) dans le Devon au Royaume-Uni, est un soldat et aventurier britannique, premier rajah blanc du royaume de Sarawak."
Q8962;sciences;"James Prescott Joule";"James Prescott Joule";"phare";6;0;a-ecrire;"";2026-09-03;;;"En voyage de noces, il a passé ses journées à mesurer la température en haut et en bas des cascades, pour prouver que la chute chauffe l'eau.";"James Prescott Joule, né le 24 décembre 1818 à Salford, près de Manchester (Angleterre) et mort le 11 octobre 1889 à Sale (Angleterre), est un physicien anglais."
Q16924;sciences;"";"János Bolyai";"phare";6;1;a-ecrire;"";2026-09-03;;;"Il a inventé une géométrie sans le postulat des parallèles, et Gauss lui a répondu qu'il ne pouvait pas le féliciter puisqu'il avait tout trouvé avant.";"János Bolyai (15 décembre 1802, Kolozsvár - 27 janvier 1860, Marosvásárhely) est un mathématicien hongrois, l'un des pères de la géométrie non euclidienne."
Q1337934;terre;"Jökulhlaup";"Jökulhlaup";"phare";6;2;a-ecrire;"";2026-09-03;;;"Quand un volcan islandais fond sous son glacier, le déluge qui en sort charrie brièvement plus d'eau que l'Amazone.";"Un jökulhlaup, terme islandais signifiant littéralement en français « course de glacier », prononcé [ˈjœːkʏl̥ˌl̥øip], ou débâcle glaciaire est un type de crue soudaine particulièrement puissante et dévastatrice résultant d'une vidange brutale de lac glaciaire en lien avec une éruption volcanique."
Q159636;sciences;"Joseph Priestley";"Joseph Priestley";"phare";6;1;a-ecrire;"";2026-09-03;;;"Une foule a incendié sa maison et son laboratoire à cause de ses opinions politiques, et il a fini sa vie exilé en Pennsylvanie.";"Joseph Priestley, né le 13 mars 1733 (calendrier julien) à Birstall dans le West Yorkshire et mort le 6 février 1804 à Northumberland en Pennsylvanie, est un théologien, pasteur dissident, philosophe naturel, pédagogue et théoricien de la politique anglais qui publia plus de cent cinquante ouvrages."
Q2565461;vivant;"Kanzi";"Kanzi";"phare";6;1;ecrit;"fr";2026-09-03;2026-09-07;;"Ce bonobo a appris le langage symbolique par-dessus l'épaule de sa mère, qui, elle, n'y arrivait pas, et taillait ses propres outils de pierre.";"Kanzi (October 28, 1980 – March 18, 2025) was a male bonobo who was the subject of numerous studies on great ape language and cognition. According to Sue Savage-Rumbaugh, a primatologist who has studied the bonobo since the 1990s, Kanzi exhibited advanced linguistic aptitude."
Q319212;cosmos;"";"Karl Guthe Jansky";"phare";6;1;ecrit;"fr";2026-09-03;2026-09-07;;"Un ingénieur chargé de traquer un parasite téléphonique a découvert que le centre de la Galaxie émet des ondes radio.";"Karl Guthe Jansky (October 22, 1905 – February 14, 1950) was an American physicist and radio engineer who in April 1933 first announced his discovery of radio waves emanating from the Milky Way in the constellation Sagittarius."
Q193337;vivant;"";"Kea";"phare";6;0;ecrit;"fr";2026-09-03;2026-09-07;;"Ce perroquet de montagne démonte les joints de pare-brise des voitures, résout des tests logiques, et son cri de jeu est contagieux comme un rire.";"The kea ( KEE-ə; Māori: [kɛ.a]; Nestor notabilis) is a species of large parrot in the family Strigopidae that is endemic to the forested and alpine regions of the South Island of New Zealand."
Q27048791;cosmos;"";"Kepler-1520b";"phare";6;0;ecrit;"fr";2026-09-03;2026-09-07;;"Cette planète se désintègre sous nos yeux, laissant derrière elle une traînée de poussière différente à chaque orbite.";"Kepler-1520b (initially published as KIC 12557548 b), is a confirmed exoplanet orbiting the K-type main sequence star Kepler-1520. It is located about 2,020 light-years (620 parsecs) away from Earth in the constellation of Cygnus."
Q1100126;histoire;"Knocker-up";"Knocker-up";"phare";6;0;ecrit;"fr";2026-09-03;2026-09-07;;"Avant les réveille-matin, des gens payés pour cela tapaient aux fenêtres avec de longues perches pour réveiller les ouvriers.";"A knocker-up or knocker-upper had the job of rousing sleeping people so they could get to work on time. The role started during the Industrial Revolution, in Britain, the Netherlands, Ireland and some other countries, when alarm clocks were neither cheap nor reliable."
Q819123;arts;"Kolmanskop";"Kolmanskop";"phare";6;3;a-ecrire;"";2026-09-03;;;"Le sable du désert de Namibie est monté jusqu'aux fenêtres des salons d'une ville diamantifère abandonnée en pleine prospérité.";"Kolmanskop (en allemand : Kolmannskuppe) est un village situé en Namibie dans le désert du Namib à une dizaine de kilomètres de Lüderitz. Après avoir été un site prospère d'extraction de diamants, le lieu est devenu un village fantôme, envahi par le sable du désert du Namib."
Q3242405;cosmos;"";"Kosmos 482";"phare";6;2;a-ecrire;"";2026-09-03;;;"Un atterrisseur conçu pour Vénus est resté coincé en orbite terrestre pendant un demi-siècle avant de retomber intact sur nous.";"Kosmos 482 (Russian: ""Космос 482"" meaning Cosmos 482) was an attempted Soviet Venus probe. Launched 31 March 1972, at 04:02:33 UTC, it failed to escape low Earth orbit."
Q6598702;arts;"Kuşköy";"";"phare";6;1;a-ecrire;"";2026-09-03;;;"Dans ce village turc, on se parle en sifflant d'un versant à l'autre, et le cerveau traite ces sifflements exactement comme des mots.";"Kuşköy est un village situé au nord-est de la Turquie, dans la Chaîne Pontique et la région historique du Pont. Il relève aujourd'hui du district de Çanakçı dans la province de Giresun."
Q2045726;arts;"La Bataille d'Anghiari";"The Battle of Anghiari (Leonardo)";"phare";6;1;a-ecrire;"";2026-09-03;;;"La fresque perdue de Léonard serait cachée derrière un mur peint par Vasari, qui y aurait laissé l'inscription « cherche et tu trouveras ».";"La Bataille d'Anghiari est une peinture murale réalisée par Léonard de Vinci de 1504 à 1506 sur le mur Est de la salle du Grand Conseil (appelée aujourd'hui salle des Cinq-Cents) du Palazzo Vecchio de Florence."
Q51520;arts;"La Passion de Jeanne d'Arc";"The Passion of Joan of Arc";"phare";6;0;a-ecrire;"";2026-09-03;;;"Le négatif avait brûlé ; une copie intacte a été retrouvée dans le placard d'un hôpital psychiatrique norvégien.";"La Passion de Jeanne d'Arc est un film de procès français réalisé par Carl Theodor Dreyer en 1927 et projeté pour la première fois à Copenhague le 21 avril 1928."
Q2000165;vivant;"Labroides dimidiatus";"Bluestreak cleaner wrasse";"phare";6;0;ecrit;"fr";2026-09-03;2026-09-07;;"Ce petit poisson nettoyeur, marqué d'une tache colorée, va se frotter contre le fond en la regardant dans un miroir, comme s'il se reconnaissait.";"The bluestreak cleaner wrasse (Labroides dimidiatus) is one of several species of cleaner wrasses found on coral reefs from Eastern Africa and the Red Sea to French Polynesia."
Q838080;terre;"Lac Natron";"Lake Natron";"phare";6;0;a-ecrire;"";2026-09-03;;;"Son eau momifie les animaux qui y tombent.";"Le lac Natron est un lac de soude, salé, endoréique d'origine tectonique dont la superficie variable le cantonne dans le nord de la Tanzanie ou lui fait traverser épisodiquement la frontière avec le Kenya."
Q117812;sciences;"Larme de verre";"Prince Rupert's drop";"phare";6;3;a-ecrire;"";2026-09-03;;;"La goutte du prince Rupert : indestructible au marteau, elle se pulvérise entièrement si l'on pince sa queue.";"Une larme de verre, larme du verrier ou larme batavique, aussi appelée goutte du Prince Rupert, est un petit objet de verre connu pour la particularité physique de se pulvériser quand sa pointe est rompue, alors qu'il est par ailleurs très résistant aux chocs."
Q901228;vivant;"Léipoa ocellé";"Malleefowl";"phare";6;0;ecrit;"fr";2026-09-03;2026-09-07;;"Ce mégapode entretient un tas de compost comme un incubateur, y plonge le bec pour en mesurer la température et ajoute ou retire du sable au degré près.";"The malleefowl (Leipoa ocellata) is a stocky ground-dwelling Australian bird about the size of a domestic chicken (to which it is distantly related). It is notable for the large nesting mounds constructed by the males and lack of parental care after the chicks hatch."
Q8258;arts;"Les Mille et Une Nuits";"One Thousand and One Nights";"phare";6;1;a-ecrire;"";2026-09-03;;;"Aladin et Ali Baba n'apparaissent dans aucun manuscrit arabe : le traducteur français les tenait d'un conteur syrien rencontré à Paris.";"Les Mille et Une Nuits (persan : هزار و یک شب, hazâr-o yek chab ; arabe : كتاب ألف ليلة وليلة, kitāb alf layla wa layla, trad. litt. : « le livre de mille nuits et une nuit ») sont un recueil anonyme de contes populaires en langue arabe d'origine persane, indienne."
Q138713;vivant;"";"Leucochloridium paradoxum";"phare";6;0;publie;"fr";2026-09-03;;2026-09-05;"Ce ver s'installe dans les tentacules d'un escargot, les transforme en chenilles vertes pulsantes, et pousse l'animal aveuglé vers la lumière pour être mangé.";"Leucochloridium paradoxum, the green-banded broodsac, is a parasitic flatworm (or helminth). Its intermediate hosts are land snails, usually of the genus Succinea."
Q1778748;cosmos;"";"Libyan desert glass";"phare";6;1;ecrit;"fr";2026-09-03;2026-09-07;;"Le scarabée jaune du pectoral de Toutânkhamon est taillé dans un verre né d'un impact cosmique en plein désert.";"Libyan desert glass or Great Sand Sea glass is an impactite, made mostly of lechatelierite, found in areas in the eastern Sahara, in the deserts of eastern Libya and western Egypt."
Q592830;esprit;"Lignes de Blaschko";"Blaschko's lines";"phare";6;1;ecrit;"fr";2026-09-03;2026-09-07;;"Votre peau est parcourue de rayures invisibles, tracées par la migration des cellules de l'embryon, que certaines maladies font soudain apparaître.";"Blaschko's lines, also called the lines of Blaschko, are lines of normal cell development in the skin. These lines are only visible in those with a mosaic skin condition or in chimeras where different cell lines contain different genes."
Q543670;esprit;"Loi de Hofstadter";"Hofstadter's law";"phare";6;1;a-ecrire;"";2026-09-03;;;"Tout projet prend plus de temps que prévu, même quand on tient compte de la loi de Hofstadter.";"La loi de Hofstadter (ou loi de glissement de planning) est une loi empirique concernant la difficulté de la planification dans le domaine de la recherche et du développement."
Q193698;cosmos;"Loi de Titius-Bode";"Titius–Bode law";"phare";6;0;ecrit;"fr";2026-09-03;2026-09-07;;"Une formule sans aucune justification physique a désigné une planète manquante entre Mars et Jupiter — on y a trouvé les astéroïdes.";"The Titius–Bode law (sometimes termed simply Bode's law) is a formulaic prediction of spacing between planets in any given planetary system. The formula suggests that, extending outward, each planet should be approximately twice as far from the Sun as the one before."
Q93182;arts;"";"Louis Braille";"phare";6;1;a-ecrire;"";2026-09-03;;;"À quinze ans, il a transformé un code militaire fait pour lire dans le noir en alphabet tactile, contre l'avis de son école.";"Louis Braille, né le 4 janvier 1809 à Coupvray (Seine-et-Marne) et mort le 6 janvier 1852 à Paris, est un enseignant, inventeur et musicien français. Il est l'inventeur éponyme d'un système d'écriture tactile à points saillants, à l'usage des personnes aveugles ou fortement malvoyantes."
Q84296;sciences;"Ludwig Boltzmann";"Ludwig Boltzmann";"phare";6;1;a-ecrire;"";2026-09-03;;;"Moqué toute sa vie pour avoir soutenu que les atomes existaient vraiment, il s'est pendu juste avant qu'on lui donne raison ; sa formule orne sa tombe.";"Ludwig Eduard Boltzmann (né le 20 février 1844 à Vienne, Autriche et mort le 5 septembre 1906 à Duino) est un physicien et philosophe autrichien. Il est considéré comme le père de la physique statistique et un fervent défenseur de l’existence des atomes."
Q1051675;cosmos;"Lunokhod 2";"Lunokhod 2";"phare";6;1;ecrit;"fr";2026-09-03;2026-09-07;;"Le rover soviétique abandonné sur la Lune a été vendu aux enchères chez Sotheby's : quelqu'un possède légalement un véhicule posé là-haut.";"Lunokhod 2 (Russian: Луноход-2 (""Moonwalker 2""), also known as Аппарат 8ЕЛ № 204 (""Device 8EL No. 204"")) was the second of two uncrewed lunar rovers that landed on the Moon by the Soviet Union as part of the Lunokhod programme."
Q14640326;vivant;"";"Macrotermes";"phare";6;2;ecrit;"fr";2026-09-03;2026-09-07;;"Ces termites climatisent une termitière de plusieurs mètres par un réseau de cheminées qui renouvelle l'air et maintient la température de leurs champignons à un degré près.";"Macrotermes is a genus of termites belonging to the subfamily Macrotermitinae and widely distributed throughout Africa and South-East Asia. Well-studied species include Macrotermes natalensis and M."
Q3480741;esprit;"";"Mal de debarquement";"phare";6;0;ecrit;"fr";2026-09-03;2026-09-07;;"Après une croisière, certains passagers continuent de tanguer pendant des mois, en pleine terre ferme.";"Mal de débarquement syndrome (MdDS; French: syndrome du mal de débarquement, lit. 'disembarkment illness syndrome'), also known as disembarkment syndrome, is a neurological condition usually occurring after a cruise, aircraft flight, or other sustained motion event."
Q387152;esprit;"Malariathérapie";"Malaria therapy";"phare";6;4;a-ecrire;"";2026-09-03;;;"On a soigné la syphilis avancée en inoculant le paludisme, dont la fièvre tuait la bactérie : ce traitement a valu un prix Nobel.";"La malariathérapie, dite aussi paludothérapie, a été un traitement de la paralysie générale (désormais abandonné), complication de la neurosyphilis. La fièvre provoquée par le paludisme était censée stopper le développement du tréponème qui est à l'origine de la syphilis."
Q2209578;arts;"Manuscrits de Tombouctou";"Timbuktu Manuscripts";"phare";6;1;a-ecrire;"";2026-09-03;;;"Des familles ont évacué des centaines de milliers de manuscrits en pirogue, en charrette et à moto pour les sauver.";"Les manuscrits de Tombouctou sont un ensemble de copies d'ouvrages plus anciens connus dans le monde afro-musulman ainsi que des productions locales originales datant, pour la plupart, de la période allant du XVIIe au XIXe siècle."
Q3291614;histoire;"Marie-Charles David de Mayrena";"";"phare";6;4;ecrit;"fr";2026-09-03;2026-09-07;;"Un aventurier français s'est fait couronner roi des Sedang en Indochine, puis a tenté de vendre son royaume aux Anglais.";"Auguste-Jean-Baptiste-Marie-Charles David, dit David de Mayrena, est un aventurier et cryptarque français, né le 31 janvier 1842 à Toulon et mort le 11 novembre 1890 sur l'île de Tioman (en Malaisie)."
Q203805;cosmos;"Mariner 4";"Mariner 4";"phare";6;2;ecrit;"fr";2026-09-03;2026-09-07;;"Les premières images de Mars arrivaient si lentement que les ingénieurs ont colorié les chiffres au crayon pastel pour voir avant tout le monde.";"Mariner 4 est la quatrième sonde spatiale du programme Mariner. Elle est lancée par la NASA le 28 novembre 1964 pour prendre des photographies de la planète Mars."
Q18645653;cosmos;"Mars Oxygen ISRU Experiment";"Mars Oxygen ISRU Experiment";"phare";6;2;ecrit;"fr";2026-09-03;2026-09-07;;"Un boîtier de la taille d'une batterie de voiture a fabriqué de l'oxygène respirable à partir du gaz carbonique martien.";"Mars Oxygen ISRU Experiment, littéralement « expérience d'utilisation in situ des ressources en oxygène de Mars », ou MOXIE, est un instrument du rover Perseverance destiné à démontrer la faisabilité de la production d'oxygène sur Mars par électrolyse à oxyde solide du dioxyde de carbone de l'atmosp"
Q20011313;esprit;"";"Martin Pistorius";"phare";6;0;a-ecrire;"";2026-09-03;;;"Enfermé douze ans dans un corps inerte que tout le monde croyait vide, il entendait chaque conversation tenue autour de son lit.";"Martin Pistorius (born 31 December 1975) is a South African man who developed an undiagnosed neurological disorder and was unable to communicate for 7 years. When he was 12, he began losing voluntary motor control and eventually fell into a vegetative state for three years."
Q2479682;vivant;"";"Mastophora (spider)";"phare";6;1;publie;"fr";2026-09-03;;2026-09-05;"Cette araignée fabrique une boule collante au bout d'un fil et émet le parfum sexuel des papillons femelles pour attirer les mâles à portée de lasso.";"Mastophora, also known as bolas spiders, is a genus of orb-weaver spiders first described by E. L. Holmberg in 1876."
Q281606;sciences;"Mémoire de l'eau";"Water memory";"phare";6;0;a-ecrire;"";2026-09-03;;;"Un immunologiste français a affirmé que l'eau gardait la trace de molécules qu'elle ne contenait plus ; l'expérience refaite sous contrôle n'a rien montré.";"La « mémoire de l’eau » est le nom, donné en 1988, à une hypothèse émise par le chercheur, médecin et immunologue, Jacques Benveniste, selon laquelle l’eau qui est en contact avec certaines substances conserverait une empreinte de certaines propriétés de celles-ci alors même qu'elles ne s’y trouvent statistiquement plus."
Q3125051;arts;"Météores";"Meteora";"phare";6;0;a-ecrire;"";2026-09-03;;;"Avant que des escaliers soient taillés, on montait aux monastères perchés dans un filet hissé à la corde, remplacée « quand elle cassait ».";"Les Météores (en grec moderne : Μετέωρα) sont une formation géologique du nord de la Grèce, dans le district régional de Trikala, en Thessalie, dans la vallée du Pénée."
Q1758418;esprit;"Méthode des loci";"Method of loci";"phare";6;1;a-ecrire;"";2026-09-03;;;"Les champions de mémoire ne retiennent rien : ils déposent les cartes dans les pièces d'une maison imaginaire et vont les y chercher.";"La méthode des loci \lɔ.ki\ (« lieux » en latin) , méthode des lieux ou plus récemment palais de la mémoire, ou encore palais mental, est une méthode mnémotechnique, ou « art de mémoire », pratiquée depuis l'Antiquité ; le poète Simonide de Céos en serait l'inventeur."
Q60027;cosmos;"Milton Humason";"";"phare";6;2;a-ecrire;"";2026-09-03;;;"Ancien muletier sans le moindre diplôme, il est devenu l'observateur qui a mesuré la fuite des galaxies.";"Milton Lasell Humason est un astronome d'observation américain, né le 19 août 1891 à Dodge Center (Minnesota) et mort le 18 juin 1972 à Mendocino (Californie). Ancien muletier, il se fait embaucher à l'observatoire du Mont Wilson où il devient un technicien expérimenté."
Q2054837;esprit;"Misophonie";"Misophonia";"phare";6;3;ecrit;"fr";2026-09-03;2026-09-07;;"Le bruit de mastication d'un proche déclenche chez certaines personnes une bouffée de rage incontrôlable, avec une signature visible en imagerie cérébrale.";"La misophonie (étymologiquement « aversion à certains sons ») est une forme particulière d'intolérance au son , caractérisée par une réaction émotionnelle intense telle que l'irritation, le dégoût, la colère, le stress ou même la haine, déclenchée par un son spécifique dans un contexte donné."
Q1550714;esprit;"Moken (peuple)";"Moken";"phare";6;0;ecrit;"fr";2026-09-03;2026-09-07;;"Les enfants de ces nomades des mers voient net sous l'eau en contractant leur pupille, et n'importe quel enfant peut apprendre à le faire.";"The Moken (also Mawken or Morgan; Burmese: ဆလုံ လူမျိုး; Thai: ชาวเล, romanized: chao le, lit. 'sea people') are an Austronesian people of the Mergui Archipelago, a group of approximately 800 islands claimed by both Myanmar and Thailand, and the Surin Islands."
Q466163;esprit;"Monologue intérieur";"Interior monologue";"phare";6;1;ecrit;"fr";2026-09-03;2026-09-07;;"Une partie des adultes n'entend aucune voix dans sa tête et le découvre, stupéfaite, en apprenant que les autres s'y parlent en permanence.";"Le monologue intérieur est un procédé de narration littéraire, expérimenté au XVIIe siècle dans La Princesse de Clèves de Madame de La Fayette et exposé en 1931 par Édouard Dujardin."
Q1156848;vivant;"Monotrope uniflore";"Monotropa uniflora";"phare";6;3;ecrit;"fr";2026-09-03;2026-09-07;;"Blanche comme de la cire et dépourvue de chlorophylle, elle pousse dans l'ombre profonde en volant le sucre des arbres par l'intermédiaire de leurs champignons.";"Le Monotrope uniflore (Monotropa uniflora) est une espèce de plantes à fleurs de la famille des Éricacées. Au Québec, on la surnomme pipe indienne."
Q236;histoire;"Monténégro";"Montenegro";"phare";6;0;publie;"fr";2026-09-03;;2026-09-05;"Oublié lors du traité de Portsmouth, le petit royaume est resté officiellement en guerre avec le Japon pendant plus d'un siècle.";"Le Monténégro (en monténégrin : Crna Gora, en cyrillique : Црна Гора, prononcé /ˈt͡sr̩̂ːnaː ˈɡɔ̌ra/ ) est un pays d'Europe du Sud et, plus précisément, des Balkans occidentaux."
Q785223;arts;"";"Mummies of Guanajuato";"phare";6;1;a-ecrire;"";2026-09-03;;;"Le sol d'un cimetière mexicain momifiait naturellement les corps, exhumés faute de paiement d'une taxe funéraire.";"Les momies de Guanajuato résultent de la momification naturelle d'un certain nombre de cadavres inhumés dans un cimetière à Guanajuato au Mexique, entre 1850 et 1950."
Q1953495;vivant;"";"Myrmeconema neotropicum";"phare";6;1;publie;"fr";2026-09-03;;2026-09-05;"Ce ver rend l'abdomen noir des fourmis rouge vif et translucide, jusqu'à imiter une baie mûre que les oiseaux gobent et redispersent avec leurs fientes.";"Myrmeconema neotropicum is a tetradonematid nematode parasite. It appears to induce fruit mimicry in the tropical ant."
Q2072138;vivant;"";"Myxiniformes";"phare";6;0;publie;"fr";2026-09-03;;2026-09-05;"En une fraction de seconde, elle transforme un seau d'eau de mer en gel avec son mucus, puis se fait un nœud avec son propre corps pour s'en débarrasser.";"Les Myxiniformes, unique représentants de la classe des Myxini, en français Myxines, sont un ordre d'agnathes (vertébrés marins sans mâchoires)."
Q189561;esprit;"Narcolepsie";"Narcolepsy";"phare";6;1;ecrit;"fr";2026-09-03;2026-09-07;;"Un fou rire ou une bonne nouvelle suffit à couper les muscles de ces personnes, qui s'effondrent en restant parfaitement conscientes.";"La narcolepsie ou « maladie de Gélineau » est un trouble du sommeil chronique ou dyssomnie rare. Les symptômes peuvent inclure un temps de sommeil excessif, une impression de fatigue extrême ou encore le fait de tomber en cataplexie involontairement à un moment non adapté, comme au travail, à l'école ou dans la rue."
Q1355729;esprit;"Neil Harbisson";"Neil Harbisson";"phare";6;5;publie;"fr";2026-09-03;;2026-09-05;"Né sans perception des couleurs, il porte une antenne implantée dans le crâne qui les convertit en notes : il entend le rouge.";"Neil Harbisson (né le 27 juillet 1982 à Mataró) est un artiste cyborg britanno-irlandais élevé en Catalogne et un défenseur des droits des cyborgs, largement présenté comme le premier cyborg au monde."
Q934175;vivant;"";"New Mexico whiptail";"phare";6;1;publie;"fr";2026-09-03;;2026-09-05;"Cette espèce ne compte aucun mâle : les femelles se clonent, mais simulent l'accouplement entre elles pour déclencher la ponte.";"Aspidoscelis neomexicana est une espèce de sauriens de la famille des Teiidae."
Q51338449;cosmos;"NGC 1052-DF2";"NGC 1052-DF2";"phare";6;3;ecrit;"fr";2026-09-03;2026-09-07;;"Une galaxie qui semble ne contenir aucune matière noire, ce qui est aussi troublant que d'en contenir trop.";"NGC 1052-DF2 est une galaxie ultra-diffuse de la constellation de la Baleine identifiée lors de l'étude des images grand champ du groupe de NGC 1052 par le Dragonfly Telephoto Array (en)."
Q1623739;histoire;"Nizârites";"Nizari Isma'ilism";"phare";6;0;ecrit;"fr";2026-09-03;2026-09-07;;"Un ordre médiéval a bâti sa réputation sur des meurtres politiques ciblés, et son nom est devenu un mot commun dans toutes les langues d'Europe.";"Les nizârites, nizâriens, nizaris sont les membres d'un segment mystique et religieux islamique du courant religieux chiite ismaélien, très actifs religieusement, politiquement et économiquement, entre la fin du XIe siècle et 1257 (année de la chute d'Al-Musta'sim, dernier calife abbasside de Bagdad, renversé par les Mongols)."
Q383187;histoire;"";"Notgeld";"phare";6;1;ecrit;"fr";2026-09-03;2026-09-07;;"Faute de pièces, des villes allemandes ont émis de la monnaie de secours imprimée sur du cuir, de la soie, du bois et même des cartes à jouer.";"Notgeld (German for 'emergency money' or 'necessity money') is money issued by an institution in a time of economic or political crisis. The issuing institution is usually one without official sanction from the central government."
Q149300;vivant;"Nothobranchius furzeri";"Nothobranchius furzeri";"phare";6;3;ecrit;"fr";2026-09-03;2026-09-07;;"Ce poisson africain naît, grandit, se reproduit et meurt de vieillesse en quelques semaines, dans une flaque qui sèche, et ses œufs attendent la pluie suivante dans la boue.";"Nothobranchius furzeri est une espèce de poissons d'eau douce de la famille des Nothobranchiidae (ordre des Cyprinodontiformes). Ce poisson porte les noms vernaculaires anglais de turquoise killifish et de African turquoise killifish."
Q2296150;cosmos;"Objet de Thorne-Żytkow";"Thorne–Żytkow object";"phare";6;2;ecrit;"fr";2026-09-03;2026-09-07;;"Une étoile qui aurait avalé une étoile à neutrons et la porterait comme un cœur au centre d'elle-même.";"Les objets de Thorne-Żytkow (en abrégé OTŻ) sont des étoiles dont le cœur est une étoile à neutrons. Ils ont été théorisés dans les années 1970 par Kip Thorne et Anna N."
Q184661;arts;"Ogham";"Ogham";"phare";6;3;a-ecrire;"";2026-09-03;;;"Cet alphabet irlandais s'écrit en entailles taillées sur l'arête vive des pierres dressées, et se lit de bas en haut.";"L’ogham (écrit aussi oġam avec punctum delens ou ogam, prononcé « oh-am » en irlandais, « o-am » en gaélique écossais, et « oram » en vieil irlandais), ou écriture oghamique, est un alphabet antique utilisé principalement pour l'écriture de l'irlandais primitif (forme dite « orthodoxe », du IVe au V"
Q1057207;histoire;"Opération Fortitude";"Operation Fortitude";"phare";6;3;ecrit;"fr";2026-09-03;2026-09-07;;"Des chars gonflables et une armée fantôme ont convaincu l'état-major allemand que le débarquement viserait le Pas-de-Calais.";"Pendant la Seconde Guerre mondiale, l’opération Fortitude (« Bravoure » en français) est le nom de code collectif pour des opérations de désinformation (intoxication) et de diversion menées par les Alliés dans le but de : cacher aux Allemands que le lieu du débarquement serait la Normandie en leur f"
Q1558713;histoire;"Opération Mongoose";"Operation Mongoose";"phare";6;2;publie;"fr";2026-09-03;;2026-09-05;"Pour ridiculiser Fidel Castro, la CIA a envisagé de saupoudrer ses chaussures de sels de thallium afin de faire tomber sa barbe.";"L'opération Mongoose (terme anglais désignant une mangouste), aussi appelée « The Cuban Project », est une opération de la Central Intelligence Agency (CIA) et du département de la Défense des États-Unis (DoD) ayant pour objectif le sabotage et la destitution du gouvernement cubain de Fidel Castro."
Q213250;esprit;"Oreille absolue";"Absolute pitch";"phare";6;2;ecrit;"fr";2026-09-03;2026-09-07;;"Cette capacité rarissime est bien plus fréquente chez les locuteurs de langues tonales, comme si la langue maternelle accordait l'oreille dès l'enfance.";"L'oreille absolue est l’aptitude à reconnaître, à l'écoute d'un son, les hauteurs absolues correspondantes sans référence auditive préalable. L'oreille relative consiste en la capacité à reconnaître les notes à partir d'une hauteur de référence."
Q918236;arts;"Orgue hydraulique";"Water organ";"phare";6;2;a-ecrire;"";2026-09-03;;;"L'orgue de l'Antiquité fonctionnait à l'eau et accompagnait, entre autres, les combats de gladiateurs dans l'arène.";"L’orgue hydraulique, ou hydraule (Grec : ὕδραυλις), est un instrument à vent, datant de l'antiquité, qui produit les sons à l’aide d’ensembles de tuyaux sonores accordés suivant une gamme définie et alimentés par une soufflerie."
Q604428;cosmos;"OSIRIS-REx";"OSIRIS-REx";"phare";6;2;ecrit;"fr";2026-09-03;2026-09-07;;"En touchant Bennu, le bras s'est enfoncé comme dans une piscine à boules et l'échantillon débordait par la trappe restée ouverte.";"OSIRIS-REx (acronyme de Origins-Spectral Interpretation-Resource Identification-Security-Regolith Explorer) est une mission de la NASA (l'agence spatiale américaine), qui a pour objectif d'étudier l'astéroïde Bénou et de ramener un échantillon de son sol sur Terre."
Q622640;arts;"Oxyrhynque";"Oxyrhynchus";"phare";6;1;a-ecrire;"";2026-09-03;;;"Une immense décharge d'ordures antiques a livré plus de textes littéraires grecs que toutes les bibliothèques conservées du monde antique.";"Oxyrhynque est le nom francisé d'Oxyrhynchos ou Oxyrhinchus (du grec ancien : Ὀξύρυγχος : nez pointu) de la ville antique de Per-Medjed (Pr-mḏd) sur la rive ouest du Nil, à environ cent soixante kilomètres au sud du Caire et capitale du 19e nome de Haute-Égypte, le Nome des Deux sceptres (wȝb.wj)."
Q796171;arts;"Pachisi";"Pachisi";"phare";6;0;a-ecrire;"";2026-09-03;;;"L'empereur Akbar aurait fait tracer un damier géant dans sa cour et joué avec des femmes de son palais en guise de pions.";"Le pachisi est un jeu de société originaire de l'Inde ; on dit généralement que c'est le jeu national traditionnel indien. Il se joue sur un tablier en forme de croix aux quatre branches égales."
Q727788;vivant;"";"Palaeoloxodon falconeri";"phare";6;1;ecrit;"fr";2026-09-03;2026-09-07;;"Isolés en Sicile, ces éléphants ont rétréci jusqu'à un mètre au garrot, et leurs crânes à trou nasal central ont peut-être nourri le mythe du cyclope.";"Palaeoloxodon falconeri (ou Elephas falconeri ou plus souvent encore éléphant pygmée) est un éléphant nain fossile qui a vécu au Pléistocène dans certaines îles méditerranéennes."
Q1808761;arts;"Panharmonicon";"Panharmonicon";"phare";6;1;a-ecrire;"";2026-09-03;;;"Beethoven a composé une œuvre entière pour un automate-orchestre mécanique capable d'imiter des dizaines d'instruments.";"Le panharmonicon était un instrument de musique mécanique inventé par Johann Nepomuk Mælzel en 1804. Il n'en subsiste aucun exemplaire."
Q33558;cosmos;"Paradoxe d'Olbers";"Olbers' paradox";"phare";6;5;ecrit;"fr";2026-09-03;2026-09-07;;"Si l'univers était infini et éternel, la nuit serait aussi éblouissante que la surface du Soleil.";"Le paradoxe d'Olbers, appelé aussi paradoxe de Cheseaux-Olbers ou paradoxe de la nuit noire, est une contradiction apparente entre le fait que le ciel est noir pendant la nuit et l'hypothèse que l'Univers serait statique, homogène et infini, qui impliquerait notamment que, depuis tout point du ciel,"
Q897194;sciences;"Paradoxe de Braess";"Braess's paradox";"phare";6;2;a-ecrire;"";2026-09-03;;;"Ajouter une route peut ralentir tout un réseau, et en fermer une peut le fluidifier ; on l'a vérifié à Séoul comme à New York.";"En mathématiques, et plus précisément en théorie des jeux, le paradoxe de Braess énonce que l'ajout d'une nouvelle route dans un réseau routier peut réduire la performance globale, lorsque les entités se déplaçant choisissent leur route individuellement."
Q1471710;cosmos;"Paradoxe de l'information";"Black hole information paradox";"phare";6;1;ecrit;"fr";2026-09-03;2026-09-07;;"Ce qui tombe dans un trou noir semble effacé de l'univers, ce que les lois de la physique interdisent formellement.";"En astrophysique, le paradoxe de l'information est un paradoxe mis en évidence par Stephen Hawking en 1976 opposant les lois de la mécanique quantique à celles de la relativité générale."
Q486851;esprit;"Paralysie du sommeil";"Sleep paralysis";"phare";6;1;ecrit;"fr";2026-09-03;2026-09-07;;"Le corps reste verrouillé quelques secondes après le réveil, et le cerveau meuble ce vide en installant une présence assise au bord du lit.";"La paralysie du sommeil est une parasomnie selon la Classification internationale des troubles du sommeil, qui se caractérise par le fait que le sujet, sur le point de s'endormir (paralysie hypnagogique) ou de s'éveiller (paralysie hypnopompique) mais tout à fait conscient, se trouve dans l'incapaci"
Q506422;esprit;"Paréidolie";"Pareidolia";"phare";6;2;ecrit;"fr";2026-09-03;2026-09-07;;"Votre cerveau consacre une région entière aux visages, ce qui vous en fait voir dans les prises électriques, les nuages et les calandres de voiture.";"Une paréidolie est un processus mental qui consiste, face à des stimuli visuels ou auditifs, à reconnaître des formes familières dans des éléments pourtant aléatoires."
Q148752;vivant;"Paresseux à gorge brune";"Brown-throated sloth";"phare";6;0;ecrit;"fr";2026-09-03;2026-09-07;;"Il descend de son arbre une fois par semaine pour déféquer au sol, au péril de sa vie, parce que des papillons vivant dans son pelage ont besoin de ce tas.";"Le Paresseux à gorge brune (Bradypus variegatus), nommé aussi Paresseux tridactyle de Bolivie, est une espèce de paresseux d'Amérique centrale et du Sud."
Q502220;vivant;"";"Parrotfish";"phare";6;0;ecrit;"fr";2026-09-03;2026-09-07;;"Il broie le corail, le recrache en sable fin — des centaines de kilos par an — et dort la nuit dans un sac de mucus qu'il sécrète pour masquer son odeur.";"Les poissons-perroquets (Scaridae) sont une grande famille de poissons marins tropicaux qui font partie intégrante du vaste sous-ordre des Labroidei (comprenant aussi bien des poissons d’eau douce comme les Cichlidés que d’eau de mer avec par exemple les poissons-clowns, ou encore les labres)."
Q212547;arts;"Pastel des teinturiers";"Isatis tinctoria";"phare";6;0;a-ecrire;"";2026-09-03;;;"Le bleu tiré d'une plante a fait la fortune des marchands de Toulouse, effondrée en quelques décennies par l'arrivée de l'indigo.";"Le Pastel des teinturiers ou guède (Isatis tinctoria L.) est une espèce de plantes herbacées bisannuelles, de la famille des Brassicaceae, qui pousse à l'état sauvage en Europe du Sud-Est, Asie Centrale et Asie du Sud-Ouest."
Q39747960;esprit;"";"Perdita Barran";"phare";6;1;publie;"fr";2026-09-03;;2026-09-05;"Elle sent l'odeur de la maladie de Parkinson sur les vêtements, des années avant que le moindre symptôme n'apparaisse.";"Perdita Elizabeth Barran is a Professor of Mass Spectrometry at the University of Manchester. She is Director of the Michael Barber Centre for Collaborative Mass Spectrometry."
Q360098;sciences;"Philo Farnsworth";"Philo Farnsworth";"phare";6;1;a-ecrire;"";2026-09-03;;;"Un adolescent a eu l'idée de la télévision électronique en labourant un champ de pommes de terre en sillons parallèles.";"Philo Taylor Farnsworth (19 août 1906 près de Beaver dans l'Utah - 11 mars 1971 à Salt Lake City) est un inventeur américain ayant contribué à l'invention du tube de prises de vue vidéo pour la télévision."
Q755123;terre;"";"Phlegraean Fields";"phare";6;0;a-ecrire;"";2026-09-03;;;"Le sol de cette caldeira napolitaine monte et descend de plusieurs mètres, soulevant parfois un port entier hors de l'eau.";"Les champs Phlégréens (en italien, campi Flegrei) sont une région volcanique située dans le golfe de Pouzzoles, au nord-ouest de Naples (Italie). Ils correspondent à l'un des supervolcans les plus actifs du monde."
Q1072103;esprit;"Phosphène";"Phosphene";"phare";6;3;ecrit;"fr";2026-09-03;2026-09-07;;"Frottez vos yeux fermés : les taches lumineuses que vous voyez sont vos neurones excités par la pression, pas de la lumière.";"Un phosphène est un phénomène qui se traduit par la sensation de voir une lumière ou par l'apparition de taches dans le champ visuel, y compris les yeux fermés."
Q298581;cosmos;"";"Pierre Janssen";"phare";6;2;ecrit;"fr";2026-09-03;2026-09-07;;"Il s'est échappé de Paris assiégé en ballon pour voir une éclipse, et a détecté dans le Soleil un élément inconnu sur Terre.";"Pierre Jules César Janssen, plus connu sous le nom de Jules Janssen, né le 22 février 1824 à Paris et mort le 23 décembre 1907 à Meudon, est un astronome français."
Q11443101;arts;"Pirahã";"Pirahã people";"phare";6;0;a-ecrire;"";2026-09-03;;;"Cette langue amazonienne n'aurait ni nombres, ni mots de couleur fixes, ni subordonnées, ni récits antérieurs à la mémoire des vivants.";"Les Pirahãs sont une population de chasseurs-cueilleurs d'Amazonie, vivant principalement sur les rives du Maici, au Brésil. On compte aujourd'hui jusqu'à 8 villages pendant la saison des pluies répartis sur les 300 miles de la rivière."
Q14831565;terre;"Plateau Tamu";"Tamu Massif";"phare";6;2;a-ecrire;"";2026-09-03;;;"Ce volcan endormi sous le Pacifique couvre une surface comparable à celle des îles Britanniques.";"Le plateau Tamu (ou massif Tamu, ou simplement Tamu) est un volcan bouclier sous-marin inactif situé dans le nord-ouest de l'océan Pacifique. Il a été annoncé en 2013 que ce massif déjà connu était en fait un seul et même volcan, ce qui en fait le plus grand volcan de la Terre et l'un des plus grands du Système solaire."
Q186451;vivant;"Pleurotus ostreatus";"";"phare";6;1;ecrit;"fr";2026-09-03;2026-09-07;;"Ce champignon comestible paralyse les vers du sol avec une toxine, puis pénètre leur corps par la bouche pour les digérer.";"Pleurotus ostreatus, le Pleurote en (forme d') huître, est une espèce de champignon Basidiomycète du genre Pleurotus de la famille des Pleurotaceae. Cette espèce forestière fait depuis les années 1970[réf."
Q371090;esprit;"Point aveugle";"Blind spot (vision)";"phare";6;0;ecrit;"fr";2026-09-03;2026-09-07;;"Chaque œil a un trou dans son champ visuel, et votre cerveau le rebouche en inventant purement et simplement le motif manquant.";"Le point aveugle, la tache aveugle, la tache de Mariotte, la papille optique ou le disque optique est la partie de la rétine où s'insère le nerf optique qui relaye les influx nerveux de la couche plexiforme interne jusqu'au cortex cérébral, ainsi que les vaisseaux sanguins arrivant à l'œil et quittant l'œil."
Q7210116;vivant;"";"Polistes fuscatus";"phare";6;0;ecrit;"fr";2026-09-03;2026-09-07;;"Ces guêpes se reconnaissent individuellement au dessin de leur visage, et une ouvrière repeinte au vernis se fait aussitôt agresser par ses propres sœurs.";"Polistes fuscatus, whose common name is the dark or northern paper wasp, is widely found in eastern North America, from southern Canada through the southern United States."
Q7235474;arts;"";"Pouf";"phare";6;0;a-ecrire;"";2026-09-03;;;"On portait à la cour des coiffures hautes d'un mètre, dont l'une représentait une frégate complète avec mâts et voiles.";"Le pouf est une coiffure apparue au XVIIIe siècle en France. Créée par le coiffeur Léonard, elle est popularisée par Marie-Antoinette, qui la porte au sacre de Louis XVI le 11 juin 1775."
Q1353993;arts;"";"Poulaine";"phare";6;0;a-ecrire;"";2026-09-03;;;"Les chaussures à pointe s'allongèrent tant qu'il fallut fixer par la loi leur longueur maximale selon le rang de celui qui les portait.";"La poulaine est une chaussure de la fin du Moyen Âge (du XIVe au XVe siècle) portée par les hommes autant que par les femmes. À l'époque moderne, la poulaine désigne une pantoufle, un chausson, ou mule fermée, et souvent fourrée."
Q47051;vivant;"Prion (protéine)";"Prion";"phare";6;4;ecrit;"fr";2026-09-03;2026-09-07;;"Cet agent infectieux n'a ni ADN ni ARN : c'est une simple protéine mal repliée qui force les protéines saines à se déformer à leur tour.";"Le prion est un type de protéine naturellement présent dans l'organisme dans sa forme cellulaire (PrPC) susceptible de donner une forme pathogène PrPSc par une mauvaise conformation ou repliement."
Q213669;sciences;"Procédé Haber";"Haber process";"phare";6;0;a-ecrire;"";2026-09-03;;;"La moitié des atomes d'azote de votre corps sont passés par cette réaction industrielle qui fabrique de l'engrais à partir de l'air.";"Le procédé Haber est un procédé chimique servant à la synthèse de l'ammoniac (NH3) par hydrogénation du diazote (N2) gazeux atmosphérique par le dihydrogène (H2) gazeux en présence d'un catalyseur."
Q244438;esprit;"Prosopagnosie";"Prosopagnosia";"phare";6;2;ecrit;"fr";2026-09-03;2026-09-07;;"Ne plus reconnaître aucun visage, y compris le sien.";"La prosopagnosie est un trouble de la reconnaissance des visages, distinct de la prosopamnésie. C'est une agnosie visuelle spécifique rendant difficile ou impossible l'identification des visages humains."
Q24896809;esprit;"Prosopométamorphopsie";"Prosopometamorphopsia";"phare";6;3;publie;"fr";2026-09-03;;2026-09-05;"De rares patients voient tous les visages réels se déformer en masques démoniaques, mais retrouvent des traits normaux sur un écran ou une photo.";"La prosopométamorphopsie, parfois abrégée, notamment de l'anglais prosopometamorphopsia, en PMO, est un trouble neurologique rare (avec environ 75 cas décrits, mais sans doute plus commune) qui entraîne une perception déformée des visages."
Q1653195;terre;"Pyrocumulonimbus";"Cumulonimbus flammagenitus";"phare";6;1;a-ecrire;"";2026-09-03;;;"Un incendie assez violent fabrique son propre orage, dont la foudre allume à son tour de nouveaux feux à des kilomètres de là.";"Un pyrocumulonimbus, aussi appelé « orage de feu », est un cumulonimbus qui se forme au-dessus d'une source intense de chaleur, par pyroconvection."
Q841050;terre;"";"Qattara Depression";"phare";6;0;a-ecrire;"";2026-09-03;;;"On a sérieusement envisagé d'y faire couler la Méditerranée par un canal pour produire de l'électricité pendant des siècles.";"La dépression de Qattara (en arabe : منخفض القطارة, Munḫafaḍ al-Qaṭṭārah) est une dépression située dans le nord-ouest de l'Égypte, dans le gouvernorat de Marsa-Matruh."
Q589284;esprit;"Réflexe d'immersion chez les mammifères";"Diving reflex";"phare";6;3;ecrit;"fr";2026-09-03;2026-09-07;;"Plongez simplement le visage dans l'eau froide : votre cœur ralentit aussitôt, réflexe hérité que vous partagez avec les phoques.";"Le réflexe d'immersion est un réflexe présent chez les mammifères qui optimise la respiration afin de rester sous l'eau pendant un certain temps. Ce réflexe est très prononcé chez les mammifères aquatiques et semi-aquatiques (Cétacés, Pinnipèdes, loutres, castors, etc.), mais existe également plus faiblement chez les mammifères terrestres, y compris les humains."
Q219621;esprit;"René Laennec";"René Laennec";"phare";6;1;a-ecrire;"";2026-09-03;;;"Gêné de coller son oreille contre la poitrine d'une jeune patiente, il a roulé un cahier en tube : le stéthoscope était né.";"René-Théophile-Marie-Hyacinthe Laennec ou Laënnec, plus connu sous le nom de René Laennec, né le 17 février 1781 à Quimper, mort le 13 août 1826 à Douarnenez dans son manoir de Ploaré, est un médecin français, créateur du diagnostic médical par auscultation (Traité de l'auscultation médiate, 1819) grâce à l'invention du stéthoscope."
Q4392836;arts;"Requiem (Akhmatova)";"Requiem (Anna Akhmatova)";"phare";6;0;a-ecrire;"";2026-09-03;;;"Trop dangereux pour être écrit, le poème fut appris par cœur par des amies qui brûlaient la feuille aussitôt après lecture.";"Requiem est un recueil de poèmes écrits par la poétesse russe Anna Akhmatova (1889-1966), entre 1935 et 1940. L'ouvrage n'a été néanmoins publié pour la première fois en russe qu'en 1963 à Munich."
Q2033097;histoire;"";"Resurrectionists (Catholic)";"phare";6;0;ecrit;"fr";2026-09-03;2026-09-07;;"Les familles anglaises montaient la garde sur les tombes fraîches, car les écoles de médecine payaient comptant les cadavres déterrés de la nuit.";"La congrégation de la Résurrection de Notre-Seigneur Jésus-Christ (en latin : Congregatio a Resurrectione Domini Nostri Jesu Christi) forment une congrégation cléricale de droit pontifical fondé le 17 février 1836 à Paris."
Q1308639;vivant;"Rhabdophis tigrinus";"Rhabdophis tigrinus";"phare";6;2;ecrit;"fr";2026-09-03;2026-09-07;;"Ce serpent non venimeux vole les toxines des crapauds qu'il avale et les stocke dans des glandes de son cou pour s'en défendre.";"Rhabdophis tigrinus est une espèce de serpents de la famille des Natricidae. D'une taille moyenne d'environ 1 m, cette espèce fréquente les zones humides de l'est de l'Asie et de la Russie."
Q44580;histoire;"Richard Sorge";"Richard Sorge";"phare";6;5;ecrit;"fr";2026-09-03;2026-09-07;;"Un journaliste allemand en poste à Tokyo a donné à Moscou la date exacte de l'invasion nazie, et Staline a jugé l'information sans intérêt.";"Richard Sorge (en russe : Рихард Зорге), né le 4 octobre 1895 à Sabunçu, en Russie impériale, et mort le 7 novembre 1944 à Tokyo au Japon, est un révolutionnaire et journaliste allemand et soviétique."
Q422652;esprit;"Rifampicine";"Rifampicin";"phare";6;1;a-ecrire;"";2026-09-03;;;"Cet antibiotique colore en orange vif l'urine, la sueur et les larmes, et tache les lentilles de contact pour de bon.";"La rifampicine est un antibiotique de la famille des rifamycines utilisé pour traiter un certain nombre d'infections bactériennes dont la tuberculose, la lèpre et la légionellose en combinaison avec d'autres antibiotiques."
Q471892;histoire;"Robert Smalls";"Robert Smalls";"phare";6;4;publie;"fr";2026-09-03;;2026-09-05;"Un esclave a volé un navire confédéré déguisé en son capitaine, l'a livré à l'Union avec sa famille à bord, et est devenu membre du Congrès.";"Robert Smalls (né le 5 avril 1839 à Beaufort en Caroline du Sud et mort le 23 février 1915 dans cette même ville) est un pilote, éditeur, homme d'affaires et homme politique américain."
Q1066203;vivant;"";"Roridula";"phare";6;0;publie;"fr";2026-09-03;;2026-09-05;"Cette plante ne digère pas les insectes qu'elle englue : elle laisse une punaise les manger et absorbe le phosphore de ses excréments.";"Roridula (; from Latin roridus ""dewy"") is a genus of evergreen, insect-trapping shrubs, with two species, of about 1.3–2 m (4.3–6.6 ft). It is the only genus in the family Roridulaceae."
Q25334;vivant;"Rouge-gorge familier";"European robin";"phare";6;0;ecrit;"fr";2026-09-03;2026-09-07;;"Sa boussole est chimique et quantique : des protéines de sa rétine réagissent au champ magnétique terrestre, si bien qu'il voit littéralement le nord.";"Le Rouge-gorge familier (Erithacus rubecula) est une espèce de passereaux. Auparavant placé dans la famille des Turdidae, il figure actuellement, avec d'autres représentants de celle-ci (particulièrement les tariers et les traquets), dans celle des Muscicapidae."
Q2419932;histoire;"Royaume de Redonda";"Kingdom of Redonda";"phare";6;0;ecrit;"fr";2026-09-03;2026-09-07;;"Ce rocher caribéen inhabité a une lignée de rois qui sont tous des écrivains, se transmettant le titre par testament.";"Le Royaume de Redonda est une ancienne monarchie sud-américaine. Elle se trouvait sur l’île de Redonda, dans l'actuelle Antigua-et-Barbuda, dans les Petites Antilles."
Q1072848;arts;"Run (île)";"Run (island)";"phare";6;0;a-ecrire;"";2026-09-03;;;"Les Néerlandais ont cédé aux Anglais une île qui allait devenir Manhattan, en échange d'un caillou couvert de muscadiers.";"Run (Pulau Run en indonésien) est une des plus petites des îles Banda dans les Moluques en Indonésie, avec environ 3 km de longueur et moins de 1 km de largeur."
Q191381;sciences;"Saccharine";"Saccharin";"phare";6;0;a-ecrire;"";2026-09-03;;;"Un chimiste a découvert l'édulcorant en dînant sans s'être lavé les mains après sa journée de laboratoire.";"La saccharine (ou saccarine selon la réforme orthographique de 1990) est le plus ancien des édulcorants artificiels ; elle est référencée sous le numéro E954. La saccharine a un pouvoir sucrant 300 à 400 fois plus élevé que le sucre, mais a un arrière goût métallique ou amer déplaisant, particulièrement à hautes concentrations."
Q2735049;cosmos;"Sagittarius B2";"Sagittarius B2";"phare";6;4;ecrit;"fr";2026-09-03;2026-09-07;;"Ce nuage moléculaire du centre galactique contient du formiate d'éthyle, la molécule qui donne à la framboise son odeur.";"Sagittarius B2 (Sgr B2) est un nuage moléculaire géant composé de gaz et de poussières, situé à environ 120 pc (∼391 al) du centre de la Voie lactée. Cet ensemble est le plus grand nuage moléculaire dans les environs du noyau galactique et l'un des plus grands dans la galaxie, s'étendant sur une région de 45 parsecs."
Q1912167;vivant;"";"Santino";"phare";6;0;ecrit;"fr";2026-09-03;2026-09-07;;"Ce chimpanzé de zoo empilait calmement des pierres le matin, avant l'ouverture, pour les lancer sur les visiteurs l'après-midi.";"Santino est un prénom ou surnom masculin italien signifiant « petit saint »."
Q929072;arts;"Sanxingdui";"Sanxingdui";"phare";6;1;a-ecrire;"";2026-09-03;;;"Des fosses chinoises ont livré des masques de bronze aux yeux saillants, œuvres d'une civilisation absente de tous les textes connus.";"Sanxingdui (chinois : 三星堆 ; pinyin : sānxīng duī) est un site archéologique de l'Âge du bronze, situé à Guanghan, à environ 40 km de Chengdu, dans la province du Sichuan, en Chine."
Q7430246;vivant;"";"Scarabaeus satyrus";"phare";6;1;ecrit;"fr";2026-09-03;2026-09-07;;"Ce bousier roule sa boule en ligne droite la nuit en s'orientant sur la bande lumineuse de la Voie lactée, ce qu'aucun autre insecte connu ne fait.";"Scarabaeus satyrus est une espèce de bousiers du genre Scarabaeus, de la tribu des Scarabaeini, la sous-famille des Scarabaeinae et la famille des Scarabaeidae."
Q756724;vivant;"Seiche commune";"Common cuttlefish";"phare";6;1;ecrit;"fr";2026-09-03;2026-09-07;;"Cette seiche renonce à un repas immédiat si elle a appris qu'une crevette meilleure viendra plus tard, réussissant l'épreuve du marshmallow.";"La Seiche commune (Sepia officinalis) est une espèce de mollusques céphalopodes marins. Elle est connue pour ses capacités de mimétisme, lui permettant de changer de couleur ou de texture pour se camoufler ou communiquer."
Q582169;arts;"";"Senet";"phare";6;0;a-ecrire;"";2026-09-03;;;"Ce jeu de parcours égyptien est devenu au fil des siècles une représentation du voyage de l'âme dans l'au-delà.";"Le senet (ou zénet, ou senat) est le jeu le plus connu de l'Égypte antique. C’est le jeu de table le plus pratiqué par les anciens Égyptiens du Nouvel Empire et des époques qui suivirent, mais il existe depuis l'époque prédynastique."
Q1569918;arts;"";"Sherlock Jr.";"phare";6;2;a-ecrire;"";2026-09-03;;;"Buster Keaton s'est brisé une vertèbre du cou pendant une cascade et ne l'a découvert que des années plus tard, par hasard.";"Sherlock Junior (Sherlock, Jr.) est un film muet américain réalisé par Buster Keaton sorti en 1924."
Q1529908;sciences;"";"Silly Putty";"phare";6;1;a-ecrire;"";2026-09-03;;;"Un caoutchouc de synthèse raté, jugé sans aucun usage industriel, est devenu l'un des jouets les plus vendus du siècle.";"Le Silly Putty (Mastic Idiot) est un polymère à base de silicone. Il est connu pour son comportement surprenant (non newtonien) aux sollicitations : il peut en effet réagir comme un solide de Hooke, un caoutchouc ou même un fluide visqueux."
Q554280;cosmos;"SN 1572";"SN 1572";"phare";6;3;ecrit;"fr";2026-09-03;2026-09-07;;"Avec une simple étoile nouvelle, Tycho Brahe a démoli l'idée d'un ciel immuable défendue depuis Aristote.";"SN 1572 (ou Nova de Tycho) est une supernova de type Ia survenue dans la constellation de Cassiopée, et l'une des rares à avoir été visibles à l'œil nu. Elle fut en effet observée le 11 novembre 1572 par Tycho Brahe, depuis l'abbaye de Herrevad, alors qu'elle était plus brillante que Vénus, avec une magnitude apparente de -4."
Q1194382;vivant;"Solenopsis invicta";"Red imported fire ant";"phare";6;1;ecrit;"fr";2026-09-03;2026-09-07;;"En cas d'inondation, ces fourmis s'agrippent en un radeau vivant qui flotte des semaines sans qu'aucune ne se noie.";"Solenopsis invicta, parfois appelée fourmi de feu, est l'une des 215 espèces de fourmis du genre très commun Solenopsis. Bien qu'elle soit originaire d'Amérique du Sud, elle est maintenant plus connue aux États-Unis, en Australie, à Taïwan, aux Philippines et dans le sud de la Chine (province de Guangdong)."
Q182350;sciences;"";"Sonoluminescence";"phare";6;1;a-ecrire;"";2026-09-03;;;"Une bulle d'air piégée dans l'eau par des ultrasons émet un éclair de lumière et atteint en son centre des dizaines de milliers de degrés.";"La sonoluminescence est le phénomène par lequel des photons sont émis par des bulles de gaz dont on fait varier le diamètre grâce à des ultrasons."
Q1078014;vivant;"";"Spinochordodes tellinii";"phare";6;0;publie;"fr";2026-09-03;;2026-09-05;"Ce ver d'un demi-mètre replié dans une sauterelle lui fait sauter dans l'eau pour s'y noyer, puis sort tranquillement du cadavre immergé.";"Spinochordodes tellinii is a parasitic nematomorph hairworm whose larvae develop in grasshoppers and crickets. This parasite is able to influence its host's behavior: once the parasite is grown, it causes its grasshopper host to jump into water, where the grasshopper will likely drown."
Q188528;arts;"";"Stari Most";"phare";6;1;a-ecrire;"";2026-09-03;;;"Le pont de Mostar a été relevé avec les pierres mêmes qu'on avait repêchées dans la rivière où on l'avait fait tomber.";"Le Stari Most (« le vieux pont » en bosnien) de Mostar est un pont du XVIe siècle qui relie les deux parties de cette ville de Bosnie-Herzégovine (Fédération de Bosnie-et-Herzégovine)."
Q263962;esprit;"Stimulation magnétique transcrânienne";"Transcranial magnetic stimulation";"phare";6;0;a-ecrire;"";2026-09-03;;;"Une bobine posée sur le crâne coupe la parole en pleine phrase, sans douleur ni contact, et la rend aussitôt après.";"La stimulation magnétique transcrânienne (ou TMS, abréviation de l'anglais : transcranial magnetic stimulation) est une technique médicale utilisée dans le diagnostic et dans le traitement de certaines affections psychiatriques et neurologiques (il s'agit alors en général de rTMS repetitive Transcranial Magnetic Stimulation)."
Q757013;vivant;"";"Superb lyrebird";"phare";6;1;ecrit;"fr";2026-09-03;2026-09-07;;"Cet oiseau australien imite parfaitement une tronçonneuse, un déclencheur d'appareil photo et une alarme de voiture, et transmet ces sons aux générations suivantes.";"Le Ménure superbe (Menura novaehollandiae) est une espèce d'oiseau-lyre originaire d'Australie."
Q261140;arts;"Symphonie no 7 de Chostakovitch";"Symphony No. 7 (Shostakovich)";"phare";6;1;a-ecrire;"";2026-09-03;;;"Jouée dans Leningrad assiégée par des musiciens affamés, elle fut diffusée par haut-parleurs en direction des lignes allemandes.";"La Symphonie no 7 en ut majeur, op. 60, dite Léningrad (en russe : Симфония № 7 «Ленинградская» до мажор соч."
Q794457;esprit;"Syndrome d'enfermement";"Locked-in syndrome";"phare";6;0;ecrit;"fr";2026-09-03;2026-09-07;;"Paralysé jusqu'à la bouche, un rédacteur en chef a dicté un livre entier en clignant de la paupière gauche, lettre par lettre.";"Le syndrome d'enfermement (en anglais : locked-in syndrome), également connu sous le nom de syndrome de désafférentation motrice ou syndrome de verrouillage, est un syndrome neurologique rare dans lequel le patient est éveillé et totalement conscient — il voit tout, il entend tout — mais ne peut ni"
Q979129;esprit;"Syndrome d'Ondine";"Central hypoventilation syndrome";"phare";6;0;a-ecrire;"";2026-09-03;;;"Ces personnes doivent penser à respirer : dès qu'elles s'endorment, la respiration s'arrête.";"Le syndrome d'Ondine ou syndrome d'hypoventilation alvéolaire centrale congénitale ou ondinisme est une maladie génétique rare qui se caractérise par une ventilation anormale chez une personne éveillée et une hypoventilation durant le sommeil malgré une fréquence respiratoire normale et un volume respiratoire normal."
Q1515119;esprit;"Syndrome de Gerstmann";"Gerstmann syndrome";"phare";6;3;ecrit;"fr";2026-09-03;2026-09-07;;"Une lésion minuscule fait perdre d'un coup le calcul, l'écriture, la gauche et la droite, et le nom de ses propres doigts.";"Le syndrome de Gertsmann est un syndrome neurologique associant une agnosie digitale, une indistinction droite gauche, une acalculie, une dysgraphie et parfois une apraxie constructive."
Q622901;esprit;"Syndrome de Korsakoff";"Korsakoff syndrome";"phare";6;3;ecrit;"fr";2026-09-03;2026-09-07;;"Privé de vitamine B1, le cerveau comble les trous de mémoire en fabriquant des souvenirs entiers, que le patient raconte avec une sincérité totale.";"Le syndrome de Korsakoff (ou syndrome amnésique avec fabulations ou psychose de Korsakoff ou démence de Korsakoff) est une affection neuropsychiatrique grave et évitable, presque toujours consécutive à une encéphalopathie de Gayet-Wernicke non traitée (bien que chez certaines personnes, la maladie,"
Q1235785;esprit;"Syndrome de la personne raide";"Stiff-person syndrome";"phare";6;0;a-ecrire;"";2026-09-03;;;"Le corps se fige comme du bois et le moindre bruit inattendu déclenche des spasmes capables de casser un os.";"Le syndrome de la personne raide (SPR) ou syndrome de l'homme raide (SHR), en anglais stiff-person syndrome (SPS), également connu sous le nom de syndrome de Moersch et Woltman est un trouble neurologique rare de cause peu claire caractérisé par une raideur progressive."
Q2295338;esprit;"Syndrome de Smith-Magenis";"Smith–Magenis syndrome";"phare";6;0;a-ecrire;"";2026-09-03;;;"Leur horloge est inversée : la mélatonine se déverse en plein jour et les laisse parfaitement éveillées la nuit.";"Le syndrome de Smith-Magenis est une maladie génétique rare se manifestant généralement par l'association d'un visage caractéristique, d'un retard de développement, de troubles cognitifs et d'anomalies émotionnelles et du comportement."
Q558077;esprit;"Syndrome de Williams";"Williams syndrome";"phare";6;2;a-ecrire;"";2026-09-03;;;"Ces enfants n'éprouvent aucune méfiance envers les inconnus, adorent la musique et les visages, et il leur manque un fragment de chromosome 7.";"Le syndrome de Williams (SW), ou syndrome de Williams et Beuren, ou encore syndrome de Williams-Beuren (SWB), décrit en 1961, est une maladie dont l'origine génétique chromosomique monosomique, liée à une microdélétion (perte d’un petit fragment d'un chromosome), a été démontrée en 1993, et égalemen"
Q606358;vivant;"";"Synodontis multipunctatus";"phare";6;1;ecrit;"fr";2026-09-03;2026-09-07;;"Ce poisson-chat glisse ses œufs parmi ceux d'un cichlidé qui les couve dans sa bouche ; ses alevins éclosent les premiers et mangent la couvée de l'hôte.";"Le Coucou du Tanganyika ou Synodontis tacheté (Synodontis multipunctatus) est un poisson-chat endémique du lac Tanganyika du genre Synodontis appartenant à la famille des Mochokidés."
Q15474254;esprit;"Système glymphatique";"Glymphatic system";"phare";6;3;ecrit;"fr";2026-09-03;2026-09-07;;"Pendant votre sommeil, les cellules du cerveau se rétractent et laissent un liquide le rincer de ses déchets de la journée.";"Le système glymphatique est un système d'évacuation des déchets du système nerveux central (SNC) des vertébrés."
Q1321104;arts;"Tama (instrument)";"Talking drum";"phare";6;0;a-ecrire;"";2026-09-03;;;"Certains tambours africains reproduisent les tons de la langue et transmettent des phrases entières de village en village, plus vite qu'un messager.";"Le tama (sérère, wolof, mandingue, bambara) gangan, dumdum (yoruba), kalangu (haoussa, songhaï), odondo (akan), lunna (dagomba), karangou ou kalangou, appelé également « le tambour parlant », est un instrument de percussion de la famille des membranophones originaire d'Afrique de l'Ouest."
Q1147946;arts;"";"Tarte Tatin";"phare";6;2;a-ecrire;"";2026-09-03;;;"Une tarte ratée puis renversée dans la panique est devenue le dessert français le plus copié au monde.";"La tarte Tatin est une tarte aux pommes caramélisées au sucre et au beurre dont la pâte est disposée au-dessus de la garniture avant la cuisson au four. Elle est ensuite renversée sur un plat et servie tiède."
Q1140249;arts;"Temple d'Amon (Debod)";"Temple of Debod";"phare";6;2;a-ecrire;"";2026-09-03;;;"L'Égypte a offert un temple entier à l'Espagne : il se dresse aujourd'hui, remonté pierre à pierre, dans un parc de Madrid.";"Le temple d'Amon, situé à l'origine à Debod, aussi connu comme le temple de Debod, est un temple nubien de l'Égypte antique, datant du IIe siècle avant notre ère, dédié au dieu égyptien Amon."
Q2030857;esprit;"Test de Wada";"";"phare";6;2;ecrit;"fr";2026-09-03;2026-09-07;;"On endort une moitié de cerveau à la fois : le patient reste éveillé, perd la parole quelques minutes, puis la retrouve.";"En neurologie, le test de Wada consiste à injecter un anesthésique (en général de l'amobarbital sodique) dans l'une des artères carotides internes (droite ou gauche) de façon à déterminer quel est l'hémisphère cérébral dominant pour une fonction cognitive donnée, en général le langage."
Q1523836;esprit;"Test du marshmallow";"Stanford marshmallow experiment";"phare";6;0;a-ecrire;"";2026-09-03;;;"Les enfants capables d'attendre réussissaient mieux plus tard — jusqu'à ce que les réplications montrent que c'était surtout le milieu social.";"Le test du marshmallow ou expérience de la guimauve est une étude sur la gratification différée conduite en 1972 par le psychologue Walter Mischel de l'université Stanford."
Q128910;arts;"";"The Last Supper (Leonardo)";"phare";6;1;a-ecrire;"";2026-09-03;;;"Peinte à sec sur un mur humide, elle s'écaillait déjà du vivant de Léonard et a été repeinte par des générations de restaurateurs.";"La Cène (en italien : L'Ultima Cena, soit « Le Dernier Souper ») de Léonard de Vinci est une peinture murale à la détrempe de 460 × 880 cm, réalisée de 1495 à 1498 pour le réfectoire du couvent dominicain de Santa Maria delle Grazie à Milan."
Q1144897;sciences;"Théorème du point fixe de Brouwer";"Brouwer fixed-point theorem";"phare";6;2;a-ecrire;"";2026-09-03;;;"Quand on remue son café, il existe forcément un point du liquide qui se retrouve exactement à sa position de départ.";"En mathématiques, et plus précisément en topologie algébrique, le théorème du point fixe de Brouwer fait partie de la grande famille des théorèmes de point fixe, qui énoncent que si une fonction continue f vérifie certaines propriétés, alors il existe un point x0 tel que f(x0) = x0."
Q320665;vivant;"";"Thorny devil";"phare";6;0;ecrit;"fr";2026-09-03;2026-09-07;;"Ce lézard du désert boit par les pattes : des rainures microscopiques entre ses écailles pompent l'eau du sable jusqu'à sa bouche par capillarité.";"Le Moloch, Diable cornu ou Moloch hérissé (Moloch horridus), est l'unique représentant du genre Moloch, est une espèce de sauriens de la famille des Agamidae."
Q770649;arts;"Tiare de Saïtapharnès";"";"phare";6;2;a-ecrire;"";2026-09-03;;;"Le Louvre a payé une fortune une tiare scythe en or ; l'orfèvre d'Odessa qui l'avait fabriquée l'a prouvé en refaisant un morceau.";"La tiare de Saïtapharnès est une tiare en or. Acquise par le musée du Louvre en 1896 comme un objet archéologique, elle s'est rapidement révélée être un faux."
Q19667296;esprit;"";"Timothy Ray Brown";"phare";6;0;ecrit;"fr";2026-09-03;2026-09-07;;"Guéri du VIH par une greffe de moelle prélevée sur un donneur porteur de la mutation qui verrouille la porte du virus.";"Timothy Ray Brown (March 11, 1966 – September 29, 2020) was an American considered to be the first person cured of HIV/AIDS. Brown was called ""The Berlin Patient"" at the 2008 Conference on Retroviruses and Opportunistic Infections, where his cure was first announced, in order to preserve his anonymity."
Q131003;esprit;"Toxoplasma gondii";"Toxoplasma gondii";"phare";6;1;publie;"fr";2026-09-03;;2026-09-05;"Ce parasite pousse les rongeurs infectés à être attirés par l'odeur du chat, afin de terminer son cycle dans l'intestin du prédateur.";"Toxoplasma gondii est une espèce de protistes parasites intracellulaires du phylum des Apicomplexa, agent de la toxoplasmose. Le phylum des Apicomplexa inclut de nombreux autres pathogènes d'importance médicale ou vétérinaire, parmi lesquels Plasmodium falciparum, responsable de la malaria chez l'humain."
Q1135210;arts;"Trésor du Staffordshire";"Staffordshire Hoard";"phare";6;3;a-ecrire;"";2026-09-03;;;"Un amateur au détecteur de métaux a sorti d'un champ anglais des milliers de pièces d'or et d'argent anglo-saxonnes.";"Le trésor du Staffordshire est le plus important trésor d'or anglo-saxon découvert à ce jour. Découvert dans un champ du Staffordshire (Angleterre), il comprend environ 5 kg d'or (il constitue près de 75 % du métal du trésor) et 1,3 kg d'argent."
Q682321;sciences;"Triboluminescence";"Triboluminescence";"phare";6;0;a-ecrire;"";2026-09-03;;;"Dérouler un ruban adhésif ordinaire dans le vide produit assez de rayons X pour radiographier un doigt humain.";"La triboluminescence est un phénomène optique dans lequel la lumière est engendrée par la cassure de liens asymétriques dans un cristal, quand ce matériau est gratté, cassé ou frotté."
Q4147743;vivant;"";"Trichoplax adhaerens";"phare";6;0;ecrit;"fr";2026-09-03;2026-09-07;;"Cet animal plat comme une crêpe n'a ni organe, ni bouche, ni neurone, ni symétrie, et digère sa nourriture en se posant simplement dessus.";"Trichoplax adhaerens est une espèce de placozoaires."
Q1569921;vivant;"Triphyophyllum peltatum";"";"phare";6;3;ecrit;"fr";2026-09-03;2026-09-07;;"Cette liane africaine ne devient carnivore que quelques semaines, quand elle manque de phosphore, puis redevient une plante ordinaire.";"Triphyophyllum peltatum (du grec tria « trois », phyo « croître » et phyllon « feuille », l'épithète peltatum, du grec pelte « bouclier » faisant référence à la forme de ses graines) est une espèce de plantes à fleurs de la famille des Dioncophyllaceae."
Q1155939;cosmos;"Trou noir primordial";"Primordial black hole";"phare";6;1;ecrit;"fr";2026-09-03;2026-09-07;;"Certains pourraient avoir la masse d'une montagne pour la taille d'un atome, et traverser des planètes sans laisser de trace visible.";"Un trou noir primordial est un type de trou noir hypothétique formé à l'époque de l'Univers primordial dans les régions extrêmement denses. Dans les premiers instants de l'Univers selon la théorie du Big Bang, la pression et la température étaient si élevées que de simples fluctuations de densité de la matière suffisaient pour donner naissance à un trou noir."
Q18657;esprit;"Trouble dissociatif de l'identité";"Dissociative identity disorder";"phare";6;1;ecrit;"fr";2026-09-03;2026-09-07;;"Des cas documentés rapportent des changements mesurables d'une identité à l'autre : besoin de lunettes différentes, allergies qui apparaissent puis disparaissent.";"Le trouble dissociatif de l'identité (TDI, anciennement appelé le trouble de la personnalité multiple selon la CIM-10) - en anglais : Dissociative Identity Disorder (DID) - est un trouble mental défini en 1994 dans le DSM comme un type de trouble dissociatif."
Q2103933;esprit;"Trouble du comportement en sommeil paradoxal";"Rapid eye movement sleep behavior disorder";"phare";6;1;ecrit;"fr";2026-09-03;2026-09-07;;"Chez ces dormeurs, le verrou musculaire ne fonctionne plus : ils vivent physiquement leurs rêves, et cela annonce souvent Parkinson quinze ans à l'avance.";"Le trouble du comportement en sommeil paradoxal (TCSP) est un trouble du sommeil caractérisé par des mouvements, pendant une phase de sommeil paradoxal. C'est une parasomnie spécifique du sommeil paradoxal, tout comme les cauchemars et les paralysies du sommeil, distincte donc des mouvements se produisant pendant le sommeil lent, comme le somnambulisme et la somniloquie."
Q2706353;esprit;"";"Ugo Cerletti";"phare";6;0;a-ecrire;"";2026-09-03;;;"L'idée de l'électrochoc lui est venue en regardant des cochons étourdis au courant électrique dans un abattoir romain.";"Ugo Cerletti (né le 26 septembre 1877 à Conegliano et mort le 25 juillet 1963 à Rome) est un psychiatre et neurologue italien, professeur de psychiatrie à l'université de Rome « La Sapienza »."
Q486088;cosmos;"Ulugh Beg";"Ulugh Beg";"phare";6;2;ecrit;"fr";2026-09-03;2026-09-07;;"Ce sultan astronome a mesuré la durée de l'année à une minute près, avant d'être décapité sur ordre de son propre fils.";"Ulugh Beg (rarement Oulugh Beg), né Muhammad Tāraghay, est un prince, puis sultan, de la dynastie timouride, né le 22 mars 1394 à Sultaniya (Iran), mort le 27 octobre 1449 à Samarcande (aujourd'hui en Ouzbékistan)."
Q156081;cosmos;"Ulysses (sonde spatiale)";"Ulysses (spacecraft)";"phare";6;4;ecrit;"fr";2026-09-03;2026-09-07;;"Pour survoler les pôles du Soleil, la sonde est d'abord partie dans la direction opposée, vers Jupiter.";"Ulysses est une sonde spatiale développée conjointement par la NASA et l'Agence spatiale européenne, qui a pour objet l'étude in situ des régions voisines du Soleil (l'héliosphère), de son équateur à ses pôles sur la durée d'un cycle solaire."
Q161195;vivant;"Utriculaire";"Utricularia";"phare";6;0;ecrit;"fr";2026-09-03;2026-09-07;;"Son piège aquatique aspire une proie en moins d'une milliseconde, l'un des mouvements les plus rapides du vivant, chez une plante sans muscle ni nerf.";"les utriculaires, Utricularia en latin , est le genre de plantes à fleurs de la famille des Lentibulariaceae. Ce sont des plantes carnivores qui compte le plus grand nombre d'espèces, soit environ 180."
Q5144724;esprit;"Vaccin de Coley";"Coley's toxins";"phare";6;1;a-ecrire;"";2026-09-03;;;"À la fin du XIXe siècle, un chirurgien new-yorkais a fait fondre des tumeurs en injectant volontairement des bactéries à ses patients.";"Le vaccin de Coley (également appelé toxine de Coley) est un mélange contenant des toxines filtrées à partir de bactéries tuées des espèces Streptococcus pyogenes et Serratia marcescens."
Q50880311;vivant;"Vachellia cornigera";"Vachellia cornigera";"phare";6;1;ecrit;"fr";2026-09-03;2026-09-07;;"Cet acacia loge et nourrit une colonie de fourmis, et son nectar contient une enzyme qui rend les ouvrières incapables de digérer un autre sucre que le sien.";"Vachellia cornigera est une espèce de plantes à fleurs de la famille des Fabacées, communément appelé Acacia corne de bœuf. c'est un arbre tropical et subtropical aux épines gonflées originaire du Mexique et de l'Amérique centrale."
Q7224923;vivant;"";"Vanilla planifolia";"phare";6;1;ecrit;"fr";2026-09-03;2026-09-07;;"Hors du Mexique, la vanille ne donne rien sans son abeille : c'est un jeune esclave de La Réunion qui a inventé, à douze ans, la fécondation à la main.";"Vanilla planifolia est la principale espèce d'orchidées utilisée pour produire la vanille."
Q193155;histoire;"Vente de la Louisiane";"Louisiana Purchase";"phare";6;2;ecrit;"fr";2026-09-03;2026-09-07;;"La France a vendu un tiers des futurs États-Unis pour financer une guerre, et l'acheteur n'était pas sûr d'en avoir le droit constitutionnel.";"La vente de la Louisiane (en anglais : Louisiana Purchase « l'achat de la Louisiane ») est la cession en 1803 par la France – alors dirigée par Napoléon Bonaparte, Premier Consul – de plus de 828 000 milles carrés (2 145 000 km2) de territoire aux États-Unis au prix de 3 cents l'acre, soit plus de 1"
Q1502531;vivant;"Ver de Guinée";"Dracunculus medinensis";"phare";6;1;publie;"fr";2026-09-03;;2026-09-05;"Ce ver d'un mètre sort lentement de la jambe par une cloque, et on l'extrait depuis l'Antiquité en l'enroulant sur un bâtonnet, quelques centimètres par jour.";"Le ver de Guinée, ou filaire de Médine (Dracunculus medinensis) est une espèce de vers ronds filiformes dont la femelle adulte est un parasite des mammifères, chez qui elle provoque la dracunculose."
Q737438;arts;"Vermillon";"";"phare";6;3;a-ecrire;"";2026-09-03;;;"Ce rouge somptueux est du sulfure de mercure : ceux qui le broyaient tremblaient, perdaient leurs dents et parfois la raison.";"Le vermillon est une couleur rouge vif tirant sur l'orangé, du nom d'un pigment à base de sulfure de mercure(II) HgS α."
Q1419;histoire;"Vespasien";"Vespasian";"phare";6;1;ecrit;"fr";2026-09-03;2026-09-07;;"L'empereur a taxé l'urine récoltée dans les pissotières et répondu à son fils dégoûté que l'argent n'a pas d'odeur.";"Vespasien (en latin : Vespasianus), de son nom de naissance Titus Flavius Vespasianus, né le 17 novembre 9 près de Reate (actuelle Rieti, dans le Latium) et mort le 23 juin 79 à Aquae Cutiliae (actuelle province de Rieti), est un empereur romain, officiellement appelé Imperator Caesar Vespasianus Au"
Q162070;vivant;"Victoria amazonica";"Victoria amazonica";"phare";6;1;publie;"fr";2026-09-03;;2026-09-05;"Ses feuilles portent un enfant, et sa fleur chauffe, emprisonne un scarabée une nuit entière, change de sexe et de couleur, puis le relâche couvert de pollen.";"Victoria amazonica, la Victoria d'Amazonie ou Nénuphar géant, est une espèce de plantes à fleurs de la famille des Nymphaeaceae. On attribuait à ce nénuphar d'Amérique du Sud les plus grandes feuilles au monde parmi les espèces aquatiques jusqu'à ce que l'on en distingue l'espèce voisine Victoria boliviana (les deux espèces étant auparavant confondues)."
Q3777100;terre;"";"Villa Luz Cave";"phare";6;0;a-ecrire;"";2026-09-03;;;"Des stalactites vivantes de bactéries y suintent un acide sulfurique assez fort pour trouer les vêtements des explorateurs.";"Villa Luz Cave, Spanish name Cueva de Villa Luz (lit. Cave of the Lighted Town), also known as Cueva del Azufre and Cueva de las Sardinas, is a cave near Tapijulapa in the southern Mexican state of Tabasco."
Q940746;arts;"Villa Savoye";"Villa Savoye";"phare";6;1;a-ecrire;"";2026-09-03;;;"Le toit fuyait tellement que la propriétaire a menacé l'architecte d'un procès, son fils étant tombé malade dans la maison.";"La villa Savoye est une villa située au 82, rue de Villiers, sur la commune française de Poissy, dans les Yvelines, construite de 1928 à 1931 par l'architecte Le Corbusier et son cousin Pierre Jeanneret."
Q104865;cosmos;"Vladimir Komarov";"Vladimir Komarov";"phare";6;2;publie;"fr";2026-09-03;;2026-09-05;"Il est parti dans un vaisseau qu'il savait défectueux pour épargner son ami Gagarine, et s'est écrasé après l'échec de son parachute.";"Vladimir Mikhaïlovitch Komarov (en russe : Владимир Михайлович Комаров) est un cosmonaute soviétique, né le 16 mars 1927 à Moscou. Il fut le premier cosmonaute à mourir lors d'une mission spatiale, à bord de Soyouz 1, le 24 avril 1967, 3 mois après l'accident d'Apollo 1."
Q604603;cosmos;"Voorwerp de Hanny";"Hanny's Voorwerp";"phare";6;1;ecrit;"fr";2026-09-03;2026-09-07;;"Une institutrice néerlandaise triant des images sur Internet a trouvé un nuage vert éclairé par un quasar éteint depuis.";"Le voorwerp de Hanny (signifiant « objet de Hanny » en néerlandais et connu sous le nom Hanny's voorwerp en anglais) est un type rare d’objet astronomique appelé écho d’ionisation de quasar situé à 700 millions d'années-lumière de la Terre dans la constellation du Petit Lion."
Q1765561;mysteres;"";"W. Reginald Bray";"phare";6;0;a-ecrire;"";2026-09-03;;;"Cet Anglais a envoyé par la poste un navet, un chien, un chapeau melon, puis lui-même, pour tester ce que le service acceptait de transporter.";"Willie Reginald Bray (30 April 1879 – 6 June 1939), also known as ""The Autograph King"", was an English eccentric who first experimented with the limits of the British postal system, including having himself delivered as a letter, and later moved into autograph collecting, amassing over 15,000 autographs by the time of his death."
Q87484723;cosmos;"";"WASP-76b";"phare";6;0;publie;"fr";2026-09-03;;2026-09-05;"Le fer s'y évapore côté jour et retombe en pluie métallique côté nuit.";"WASP-76 b est une exoplanète ultrachaude en orbite autour de WASP-76 (en), une étoile de type F7 de la séquence principale située à 636 al dans la constellation des Poissons, découverte en 2013 par le projet SuperWASP."
Q77152;esprit;"";"Werner Forssmann";"phare";6;1;publie;"fr";2026-09-03;;2026-09-05;"Un jeune interne s'est enfoncé un cathéter dans une veine du bras jusqu'au cœur, puis est monté à pied en radiologie photographier le résultat.";"Werner Forssmann (en allemand : Werner Forßmann), né le 29 août 1904 à Berlin et mort le 1er juin 1979 à Schopfheim, est un médecin allemand. Il est célèbre pour ses travaux sur le cathétérisme cardiaque."
Q971865;arts;"";"What's Up, Tiger Lily?";"phare";6;3;a-ecrire;"";2026-09-03;;;"Woody Allen a redoublé un film d'espionnage japonais en changeant tout : la quête mondiale devient celle d'une recette de salade d'œufs.";"Lily la tigresse (What's Up, Tiger Lily?) est un film américano-japonais réalisé par Woody Allen, sorti en 1966."
Q711394;esprit;"";"Wilder Penfield";"phare";6;0;ecrit;"fr";2026-09-03;2026-09-07;;"En stimulant le cerveau d'opérés conscients, il déclenchait des scènes entières : un orchestre qui joue, une mère qui appelle dans la rue.";"Wilder Graves Penfield, né le 26 janvier 1891 à Spokane dans l'État de Washington et mort le 5 avril 1976 à Montréal, est un neurochirurgien canadien."
Q334375;sciences;"William Gosset";"William Sealy Gosset";"phare";6;3;a-ecrire;"";2026-09-03;;;"Le test statistique le plus utilisé au monde porte le pseudonyme d'un employé de brasserie à qui Guinness interdisait de signer de son vrai nom.";"William Sealy Gosset (1876-1937) connu sous le pseudonyme Student est un statisticien anglais. Embauché par la brasserie Guinness pour stabiliser le goût de la bière, il a ainsi inventé le test de Student."
Q2120396;sciences;"Wilson Greatbatch";"";"phare";6;1;a-ecrire;"";2026-09-03;;;"En se trompant de résistance dans un montage, il a obtenu un circuit qui battait comme un cœur : le stimulateur cardiaque implantable était né.";"Wilson Greatbatch est un ingénieur et inventeur américain, né le 6 septembre 1919 à Buffalo et décédé dans cette même ville le 27 septembre 2011. Il a inventé le premier pacemaker totalement implantable, expérimenté pour la première fois de manière fructueuse sur un patient en 1960."
Q3569521;terre;"Wittenoom";"Wittenoom, Western Australia";"phare";6;2;a-ecrire;"";2026-09-03;;;"Cette ville australienne a été rayée des cartes et privée d'électricité parce que son sol est saturé de fibres d'amiante bleue.";"Wittenoom est une ville minière de l'Australie-Occidentale. De l'extraction à la préparation, on y a exploité l'amiante jusqu'à ce que celui-ci soit notoirement connu pour ses effets délétères sur la santé."
Q842618;arts;"";"Worcestershire sauce";"phare";6;0;a-ecrire;"";2026-09-03;;;"Jugée immonde, la préparation a été oubliée dans une cave pendant des mois avant qu'on la regoûte, devenue excellente.";"La sauce Worcestershire (en anglais : Worcestershire sauce /ˈwʊstəˌʃə.ˈsɔːs/) est un condiment d'origine anglaise, à la saveur aigre-douce et légèrement piquante, inventé en 1837 par la compagnie Lea & Perrins (en)."
Q1339499;cosmos;"WR 104";"WR 104";"phare";6;2;ecrit;"fr";2026-09-03;2026-09-07;;"Cette étoile mourante dessine une spirale parfaite et pointe peut-être son axe, et ses futurs jets, vers nous.";"WR 104 est une étoile Wolf-Rayet découverte en 1998 et située à environ 8 475 années lumière (2 600 pc) de la Terre dans la constellation du Sagittaire. Il s'agit d'une étoile binaire avec un compagnon de type OB."
Q8043726;vivant;"";"Xenos vesparum";"phare";6;0;publie;"fr";2026-09-03;;2026-09-05;"Le mâle vole quelques heures avant de mourir ; la femelle reste toute sa vie enfoncée dans l'abdomen d'une guêpe, sans yeux, sans pattes, sans ailes.";"Xenos vesparum is a parasitic insect species of the order Strepsiptera that are endoparasites of paper wasps in the genus Polistes (most commonly Polistes dominula) that was first described in 1793."
Q612693;esprit;"Xeroderma pigmentosum";"Xeroderma pigmentosum";"phare";6;1;a-ecrire;"";2026-09-03;;;"Ces « enfants de la lune » développent des cancers de la peau au moindre rayon de soleil et vivent la nuit.";"Décrit en 1870 par Moritz Kaposi, la xeroderma pigmentosum, ou maladie des « enfants de la Lune », est une maladie héréditaire d'origine génétique très rare (1/1 000 000)."
Q1452606;histoire;"Xylospongium";"Xylospongium";"phare";6;6;ecrit;"fr";2026-09-03;2026-09-07;;"Les Romains se nettoyaient aux latrines publiques avec une éponge partagée montée sur un bâton, rincée dans une rigole commune.";"Le xylospongium (grec) ou tersorium (romain), qui désigne une éponge montée sur un bâton, était un ustensile « hygiénique » qui aurait été utilisé par les Romains antiques pour essuyer leurs fesses après la défécation."
Q3068034;terre;"";"Yanartaş";"phare";6;1;a-ecrire;"";2026-09-03;;;"Des flammes jaillissent de la roche nue sans combustible visible depuis l'Antiquité, et les marins antiques s'en servaient comme phare.";"Yanartaş est le nom d'un site du sud-ouest de la Turquie considéré comme l'antique mont Chimère. Il est caractérisé par un feu éternel causé par des émissions naturelles de méthane et de dihydrogène."
Q218842;esprit;"Zolpidem";"Zolpidem";"phare";6;1;a-ecrire;"";2026-09-03;;;"Ce somnifère réveille parfois, pour quelques heures, des patients en état végétatif qui se remettent à parler et à reconnaître leurs proches.";"Le zolpidem est un hypnotique de la classe des imidazopyridines. C'est un somnifère puissant, prescrit uniquement en cas d'insomnies sévères transitoires."
Q1064335;histoire;"Guerre du cochon";"Pig War (1859)";"insolite";5;4;a-ecrire;"";2026-09-03;;;"Guerre du cochon — Escalade militaire ayant causé la mort que d'un cochon.";"La guerre du cochon (en anglais : Pig War) est un affrontement (escalade militaire) qui a lieu entre le 15 juin et octobre 1859, entre les États-Unis et l'Empire britannique sur la frontière entre ces deux entités en Amérique du Nord britannique, dans l'actuelle zone des îles San Juan."
Q842763;mysteres;"Pôle Nord magnétique";"North magnetic pole";"saviez";5;1;a-ecrire;"";2026-09-03;;;"40px|droite|Projection de la trajectoire du pôle Nord magnétique.Le pôle Nord magnétique (carte) a quitté le territoire canadien en 2005 et se dirige vers la Russie à une vitesse d’environ par an.";"Le pôle Nord magnétique de la Terre est un point errant unique sur la surface où le champ magnétique terrestre pointe vers le bas. C'est-à-dire que le « dip » (plongeon) est de 90°."
Q1468412;mysteres;"Anomalie magnétique de l'Atlantique sud";"South Atlantic Anomaly";"saviez";4;7;a-ecrire;"";2026-09-03;;;"40px|droite|Mise en évidence de l’anomalie via l’énergie des particules de proton à à d’altitude.Le champ magnétique terrestre est plus faible dans la région de l’Atlantique sud (illustration).";"L’anomalie magnétique de l’Atlantique Sud (AAS, en anglais South Atlantic Anomaly, SAA) est une region présentant une faible intensité du champ magnétique terrestre à la surface de la Terre."
Q106848404;histoire;"Caciquat du Poyaïs";"Poyais";"insolite";4;8;a-ecrire;"";2026-09-03;;;"Caciquat du Poyaïs — Un État fictif d'Amérique centrale imaginé par Gregor MacGregor, un escroc écossais.";"Le Poyaïs est un État fictif d'Amérique centrale imaginé par le mercenaire écossais Gregor MacGregor. Ce dernier, connu pour avoir mis en place de nombreuses escroqueries dans sa vie, invente le territoire du Poyaïs, sur lequel il prétend régner comme cacique, afin d'y attirer des investisseurs et colons français et britanniques."
