n;univers;univers_nom;titre;pourquoi;refuser
1;arts;"Arts & Civilisations";"20 Fenchurch Street";"La façade concave concentrait tellement le soleil qu'elle faisait fondre la carrosserie des voitures garées en dessous.";
2;arts;"Arts & Civilisations";"4′33″";"Le pianiste ne joue aucune note pendant quatre minutes trente-trois, et cette absence de musique est protégée par le droit d'auteur.";
3;arts;"Arts & Civilisations";"Abou Simbel";"Les temples de Ramsès II ont été sciés en plus de mille blocs et remontés soixante mètres plus haut pour échapper au lac Nasser.";
4;arts;"Arts & Civilisations";"Acier de Damas";"Les lames à motifs ondés fabriquées jusqu'au XVIIIe siècle contenaient des nanotubes de carbone, et le procédé n'a jamais été retrouvé.";
5;arts;"Arts & Civilisations";"Adlam";"Deux frères adolescents de Guinée ont dessiné un alphabet pour le peul ; il figure aujourd'hui dans Unicode et sur les téléphones.";
6;arts;"Arts & Civilisations";"Affaire Gurlitt";"Un contrôle douanier de routine a mené à quatorze cents œuvres entassées depuis la guerre dans un appartement de Munich.";
7;arts;"Arts & Civilisations";"Akrotiri";"Une ville ensevelie sous la cendre volcanique a livré fresques et canalisations d'eau, mais pas un seul corps : tout le monde avait fui.";
8;arts;"Arts & Civilisations";"Alessandro Moreschi";"Seule voix de castrat jamais enregistrée : quelques cylindres de 1902 conservent un timbre que plus personne n'entendra jamais en vrai.";
9;arts;"Arts & Civilisations";"Alphabet deseret";"Les mormons de l'Utah ont imprimé livres et journaux dans un alphabet inventé pour eux, puis l'ont abandonné en vingt ans.";
10;arts;"Arts & Civilisations";"Alphabet shavien";"Bernard Shaw a légué sa fortune à qui créerait un alphabet anglais vraiment phonétique ; un concours a désigné le vainqueur après sa mort.";
11;arts;"Arts & Civilisations";"Ambiancé";"Un artiste suédois a annoncé un film de sept cent vingt heures, à projeter une seule fois, sans entracte ni pause.";
12;arts;"Arts & Civilisations";"Antoine Parmentier";"Pour imposer la pomme de terre, il a fait garder ses champs par des soldats le jour, afin qu'on vienne les voler la nuit.";
13;arts;"Arts & Civilisations";"Antonin Carême";"Le premier chef vedette dessinait ses pièces montées comme des temples et se disait architecte autant que cuisinier.";
14;arts;"Arts & Civilisations";"Archi (langue)";"Un seul verbe de cette langue du Caucase peut prendre plus d'un million et demi de formes différentes.";
15;arts;"Arts & Civilisations";"Armée de terre cuite";"Les huit mille soldats étaient peints de couleurs vives, mais la peinture s'écaille en quelques minutes au contact de l'air.";
16;arts;"Arts & Civilisations";"Arpeggione";"Schubert a écrit une sonate pour un instrument à cordes qui avait déjà disparu quelques années après son invention.";
17;arts;"Arts & Civilisations";"Automate écrivain de Jaquet-Droz";"Un enfant mécanique de 1774, fait de six mille pièces, écrit encore à la plume n'importe quel texte qu'on programme dans son ventre.";
18;arts;"Arts & Civilisations";"Ayapaneco";"Les deux derniers locuteurs de cette langue mexicaine habitaient à cinq cents mètres l'un de l'autre et refusaient de se parler.";
19;arts;"Arts & Civilisations";"Bandage des pieds";"Pour obtenir un pied de sept centimètres, on brisait les orteils de fillettes de cinq ans, et la pratique a duré mille ans.";
20;arts;"Arts & Civilisations";"Barque solaire de Khéops";"Un bateau de quarante-trois mètres, démonté en mille deux cent vingt-quatre pièces et enterré intact il y a 4 500 ans.";
21;arts;"Arts & Civilisations";"Beowulf";"L'unique manuscrit a brûlé sur ses bords en 1731 et s'effrite un peu plus à chaque fois qu'on le manipule.";
22;arts;"Arts & Civilisations";"Beurre de tourbière";"Des tonneaux de beurre enfouis il y a trois mille ans ressortent des tourbières irlandaises encore gras, et théoriquement comestibles.";
23;arts;"Arts & Civilisations";"Bibliopégie anthropodermique";"Des bibliothèques conservent des livres reliés en peau humaine, parfois celle du condamné dont le procès est raconté à l'intérieur.";
24;arts;"Arts & Civilisations";"Bibliothèque Anna Amalia";"Un incendie en 2004 a laissé des dizaines de milliers de volumes calcinés, que des restaurateurs recomposent encore fragment par fragment.";
25;arts;"Arts & Civilisations";"Bibliothèque d'Assurbanipal";"L'incendie qui a détruit Ninive a cuit les tablettes d'argile et sauvé ainsi la bibliothèque pour vingt-cinq siècles.";
26;arts;"Arts & Civilisations";"Bibliothèque nationale de Bosnie-Herzégovine";"En 1992, deux millions de livres ont brûlé à Sarajevo, et les cendres de papier retombaient sur la ville comme de la neige.";
27;arts;"Arts & Civilisations";"Bibliothèque publique de Jaffna";"L'incendie de 1981 a détruit quatre-vingt-dix mille ouvrages tamouls, dont des manuscrits uniques sur feuilles de palme.";
28;arts;"Arts & Civilisations";"Big Ben";"La cloche s'est fêlée quelques mois après son installation ; on l'a fait pivoter d'un quart de tour et son défaut est devenu sa voix.";
29;arts;"Arts & Civilisations";"Bitume de Judée";"La première photographie de l'histoire a été fixée avec un goudron fossile utilisé depuis l'Antiquité par les embaumeurs égyptiens.";
30;arts;"Arts & Civilisations";"Bleu Han";"Les Chinois fabriquaient un pigment au baryum exigeant mille degrés, puis en ont perdu le secret pendant deux mille ans.";
31;arts;"Arts & Civilisations";"Bleu YInMn";"Le premier bleu inorganique inédit depuis deux siècles est sorti par accident d'un four de laboratoire, en 2009.";
32;arts;"Arts & Civilisations";"Bleu de Prusse";"Né de l'erreur d'un alchimiste qui avait contaminé sa potasse, ce bleu sert aujourd'hui d'antidote aux empoisonnements au thallium.";
33;arts;"Arts & Civilisations";"Bleu maya";"Ce bleu précolombien tient huit siècles sous les tropiques, et l'on n'a compris sa recette d'argile et d'indigo cuits qu'au XXe siècle.";
34;arts;"Arts & Civilisations";"Bleu outremer";"Broyé à partir de lapis-lazuli afghan, il coûtait plus cher que l'or, et les contrats fixaient la quantité que le peintre pouvait employer.";
35;arts;"Arts & Civilisations";"Bleu égyptien";"Le premier pigment de synthèse de l'humanité émet dans l'infrarouge, ce qui permet aujourd'hui de repérer des traces invisibles à l'œil.";
36;arts;"Arts & Civilisations";"Boa Sr";"À sa mort en 2010, une langue des îles Andaman vieille de dizaines de milliers d'années s'est éteinte avec elle.";
37;arts;"Arts & Civilisations";"Borobudur";"Le plus grand temple bouddhiste du monde a disparu sous la cendre volcanique et la jungle pendant des siècles avant d'être redécouvert.";
38;arts;"Arts & Civilisations";"Bouddhas de Bâmiyân";"Leur destruction a mené aux grottes voisines, où l'on a trouvé les plus anciennes peintures à l'huile connues, bien avant l'Europe.";
39;arts;"Arts & Civilisations";"Bouteille de vin de Spire";"Scellée vers l'an 325, la seule bouteille de vin romain encore liquide n'a jamais été ouverte, personne n'osant en briser le sceau.";
40;arts;"Arts & Civilisations";"Bronzes de Riace";"Un plongeur en vacances a vu un bras sortir du sable : deux guerriers grecs en bronze, grandeur nature, intacts après vingt-cinq siècles.";
41;arts;"Arts & Civilisations";"Brun momie";"Une couleur de peintre fabriquée à partir de véritables momies égyptiennes. Utilisée jusqu'au XXe siècle.";
42;arts;"Arts & Civilisations";"Brundibár";"Cet opéra pour enfants fut joué cinquante-cinq fois au camp de Terezín, chaque distribution étant peu à peu déportée vers Auschwitz.";
43;arts;"Arts & Civilisations";"Buste de Néfertiti";"L'œil gauche n'a jamais été posé : le sculpteur a laissé la cavité vide, et son atelier a été retrouvé tel quel.";
44;arts;"Arts & Civilisations";"Béton romain";"Le mortier antique se répare tout seul quand l'eau de mer s'y infiltre, ce qui explique des ports intacts après deux mille ans.";
45;arts;"Arts & Civilisations";"Cahiers de prison";"Gramsci écrivait sous surveillance fasciste en remplaçant le mot marxisme par « philosophie de la praxis » pour tromper le censeur.";
46;arts;"Arts & Civilisations";"Cahokia";"Vers l'an 1100, cette ville de terre du Mississippi comptait plus d'habitants que Londres, avant d'être abandonnée sans explication.";
47;arts;"Arts & Civilisations";"Campanile de Saint-Marc";"Il s'est effondré en un tas de poussière un matin de 1902 sans tuer personne, et fut refait « comme il était, où il était ».";
48;arts;"Arts & Civilisations";"Canard digérateur";"Vaucanson exhibait un canard mécanique qui avalait du grain et le « digérait » devant la cour : la digestion était un compartiment truqué.";
49;arts;"Arts & Civilisations";"Cannibal Holocaust";"Les effets étaient si crédibles que le réalisateur a dû produire ses acteurs vivants devant un tribunal pour échapper à une accusation de meurtre.";
50;arts;"Arts & Civilisations";"Carnyx";"Cette trompette de guerre gauloise haute de deux mètres se terminait par une gueule de sanglier hurlante, au-dessus des têtes.";
51;arts;"Arts & Civilisations";"Carré Sator";"Cinq mots latins se lisent dans les quatre sens, gravés de Pompéi à l'Angleterre, sans qu'on sache ce qu'ils veulent dire.";
52;arts;"Arts & Civilisations";"Carte de Piri Reis";"Une carte ottomane de 1513, dessinée sur peau de gazelle, compilée à partir de sources dont une carte de Colomb aujourd'hui perdue.";
53;arts;"Arts & Civilisations";"Carte du Vinland";"Vendue comme la preuve d'une Amérique connue avant Colomb, elle a été démasquée par le titane présent dans l'encre du tracé.";
54;arts;"Arts & Civilisations";"Casu martzu";"Ce fromage sarde se mange avec ses larves vivantes, capables de bondir à quinze centimètres quand on les dérange.";
55;arts;"Arts & Civilisations";"Catacombes des Capucins de Palerme";"Huit mille morts habillés sont accrochés aux murs, dont une fillette embaumée en 1920 qui semble seulement endormie.";
56;arts;"Arts & Civilisations";"Cathédrale Saint-Jean-le-Divin";"Commencée en 1892, la plus grande cathédrale anglicane du monde est surnommée « Saint-Jean-l'Inachevé » et le reste encore.";
57;arts;"Arts & Civilisations";"Cathédrale Saint-Pierre de Beauvais";"Le chœur gothique le plus haut du monde s'est effondré deux fois, et la nef n'a jamais été construite.";
58;arts;"Arts & Civilisations";"Cathédrale de Cologne";"Interrompue trois siècles, elle a été achevée d'après les plans médiévaux retrouvés, avec la grue restée plantée en haut de la tour.";
59;arts;"Arts & Civilisations";"Ceci n'est pas un film";"Interdit de tourner par l'Iran, Panahi a filmé son assignation à résidence et fait sortir le fichier caché dans un gâteau.";
60;arts;"Arts & Civilisations";"Cent mille milliards de poèmes";"Dix sonnets découpés en bandes produisent cent mille milliards de poèmes : plus de deux cents millions d'années de lecture.";
61;arts;"Arts & Civilisations";"Chambre d'ambre";"Six tonnes d'ambre couvrant les murs d'une pièce entière ont disparu en 1945 et n'ont jamais été retrouvées.";
62;arts;"Arts & Civilisations";"Chand Baori";"Trois mille cinq cents marches en zigzag descendent treize étages sous terre pour atteindre l'eau au fond du puits.";
63;arts;"Arts & Civilisations";"Chaudron de Gundestrup";"Démonté et déposé dans une tourbière danoise, ce chaudron d'argent couvert de dieux celtes a probablement été martelé dans les Balkans.";
64;arts;"Arts & Civilisations";"Chips";"Excédé par un client qui trouvait ses frites trop épaisses, un cuisinier les a coupées si fines qu'on ne pouvait plus les piquer.";
65;arts;"Arts & Civilisations";"Chopine";"Les Vénitiennes portaient des semelles hautes de cinquante centimètres et ne pouvaient avancer qu'appuyées sur deux servantes.";
66;arts;"Arts & Civilisations";"Cimetière des chiens d'Asnières";"Le plus ancien cimetière animalier du monde honore un saint-bernard auquel on attribue quarante sauvetages en montagne.";
67;arts;"Arts & Civilisations";"Cimetière joyeux de Săpânța";"Les croix de bois peintes en bleu y racontent en vers drôles, parfois féroces, comment chaque villageois est réellement mort.";
68;arts;"Arts & Civilisations";"Citigroup Center";"Une étudiante a signalé un défaut qui menaçait la tour à chaque grande tempête ; on l'a réparée la nuit, en secret.";
69;arts;"Arts & Civilisations";"Citizen Kane";"Le magnat visé a tenté de racheter le négatif pour le brûler et a interdit à tous ses journaux de mentionner le film.";
70;arts;"Arts & Civilisations";"Cochenille";"Il faut des dizaines de milliers d'insectes séchés pour un kilo de ce rouge, longtemps deuxième richesse exportée du Mexique colonial.";
71;arts;"Arts & Civilisations";"Codex Gigas";"Un seul moine aurait copié cette bible d'un mètre de haut en une nuit, aidé par le diable qu'il a peint dedans.";
72;arts;"Arts & Civilisations";"Codex Seraphinianus";"Une encyclopédie d'un monde imaginaire, illisible par construction : l'auteur affirme lui-même que son écriture ne veut rien dire.";
73;arts;"Arts & Civilisations";"Colisée";"Un botaniste a recensé plus de quatre cents espèces de plantes dans les ruines, dont des végétaux venus d'Afrique avec les fauves.";
74;arts;"Arts & Civilisations";"Collection de films de Dawson City";"Des centaines de bobines de films muets perdus ont été retrouvées enfouies sous une patinoire du Yukon, conservées par le gel.";
75;arts;"Arts & Civilisations";"Colosses de Memnon";"Fissurée par un séisme, l'une des statues chantait à l'aube ; les Romains venaient l'écouter, jusqu'à ce qu'une restauration la fasse taire.";
76;arts;"Arts & Civilisations";"Comic Sans";"La police la plus moquée du monde a servi au CERN pour annoncer au monde la découverte du boson de Higgs.";
77;arts;"Arts & Civilisations";"Concerto pour la main gauche";"Ravel l'a écrit pour un pianiste amputé du bras droit à la guerre, qui a d'abord détesté la partition et l'a modifiée sans prévenir.";
78;arts;"Arts & Civilisations";"Consolation de la philosophie";"Boèce a écrit l'un des livres les plus lus du Moyen Âge en attendant, dans sa cellule, d'être exécuté.";
79;arts;"Arts & Civilisations";"Coral Castle";"Un homme d'un mètre cinquante affirme avoir déplacé seul, la nuit, plus de mille tonnes de roche, sans jamais dire comment.";
80;arts;"Arts & Civilisations";"Corn flakes";"Deux frères ont laissé rassir par mégarde une pâte de céréales, puis l'ont passée au rouleau : elle s'est brisée en pétales.";
81;arts;"Arts & Civilisations";"Coupe de Lycurgue";"Ce verre romain paraît vert en lumière réfléchie et rouge sang par transparence : il contient des nanoparticules d'or et d'argent.";
82;arts;"Arts & Civilisations";"Cratère de Vix";"Un vase de bronze de 1,64 mètre et 208 kilos, fabriqué en Grèce, dormait dans la tombe d'une princesse celte de Bourgogne.";
83;arts;"Arts & Civilisations";"Crazy Horse Memorial";"Commencée en 1948, la sculpture n'a encore que le visage terminé ; son nez mesure à lui seul près de huit mètres.";
84;arts;"Arts & Civilisations";"Crinoline";"Des milliers de femmes sont mortes brûlées ou happées par des machines à cause de ces jupes d'acier démesurées.";
85;arts;"Arts & Civilisations";"Cristal Baschet";"On en joue en frottant des tiges de verre avec les doigts mouillés, le son étant amplifié par d'immenses cônes de tôle.";
86;arts;"Arts & Civilisations";"Cristina Calderón";"Elle fut jusqu'en 2022 la dernière personne au monde à parler le yagan, la langue de la Terre de Feu.";
87;arts;"Arts & Civilisations";"Crêpe Suzette";"Un commis de seize ans a mis le feu par accident à sa sauce devant le prince de Galles, qui a trouvé l'accident délicieux.";
88;arts;"Arts & Civilisations";"Curon Venosta";"Un clocher roman émerge seul d'un lac du Tyrol du Sud, dernier vestige d'un village noyé sous les eaux en 1950.";
89;arts;"Arts & Civilisations";"Cypro-minoen";"Quelques centaines de signes gravés à Chypre à l'âge du bronze résistent encore aujourd'hui à toute tentative de lecture.";
90;arts;"Arts & Civilisations";"Céruse";"Le blanc des peintres et des visages de cour se fabriquait avec du plomb et du fumier, et rongeait la peau qu'il couvrait.";
91;arts;"Arts & Civilisations";"Damin";"Un langage cérémoniel australien à clics, réservé aux initiés, entièrement inventé de toutes pièces par une culture qui parlait déjà autre chose.";
92;arts;"Arts & Civilisations";"De profundis";"Wilde n'avait droit qu'à une feuille par jour en prison, reprise chaque soir par le gardien : il n'a jamais pu se relire.";
93;arts;"Arts & Civilisations";"De re coquinaria";"Le plus vieux livre de cuisine romain donne des recettes de loirs farcis et explique comment maquiller un vin tourné.";
94;arts;"Arts & Civilisations";"De rerum natura";"Un chasseur de manuscrits a trouvé en 1417, dans un couvent allemand, l'unique copie d'un poème latin niant l'immortalité de l'âme.";
95;arts;"Arts & Civilisations";"Derinkuyu";"Un homme abattant un mur de sa cave a découvert une ville souterraine de dix-huit niveaux pouvant abriter des milliers d'habitants.";
96;arts;"Arts & Civilisations";"Dictionnaire de la langue anglaise (Johnson)";"Un homme et six copistes ont mis neuf ans là où quarante académiciens français en avaient mis quarante.";
97;arts;"Arts & Civilisations";"Disque céleste de Nebra";"Vendu au marché noir par des pilleurs, ce bronze de 3 600 ans porte la plus ancienne représentation connue du ciel.";
98;arts;"Arts & Civilisations";"Doves Type";"Fâché avec son associé, un imprimeur a jeté nuit après nuit les caractères de plomb dans la Tamise ; on en a repêché un siècle plus tard.";
99;arts;"Arts & Civilisations";"Dünyayı Kurtaran Adam";"Ce film turc a inséré des séquences entières volées à Star Wars et la musique d'Indiana Jones, sans jamais rien demander à personne.";
100;arts;"Arts & Civilisations";"Ecce Homo (Borja)";"La restauration ratée d'une fresque par une paroissienne a transformé un village espagnol en destination touristique rentable.";
101;arts;"Arts & Civilisations";"Elena Ferrante";"L'autrice la plus lue d'Italie n'a jamais montré son visage, et l'enquête d'un journaliste sur ses droits d'auteur a fait scandale.";
102;arts;"Arts & Civilisations";"Eliezer Ben-Yehuda";"Il a élevé son fils dans une langue que plus personne ne parlait depuis dix-sept siècles, en l'isolant de toute autre voix.";
103;arts;"Arts & Civilisations";"Elmyr de Hory";"Il fabriquait un Matisse crédible en quelques heures, et des musées exposent encore des tableaux qu'on ne sait pas lui attribuer.";
104;arts;"Arts & Civilisations";"Emoji";"Les cent soixante-seize premiers pictogrammes, dessinés sur une grille de douze pixels pour un opérateur japonais, sont entrés au MoMA.";
105;arts;"Arts & Civilisations";"Empire (film)";"Warhol a filmé l'Empire State Building pendant huit heures, projetées au ralenti, et la salle s'est vidée dès la première heure.";
106;arts;"Arts & Civilisations";"Encyclopédie Yongle";"Onze mille volumes copiés à la main par deux mille lettrés en 1408 ; il en subsiste aujourd'hui moins de quatre cents.";
107;arts;"Arts & Civilisations";"Enheduanna";"La première personne de l'histoire à signer un texte de son nom était une prêtresse sumérienne, il y a plus de quatre mille ans.";
108;arts;"Arts & Civilisations";"Erased de Kooning Drawing";"Un jeune artiste a demandé un dessin à un maître pour l'effacer entièrement et exposer la feuille vide comme son œuvre.";
109;arts;"Arts & Civilisations";"Eric Hebborn";"Ce faussaire de dessins anciens a publié un manuel détaillant ses techniques, avant d'être retrouvé le crâne fracassé dans une rue de Rome.";
110;arts;"Arts & Civilisations";"Ern Malley";"Deux poètes ont fabriqué en une après-midi un poète mort et ses vers pris au hasard ; la revue dupée ne s'en est jamais remise.";
111;arts;"Arts & Civilisations";"Escalier de la chapelle Loretto";"Un escalier fait deux tours complets sans pilier central ni clou, et le charpentier serait reparti sans jamais réclamer son paiement.";
112;arts;"Arts & Civilisations";"Escape from Tomorrow";"Le film a été tourné clandestinement dans les parcs Disney, avec des appareils photo grand public et des dialogues lus sur des téléphones.";
113;arts;"Arts & Civilisations";"Fahrenheit 451";"Pendant treize ans, l'éditeur a vendu une version censurée du roman sur la censure, sans jamais en avertir Bradbury.";
114;arts;"Arts & Civilisations";"Fallen Astronaut";"Une figurine d'aluminium de huit centimètres a été déposée en secret sur la Lune en 1971, à côté d'une liste de morts.";
115;arts;"Arts & Civilisations";"Farinelli";"Pendant près de dix ans, il a chanté chaque nuit les quatre mêmes airs à un roi d'Espagne rongé par la mélancolie.";
116;arts;"Arts & Civilisations";"Faux carnets de Hitler";"Un magazine allemand a payé neuf millions de marks des carnets écrits au stylo-bille moderne sur du papier d'après-guerre.";
117;arts;"Arts & Civilisations";"Fernando Pessoa";"Il a écrit sous des dizaines d'identités auxquelles il donnait des dates de naissance, des styles opposés et des querelles entre elles.";
118;arts;"Arts & Civilisations";"Feu grégeois";"Une arme incendiaire byzantine qui continuait de brûler sur l'eau, gardée si secrète que sa recette est aujourd'hui perdue.";
119;arts;"Arts & Civilisations";"Fitzcarraldo";"Herzog a réellement fait hisser un bateau à vapeur de plusieurs centaines de tonnes par-dessus une colline amazonienne, sans trucage.";
120;arts;"Arts & Civilisations";"Flûte de Divje Babe";"Un fémur d'ours percé de trous, vieux de plus de cinquante mille ans, serait le plus ancien instrument de musique connu.";
121;arts;"Arts & Civilisations";"Fontaine (Duchamp)";"L'urinoir original a disparu presque aussitôt : tout ce qu'on expose aujourd'hui dans les musées n'est qu'une réplique tardive.";
122;arts;"Arts & Civilisations";"Fordlândia";"Ford a bâti une ville américaine en pleine Amazonie, avec bals et hamburgers imposés, avant d'y perdre ses hévéas et ses ouvriers.";
123;arts;"Arts & Civilisations";"Fragments de Sappho";"Des vers de Sappho ressortent des cartonnages de momies et d'une décharge égyptienne, vingt-six siècles après avoir été chantés.";
124;arts;"Arts & Civilisations";"Fraise (col)";"Ce col empesé obligeait à manger avec des couverts à long manche, et consommait parfois plusieurs mètres de dentelle.";
125;arts;"Arts & Civilisations";"Fraktur";"Les nazis ont d'abord imposé cette écriture gothique comme purement allemande, avant de l'interdire en la déclarant d'origine juive.";
126;arts;"Arts & Civilisations";"Frauenkirche de Dresde";"Reconstruite après 1994, elle intègre des milliers de pierres noircies repêchées dans les décombres, visibles comme des taches sombres.";
127;arts;"Arts & Civilisations";"Futura";"Les mots gravés sur la plaque laissée sur la Lune en 1969 sont composés dans un caractère dessiné dans l'esprit du Bauhaus.";
128;arts;"Arts & Civilisations";"Future Library";"Cent écrivains déposent un texte scellé jusqu'en 2114, qui sera imprimé sur une forêt norvégienne plantée exprès pour lui.";
129;arts;"Arts & Civilisations";"Garance";"Le rouge des pantalons de l'armée française venait d'une racine, et on l'a conservé jusqu'en 1914 parce qu'il était jugé national.";
130;arts;"Arts & Civilisations";"Gill Sans";"La typographie officielle des chemins de fer britanniques a été dessinée par un homme dont les journaux intimes ont révélé des crimes atroces.";
131;arts;"Arts & Civilisations";"Grande mosquée de Djenné";"Le plus grand édifice de terre du monde est entièrement recrépi à la main par toute la ville en une seule journée de fête.";
132;arts;"Arts & Civilisations";"Great Stalacpipe Organ";"Un orgue dont les tuyaux sont les stalactites d'une grotte entière, frappées par des marteaux répartis sur plusieurs hectares.";
133;arts;"Arts & Civilisations";"Grotte Chauvet";"Des lions et des rhinocéros peints il y a trente-six mille ans, scellés par un éboulement, avec des pattes multipliées pour figurer la course.";
134;arts;"Arts & Civilisations";"Grotte Cosquer";"On n'atteint ces peintures que par un tunnel de trente-sept mètres sous la mer : la montée des eaux a noyé l'entrée.";
135;arts;"Arts & Civilisations";"Grottes de Barabar";"Le granit y est poli comme un miroir et un simple mot prononcé à l'intérieur continue de résonner plusieurs secondes.";
136;arts;"Arts & Civilisations";"Grottes de Mogao";"Un moine a ouvert par hasard une bibliothèque murée depuis mille ans : cinquante mille manuscrits, dont le plus vieux livre imprimé daté.";
137;arts;"Arts & Civilisations";"Guernica";"La tapisserie d'après Guernica accrochée à l'ONU a été masquée par un rideau bleu en 2003, le jour d'un discours sur l'Irak.";
138;arts;"Arts & Civilisations";"Guerriers étrusques du Metropolitan";"Exposés quarante ans comme chefs-d'œuvre antiques, ils avaient été modelés par des frères italiens qui avaient oublié un pouce.";
139;arts;"Arts & Civilisations";"Göbekli Tepe";"Des chasseurs-cueilleurs ont dressé des piliers sculptés de plusieurs tonnes six mille ans avant Stonehenge, puis ont tout enseveli volontairement.";
140;arts;"Arts & Civilisations";"Han van Meegeren";"Pour prouver qu'il n'avait pas vendu un vrai Vermeer aux nazis, il a dû peindre un faux Vermeer devant ses juges.";
141;arts;"Arts & Civilisations";"Hangeul";"Un roi coréen a conçu un alphabet dont chaque lettre dessine la position de la langue dans la bouche, contre l'avis de ses lettrés.";
142;arts;"Arts & Civilisations";"Harmonica de verre";"On l'accusait de rendre les auditrices folles et d'attirer les morts ; plusieurs villes allemandes ont fini par l'interdire.";
143;arts;"Arts & Civilisations";"Hashima";"Une île-usine parmi les plus densément peuplées du monde a été vidée en quelques semaines, laissant vaisselle et affiches en place.";
144;arts;"Arts & Civilisations";"Histoire de la Révolution française (Carlyle)";"Une servante a jeté au feu le seul manuscrit du premier tome, prise pour du papier sale ; l'auteur a tout recommencé.";
145;arts;"Arts & Civilisations";"Homme-lion de Hohlenstein-Stadel";"Une statuette d'homme à tête de lion, vieille de quarante mille ans, recollée à partir de centaines d'éclats sur soixante-dix ans.";
146;arts;"Arts & Civilisations";"Hydraule";"L'orgue de l'Antiquité fonctionnait à l'eau et accompagnait, entre autres, les combats de gladiateurs dans l'arène.";
147;arts;"Arts & Civilisations";"Hymne à Ninkasi";"Le plus vieil hymne sumérien à la déesse de la bière est en réalité une recette de brassage, refaite depuis par des brasseurs.";
148;arts;"Arts & Civilisations";"Hymnes hourrites";"Une tablette d'argile syrienne de 1400 av. J.-C. porte des instructions d'accordage : c'est la plus vieille partition connue.";
149;arts;"Arts & Civilisations";"Hákarl";"Le requin du Groenland est toxique frais : les Islandais l'enfouissent des semaines, puis le sèchent des mois pour le rendre comestible.";
150;arts;"Arts & Civilisations";"Indiana Bell Building";"En 1930, un immeuble de huit étages a été pivoté de quatre-vingt-dix degrés sans que les employés cessent de travailler à l'intérieur.";
151;arts;"Arts & Civilisations";"Inscription de Behistun";"Pour copier ce texte perse, un officier britannique est resté des mois suspendu à une falaise, à cent mètres du sol.";
152;arts;"Arts & Civilisations";"Institut d'Égypte";"Deux siècles d'archives, dont un exemplaire de la Description de l'Égypte, ont brûlé lors d'une émeute au Caire en 2011.";
153;arts;"Arts & Civilisations";"Interrobang";"Un publicitaire a inventé en 1962 un signe fondant point d'interrogation et d'exclamation, et quelques machines à écrire l'ont porté.";
154;arts;"Arts & Civilisations";"Ise-jingū";"Le sanctuaire est démoli et rebâti à l'identique tous les vingt ans depuis treize siècles, sur un terrain jumeau juste à côté.";
155;arts;"Arts & Civilisations";"Ithkuil";"Cette langue conçue pour exprimer la pensée avec une précision totale est si difficile que son inventeur lui-même ne la parle pas.";
156;arts;"Arts & Civilisations";"Jacques Jaujard";"En quelques jours d'août 1939, il a fait vider le Louvre et disperser ses chefs-d'œuvre dans des châteaux de province.";
157;arts;"Arts & Civilisations";"Jaune indien";"Le pigment venait de l'urine de vaches nourries exclusivement de feuilles de manguier et privées d'eau jusqu'à l'épuisement.";
158;arts;"Arts & Civilisations";"Jeu de balle mésoaméricain";"La balle de caoutchouc pesait plusieurs kilos, le terrain était un lieu sacré, et la partie pouvait s'achever par un sacrifice humain.";
159;arts;"Arts & Civilisations";"Jeu royal d'Ur";"Les règles d'un jeu de plateau vieux de quatre mille cinq cents ans ont été retrouvées gravées sur une tablette : on y rejoue aujourd'hui.";
160;arts;"Arts & Civilisations";"Kailâsanâtha (Ellora)";"Ce temple a été creusé de haut en bas dans une seule falaise, en évacuant deux cent mille tonnes de roche sans rien pouvoir corriger.";
161;arts;"Arts & Civilisations";"Kimi ga yo";"Les paroles de l'hymne japonais sont un poème du Xe siècle, d'abord mis en musique par un Anglais dont la version fut jugée trop peu japonaise.";
162;arts;"Arts & Civilisations";"Kinkaku-ji";"Le Pavillon d'or a été incendié en 1950 par un jeune moine qui ne supportait pas sa beauté, et le procès a inspiré un roman célèbre.";
163;arts;"Arts & Civilisations";"Kiruna";"Une ville suédoise entière, église en bois comprise, est déplacée de plusieurs kilomètres parce que la mine sous ses pieds la fait s'effondrer.";
164;arts;"Arts & Civilisations";"Klingon";"Hamlet a été traduit dans une langue créée pour une série télévisée, et quelques enfants l'ont apprise comme langue maternelle.";
165;arts;"Arts & Civilisations";"Kolmanskop";"Le sable du désert de Namibie est monté jusqu'aux fenêtres des salons d'une ville diamantifère abandonnée en pleine prospérité.";
166;arts;"Arts & Civilisations";"Kowloon Walled City";"Trente mille personnes vivaient dans un bloc bâti sans aucun architecte, où la lumière du jour n'atteignait jamais le sol.";
167;arts;"Arts & Civilisations";"Kuşköy";"Dans ce village turc, on se parle en sifflant d'un versant à l'autre, et le cerveau traite ces sifflements exactement comme des mots.";
168;arts;"Arts & Civilisations";"L'Angélus";"Une radiographie a confirmé l'intuition de Dalí : sous le panier de pommes de terre, Millet avait d'abord peint un petit cercueil.";
169;arts;"Arts & Civilisations";"L'Art de la fugue";"La dernière fugue de Bach s'interrompt net au milieu d'une mesure, juste après qu'il a signé son nom en notes de musique.";
170;arts;"Arts & Civilisations";"L'Enfer (Clouzot)";"Le tournage s'est effondré en trois semaines, laissant des heures de rushes hallucinés que personne n'a jamais pu monter.";
171;arts;"Arts & Civilisations";"L'Origine du monde";"Le tableau a passé des décennies caché derrière un panneau coulissant peint par un autre artiste, chez un psychanalyste.";
172;arts;"Arts & Civilisations";"La Bataille d'Anghiari";"La fresque perdue de Léonard serait cachée derrière un mur peint par Vasari, qui y aurait laissé l'inscription « cherche et tu trouveras ».";
173;arts;"Arts & Civilisations";"La Chambre bleue (Picasso)";"Sous la baigneuse, l'infrarouge a révélé le portrait d'un homme barbu à nœud papillon, peint quelques mois plus tôt.";
174;arts;"Arts & Civilisations";"La Cène (Léonard de Vinci)";"Peinte à sec sur un mur humide, elle s'écaillait déjà du vivant de Léonard et a été repeinte par des générations de restaurateurs.";
175;arts;"Arts & Civilisations";"La Dame à la licorne";"Les six tentures pourrissaient dans un château humide, rongées par les rats, quand Mérimée les a fait sauver.";
176;arts;"Arts & Civilisations";"La Disparition";"Un roman de trois cents pages sans une seule lettre e, traduit dans plusieurs langues en respectant la même contrainte.";
177;arts;"Arts & Civilisations";"La Passion de Jeanne d'Arc";"Le négatif avait brûlé ; une copie intacte a été retrouvée dans le placard d'un hôpital psychiatrique norvégien.";
178;arts;"Arts & Civilisations";"La Ronde de nuit";"Le tableau a été rogné sur ses quatre côtés en 1715 pour tenir entre deux portes de l'hôtel de ville d'Amsterdam.";
179;arts;"Arts & Civilisations";"La Souricière";"La même pièce se joue à Londres sans interruption depuis 1952, et le public jure chaque soir de ne pas révéler la fin.";
180;arts;"Arts & Civilisations";"Langue des signes de Martha's Vineyard";"Sur cette île, la surdité était si fréquente que tout le monde signait, entendants compris, sans y voir un handicap.";
181;arts;"Arts & Civilisations";"Langue des signes nicaraguayenne";"Des enfants sourds réunis dans une même école ont inventé de zéro une langue complète, sous les yeux des linguistes.";
182;arts;"Arts & Civilisations";"Langue wampanoag";"Une linguiste a ressuscité la langue de ses ancêtres à partir d'une bible du XVIIe siècle, et sa fille l'a parlée dès la naissance.";
183;arts;"Arts & Civilisations";"Lascaux";"La grotte a été fermée au public parce que le souffle des visiteurs faisait pousser algues et champignons sur les peintures.";
184;arts;"Arts & Civilisations";"Le Christ moqué";"Une vieille dame l'avait accroché au-dessus de sa plaque de cuisson : c'était un Cimabue, vendu vingt-quatre millions d'euros.";
185;arts;"Arts & Civilisations";"Le Cri";"Munch a lui-même écrit au crayon sur son tableau : « ne peut avoir été peint que par un fou ».";
186;arts;"Arts & Civilisations";"Le Devisement du monde";"Marco Polo a dicté ses voyages depuis une prison génoise à un compagnon de cellule qui écrivait des romans de chevalerie.";
187;arts;"Arts & Civilisations";"Le Livre de Margery Kempe";"La première autobiographie en anglais a été retrouvée en 1934 dans une armoire familiale, au milieu du matériel de ping-pong.";
188;arts;"Arts & Civilisations";"Le Messie (violon)";"Ce Stradivarius a si peu servi que son vernis est intact, et des experts doutent encore qu'il soit authentique.";
189;arts;"Arts & Civilisations";"Le Sacre du printemps";"La création a viré à l'émeute : le public hurlait si fort que les danseurs n'entendaient plus l'orchestre depuis la scène.";
190;arts;"Arts & Civilisations";"Le Turc mécanique";"Cet automate joueur d'échecs a battu Napoléon et Franklin pendant quatre-vingts ans : un homme était plié à l'intérieur.";
191;arts;"Arts & Civilisations";"Le Voyage dans la Lune";"Une copie coloriée à la main, retrouvée en Espagne à l'état de bloc collé, a demandé plus de dix ans de restauration.";
192;arts;"Arts & Civilisations";"Les Cent Vingt Journées de Sodome";"Sade a écrit ce rouleau de douze mètres à la Bastille en trente-sept nuits, sur des feuillets collés bout à bout, et l'a cru perdu.";
193;arts;"Arts & Civilisations";"Les Juges intègres";"Le panneau volé de L'Agneau mystique en 1934 n'a jamais reparu ; le suspect est mort en jurant qu'il était seul à savoir où il se trouvait.";
194;arts;"Arts & Civilisations";"Les Mille et Une Nuits";"Aladin et Ali Baba n'apparaissent dans aucun manuscrit arabe : le traducteur français les tenait d'un conteur syrien rencontré à Paris.";
195;arts;"Arts & Civilisations";"Les Rapaces";"Stroheim a livré neuf heures de film ; le studio a tout coupé et détruit les bobines, dont il ne reste que des photographies.";
196;arts;"Arts & Civilisations";"Les Sept Piliers de la sagesse";"Lawrence a oublié l'unique manuscrit de son livre sur un banc de gare, et l'a réécrit entièrement de mémoire.";
197;arts;"Arts & Civilisations";"Les Tournesols (Van Gogh)";"L'une des versions a brûlé dans un bombardement au Japon en 1945 ; il n'en reste qu'une photographie en noir et blanc.";
198;arts;"Arts & Civilisations";"Les Âmes mortes";"Gogol a jeté au feu la deuxième partie de son roman dix jours avant de se laisser mourir de faim.";
199;arts;"Arts & Civilisations";"Linéaire A";"On sait prononcer ces signes crétois sans comprendre un seul mot : la langue cachée derrière l'écriture reste totalement inconnue.";
200;arts;"Arts & Civilisations";"Linéaire B";"Un architecte amateur a déchiffré seul cette écriture et découvert qu'elle notait du grec, plusieurs siècles avant Homère.";
201;arts;"Arts & Civilisations";"Logistics (film)";"Ce film dure trente-cinq jours et remonte à l'envers, en temps réel, la chaîne logistique d'un podomètre jusqu'à son usine.";
202;arts;"Arts & Civilisations";"London After Midnight";"Le dernier exemplaire a brûlé dans un incendie de studio en 1965 : c'est le film muet le plus recherché du monde.";
203;arts;"Arts & Civilisations";"London Bridge (Lake Havasu City)";"Un homme d'affaires a acheté le pont de Londres en 1968 et l'a fait remonter pierre par pierre au milieu du désert d'Arizona.";
204;arts;"Arts & Civilisations";"Longplayer";"Cette musique a commencé le 1er janvier 2000 et ne se répétera jamais avant sa dernière note, prévue dans mille ans.";
205;arts;"Arts & Civilisations";"Lothar Malskat";"Chargé de restaurer des fresques médiévales, il les a purement inventées, avec une dinde impossible en Europe, puis a dû se dénoncer lui-même.";
206;arts;"Arts & Civilisations";"Louis Braille";"À quinze ans, il a transformé un code militaire fait pour lire dans le noir en alphabet tactile, contre l'avis de son école.";
207;arts;"Arts & Civilisations";"Louis Le Prince";"L'auteur du plus ancien film connu s'est volatilisé d'un train quelques mois avant de présenter publiquement son invention.";
208;arts;"Arts & Civilisations";"Love Is in the Bin";"Le tableau s'est déchiqueté tout seul au coup de marteau de l'adjudication, et sa valeur en a été multipliée.";
209;arts;"Arts & Civilisations";"Lyre d'Ur";"Le bois avait entièrement disparu : on a retrouvé l'instrument en coulant du plâtre dans le vide qu'il avait laissé dans le sol.";
210;arts;"Arts & Civilisations";"Léon Theremin";"L'inventeur de l'instrument qu'on joue sans le toucher a aussi conçu le micro caché offert à l'ambassade américaine à Moscou.";
211;arts;"Arts & Civilisations";"Makt myrkranna";"La prétendue traduction islandaise de Dracula s'est révélée être un tout autre roman, avec une intrigue et des personnages inventés.";
212;arts;"Arts & Civilisations";"Mannois";"L'UNESCO l'a déclaré éteint en 2009 ; des écoliers de l'île de Man lui ont écrit, en mannois, pour demander en quelle langue ils écrivaient.";
213;arts;"Arts & Civilisations";"Manuscrit Rohonc";"Un codex hongrois de plus de quatre cents pages, écrit dans un alphabet de cent cinquante signes que personne ne déchiffre.";
214;arts;"Arts & Civilisations";"Manuscrits de Tombouctou";"Des familles ont évacué des centaines de milliers de manuscrits en pirogue, en charrette et à moto pour les sauver.";
215;arts;"Arts & Civilisations";"Marcha Real";"L'hymne espagnol n'a aucune parole officielle : toutes les tentatives d'en écrire ont été abandonnées depuis deux siècles.";
216;arts;"Arts & Civilisations";"Mark Landis";"Il offrait ses faux aux musées, parfois déguisé en prêtre, sans jamais demander un centime : aucune loi ne permettait de le poursuivre.";
217;arts;"Arts & Civilisations";"Masque d'Agamemnon";"Le masque d'or que Schliemann crut poser sur le visage d'Agamemnon date de trois siècles avant la guerre de Troie.";
218;arts;"Arts & Civilisations";"Masque funéraire de Toutânkhamon";"La barbe s'étant détachée, un employé du musée l'a recollée à la colle époxy, puis a gratté les bavures au cutter.";
219;arts;"Arts & Civilisations";"Max Brod";"Kafka lui avait ordonné de brûler tous ses manuscrits sans les lire ; il a publié Le Procès et Le Château à la place.";
220;arts;"Arts & Civilisations";"Mehen";"On jouait il y a cinq mille ans sur un plateau en forme de serpent enroulé, dont plus personne ne connaît les règles.";
221;arts;"Arts & Civilisations";"Merde d'artiste";"Quatre-vingt-dix boîtes de conserve scellées en 1961 se vendent aujourd'hui bien plus cher que leur poids en or.";
222;arts;"Arts & Civilisations";"Mesrop Machtots";"Il a créé l'alphabet arménien vers 405 pour traduire la Bible, et la langue s'écrit encore aujourd'hui avec ces mêmes lettres.";
223;arts;"Arts & Civilisations";"Metropolis";"Un quart du film manquait depuis 1927, jusqu'à ce qu'une copie longue refasse surface dans un musée de Buenos Aires.";
224;arts;"Arts & Civilisations";"Mimolette";"Les États-Unis ont bloqué des tonnes de mimolette parce que sa croûte est travaillée par des acariens bien vivants.";
225;arts;"Arts & Civilisations";"Mine de sel d'Altaussee";"Des mineurs autrichiens ont saboté les bombes qui devaient faire sauter des milliers d'œuvres volées cachées sous la montagne.";
226;arts;"Arts & Civilisations";"Miserere (Allegri)";"Le Vatican interdisait de copier la partition ; Mozart, à quatorze ans, l'a notée de mémoire après une seule audition.";
227;arts;"Arts & Civilisations";"Moaï";"Les statues de l'île de Pâques ont un corps entier enfoui sous le sol, couvert de gravures que personne ne soupçonnait.";
228;arts;"Arts & Civilisations";"Momies Chinchorro";"Des pêcheurs du désert d'Atacama démontaient leurs morts et les remontaient sur des squelettes de roseau, deux mille ans avant les Égyptiens.";
229;arts;"Arts & Civilisations";"Momies de Guanajuato";"Le sol d'un cimetière mexicain momifiait naturellement les corps, exhumés faute de paiement d'une taxe funéraire.";
230;arts;"Arts & Civilisations";"Momies du Tarim";"Des corps aux cheveux clairs, vêtus d'étoffes à carreaux évoquant le tartan, reposent depuis presque quatre mille ans en plein désert chinois.";
231;arts;"Arts & Civilisations";"Monopoly";"Des exemplaires spéciaux envoyés aux prisonniers de guerre cachaient des cartes en soie, une boussole et de vrais billets de banque.";
232;arts;"Arts & Civilisations";"Mont Rushmore";"Derrière la tête de Lincoln, une salle des Archives creusée dans la roche est restée inachevée, avec un coffre scellé en 1998.";
233;arts;"Arts & Civilisations";"Moon Museum";"Six artistes, dont Warhol, auraient fait fixer une minuscule plaque de céramique gravée sur un pied du module lunaire.";
234;arts;"Arts & Civilisations";"Musique sur os";"En URSS, le jazz interdit se gravait sur des radiographies usagées récupérées dans les poubelles des hôpitaux.";
235;arts;"Arts & Civilisations";"Musée national du Brésil";"Vingt millions de pièces ont brûlé en une nuit de 2018, dont Luzia, le plus ancien crâne humain des Amériques.";
236;arts;"Arts & Civilisations";"Mysterium";"Scriabine préparait dans l'Himalaya une œuvre avec des cloches suspendues aux nuages, censée provoquer la fin du monde.";
237;arts;"Arts & Civilisations";"Mécanisme d'Anticythère";"Un calculateur astronomique à engrenages, grec, vieux de deux mille ans. On n'a rien fait d'aussi complexe pendant les mille quatre cents années suivantes.";
238;arts;"Arts & Civilisations";"Mémoires de Lord Byron";"Ses amis les ont brûlées dans la cheminée d'un éditeur londonien un mois après sa mort, presque sans les avoir lues.";
239;arts;"Arts & Civilisations";"Météores";"Avant que des escaliers soient taillés, on montait aux monastères perchés dans un filet hissé à la corde, remplacée « quand elle cassait ».";
240;arts;"Arts & Civilisations";"N'ko";"Un Guinéen a inventé en 1949 un alphabet pour les langues mandingues, après avoir lu qu'elles étaient impossibles à écrire.";
241;arts;"Arts & Civilisations";"Nachos";"Un maître d'hôtel mexicain sans cuisinier a improvisé des tortillas gratinées pour des clientes pressées, un soir de 1943.";
242;arts;"Arts & Civilisations";"Nag Hammadi";"Un paysan égyptien creusant pour trouver de l'engrais a déterré treize codex gnostiques ; sa mère en aurait brûlé une partie.";
243;arts;"Arts & Civilisations";"Nativité avec saint François et saint Laurent";"Ce Caravage volé à Palerme en 1969 aurait servi de tapis dans une ferme mafieuse avant d'être rongé par les rats.";
244;arts;"Arts & Civilisations";"Newgrange";"Chaque solstice d'hiver, un rayon de soleil entre par une ouverture taillée exprès et remonte dix-neuf mètres de couloir jusqu'à la chambre.";
245;arts;"Arts & Civilisations";"Nosferatu";"La justice a ordonné la destruction de toutes les copies pour plagiat de Dracula ; le film ne survit que grâce à celles qui avaient fui.";
246;arts;"Arts & Civilisations";"Nouvelle cathédrale de Sienne";"Les Siennois voulaient la plus grande église du monde : il en reste un mur immense et un escalier qui monte vers le vide.";
247;arts;"Arts & Civilisations";"Nüshu";"Une écriture inventée et transmise entre femmes chinoises, tenue secrète des hommes pendant des siècles, éteinte avec sa dernière locutrice en 2004.";
248;arts;"Arts & Civilisations";"Octobasse";"Une contrebasse de trois mètres cinquante jouée avec des leviers, dont les notes les plus graves ne s'entendent plus, elles se sentent.";
249;arts;"Arts & Civilisations";"Ogham";"Cet alphabet irlandais s'écrit en entailles taillées sur l'arête vive des pierres dressées, et se lit de bas en haut.";
250;arts;"Arts & Civilisations";"Once Upon a Time in Shaolin";"L'album n'existe qu'en un seul exemplaire, vendu deux millions de dollars, avec interdiction contractuelle de le diffuser avant 2103.";
251;arts;"Arts & Civilisations";"Ondes Martenot";"On en joue avec une bague au doigt glissant le long d'un fil tendu ; Messiaen en a réclamé six jouant en même temps.";
252;arts;"Arts & Civilisations";"Opéra de Sydney";"Le projet gagnant avait été écarté d'office ; un juré arrivé en retard est allé le repêcher dans la pile des refusés.";
253;arts;"Arts & Civilisations";"Organ²/ASLSP";"La partition dure 639 ans : depuis 2001, un orgue allemand la joue sans interruption et chaque changement d'accord attire une foule.";
254;arts;"Arts & Civilisations";"Orgue de la basilique de Valère";"À Sion, un orgue construit vers 1435 conserve des tuyaux d'origine qui sonnent encore en concert chaque été.";
255;arts;"Arts & Civilisations";"Orgue marin de Zadar";"Des tuyaux noyés sous un escalier de marbre : c'est la houle de l'Adriatique qui décide des accords.";
256;arts;"Arts & Civilisations";"Orpiment";"Ce jaune d'or éclatant est un sulfure d'arsenic : les peintres qui le broyaient à la main s'empoisonnaient lentement.";
257;arts;"Arts & Civilisations";"Ortolan";"On mangeait ce minuscule oiseau la tête cachée sous une serviette, dit-on pour se dissimuler de Dieu ; le plat est aujourd'hui interdit.";
258;arts;"Arts & Civilisations";"Ossian";"Les poèmes d'un barde gaélique du IIIe siècle, adorés de Napoléon et de Goethe, avaient été écrits par leur propre « traducteur ».";
259;arts;"Arts & Civilisations";"Ossuaire de Sedlec";"Un menuisier a composé un lustre, des guirlandes et un blason avec les ossements d'environ quarante mille personnes.";
260;arts;"Arts & Civilisations";"Overlord Embroidery";"Une broderie de quatre-vingt-trois mètres, imitant l'art médiéval, raconte le Débarquement scène par scène.";
261;arts;"Arts & Civilisations";"Oxyrhynque";"Une immense décharge d'ordures antiques a livré plus de textes littéraires grecs que toutes les bibliothèques conservées du monde antique.";
262;arts;"Arts & Civilisations";"Pachisi";"L'empereur Akbar aurait fait tracer un damier géant dans sa cour et joué avec des femmes de son palais en guise de pions.";
263;arts;"Arts & Civilisations";"Palais de Cnossos";"Arthur Evans a « restauré » le palais minoen en béton armé peint, inventant des fresques entières à partir de quelques éclats d'original.";
264;arts;"Arts & Civilisations";"Palais idéal du facteur Cheval";"Un facteur a bâti pendant trente-trois ans un palais entier avec les cailloux ramassés sur sa tournée.";
265;arts;"Arts & Civilisations";"Palimpseste d'Archimède";"Un moine a gratté un traité perdu d'Archimède pour écrire un livre de prières ; les rayons X ont ressuscité le texte effacé.";
266;arts;"Arts & Civilisations";"Panharmonicon";"Beethoven a composé une œuvre entière pour un automate-orchestre mécanique capable d'imiter des dizaines d'instruments.";
267;arts;"Arts & Civilisations";"Panorama Mesdag";"On regarde ce panorama de 1881 depuis une dune de vrai sable, où traînent de vrais filets de pêche.";
268;arts;"Arts & Civilisations";"Panorama de Racławice";"Cette toile circulaire de cent quatorze mètres est restée cachée quarante ans par les autorités communistes avant d'être exposée.";
269;arts;"Arts & Civilisations";"Panthéon (Rome)";"Le bronze du portique a été fondu au XVIIe siècle pour un baldaquin et des canons, ce qui a inspiré un dicton féroce aux Romains.";
270;arts;"Arts & Civilisations";"Papyrus d'Herculanum";"Des rouleaux carbonisés par le Vésuve sont lus sans jamais être ouverts, déroulés virtuellement par intelligence artificielle.";
271;arts;"Arts & Civilisations";"Pastel des teinturiers";"Le bleu tiré d'une plante a fait la fortune des marchands de Toulouse, effondrée en quelques décennies par l'arrivée de l'indigo.";
272;arts;"Arts & Civilisations";"Patolli";"Les joueurs aztèques pariaient parfois leur propre liberté ; les Espagnols ont interdit le jeu et brûlé les nattes de jeu.";
273;arts;"Arts & Civilisations";"Phare du cap Hatteras";"Un phare de quatre mille huit cents tonnes a été déplacé de huit cents mètres sur des rails pour fuir l'océan qui l'atteignait.";
274;arts;"Arts & Civilisations";"Pierre de la femme enceinte";"À Baalbek, un bloc taillé de mille tonnes est resté couché dans sa carrière, jamais déplacé par ceux qui l'avaient extrait.";
275;arts;"Arts & Civilisations";"Pile de Bagdad";"Un vase, un cylindre de cuivre et une tige de fer : certains y ont vu une pile électrique vieille de deux mille ans.";
276;arts;"Arts & Civilisations";"Pilier de fer de Delhi";"Ce pilier de sept mètres, dressé il y a seize siècles, ne rouille pas grâce à une couche de phosphates.";
277;arts;"Arts & Civilisations";"Pirahã";"Cette langue amazonienne n'aurait ni nombres, ni mots de couleur fixes, ni subordonnées, ni récits antérieurs à la mémoire des vivants.";
278;arts;"Arts & Civilisations";"Pièces d'échecs de l'île de Lewis";"Découvertes dans une dune écossaise, ces pièces en ivoire de morse montrent des gardes qui mordent leur bouclier de rage.";
279;arts;"Arts & Civilisations";"Poignard de Toutânkhamon";"La lame posée sur la momie est en fer météoritique, à une époque où l'Égypte ne savait pas travailler le fer.";
280;arts;"Arts & Civilisations";"Pompéi";"En coulant du plâtre dans les vides laissés par la cendre, un archéologue a rendu leur forme exacte aux corps disparus.";
281;arts;"Arts & Civilisations";"Pont de Brooklyn";"Le concepteur mort du tétanos et son fils paralysé, c'est Emily Roebling qui a dirigé le chantier pendant onze ans depuis leur maison.";
282;arts;"Arts & Civilisations";"Poppy Flowers";"Ce Van Gogh a été volé deux fois dans le même musée du Caire, la seconde fois alors que presque aucune alarme ne fonctionnait.";
283;arts;"Arts & Civilisations";"Portrait d'Adele Bloch-Bauer I";"Rebaptisée « la Dame en or » par les nazis pour effacer un nom juif, la toile a été rendue à une héritière après des années de procès.";
284;arts;"Arts & Civilisations";"Portrait d'un jeune homme (Raphaël)";"Emporté par les nazis en 1939, c'est le tableau disparu le plus recherché du monde.";
285;arts;"Arts & Civilisations";"Portrait du docteur Gachet";"Adjugé à prix record en 1990, le tableau a disparu avec son acheteur japonais, qui avait parlé de le faire brûler avec son corps.";
286;arts;"Arts & Civilisations";"Pouf (coiffure)";"On portait à la cour des coiffures hautes d'un mètre, dont l'une représentait une frégate complète avec mâts et voiles.";
287;arts;"Arts & Civilisations";"Poulaine";"Les chaussures à pointe s'allongèrent tant qu'il fallut fixer par la loi leur longueur maximale selon le rang de celui qui les portait.";
288;arts;"Arts & Civilisations";"Pourpre de Tyr";"Il fallait dix mille coquillages pour teindre un seul vêtement, et l'atelier puait tellement qu'on l'exilait hors des villes.";
289;arts;"Arts & Civilisations";"Poème symphonique pour 100 métronomes";"Ligeti a fait monter cent métronomes sur scène et les a laissés mourir un à un devant un public hors de lui.";
290;arts;"Arts & Civilisations";"Proto-élamite";"La plus ancienne écriture non déchiffrée du monde résiste depuis cinq mille ans, malgré des milliers de tablettes numérisées en haute définition.";
291;arts;"Arts & Civilisations";"Pruitt-Igoe";"Un ensemble de logements primé par la critique architecturale a été dynamité vingt ans à peine après son inauguration.";
292;arts;"Arts & Civilisations";"Pyramide rhomboïdale";"Les bâtisseurs ont brusquement changé l'angle en pleine construction, laissant pour l'éternité une pyramide cassée en deux pentes.";
293;arts;"Arts & Civilisations";"Pyrophone";"Un orgue à explosions : chaque note est une flamme enfermée dans un tube de verre, allumée par le clavier.";
294;arts;"Arts & Civilisations";"Quatuor pour la fin du Temps";"Messiaen l'a créé dans un camp de prisonniers en 1941, devant des milliers de détenus, sur un violoncelle auquel manquait une corde.";
295;arts;"Arts & Civilisations";"Que viva México";"Eisenstein a tourné des dizaines d'heures de pellicule qu'on lui a confisquées : il n'a jamais revu une seule image de son film.";
296;arts;"Arts & Civilisations";"Quipu";"Les Incas ont administré un empire avec des cordelettes nouées, et l'on ne sait toujours pas lire celles qui ne notent pas des nombres.";
297;arts;"Arts & Civilisations";"Requiem (Akhmatova)";"Trop dangereux pour être écrit, le poème fut appris par cœur par des amies qui brûlaient la feuille aussitôt après lecture.";
298;arts;"Arts & Civilisations";"Roar";"Le tournage avec une centaine de fauves non dressés a fait plus de soixante-dix blessés dans l'équipe, dont la chef opératrice scalpée.";
299;arts;"Arts & Civilisations";"Romain Gary";"Seul écrivain deux fois couronné par le Goncourt, en se cachant derrière un neveu inventé dont un cousin jouait le rôle en public.";
300;arts;"Arts & Civilisations";"Rongorongo";"Vingt-six tablettes gravées de l'île de Pâques survivent, et nul ne sait si elles portent une véritable écriture ou autre chose.";
301;arts;"Arts & Civilisations";"Rose Valland";"Employée que les nazis croyaient insignifiante, elle a noté en secret la destination de vingt mille œuvres pillées en France.";
302;arts;"Arts & Civilisations";"Rotokas";"Son alphabet tient en douze lettres, le plus petit du monde, pour une langue parlée sur une île de Bougainville.";
303;arts;"Arts & Civilisations";"Rouleau de cuivre";"Ce manuscrit de la mer Morte grave la liste de soixante-quatre caches de trésors dont pas une seule n'a été retrouvée.";
304;arts;"Arts & Civilisations";"Run (île)";"Les Néerlandais ont cédé aux Anglais une île qui allait devenir Manhattan, en échange d'un caillou couvert de muscadiers.";
305;arts;"Arts & Civilisations";"Ryugyong Hotel";"Un gratte-ciel pyramidal de trois cent trente mètres est resté vide, sans vitres ni intérieur, pendant plus de vingt ans.";
306;arts;"Arts & Civilisations";"Sacsayhuamán";"Des blocs de plus de cent tonnes s'emboîtent sans mortier avec des joints où une lame de couteau ne passe pas.";
307;arts;"Arts & Civilisations";"Sagrada Família";"Le chantier a obtenu son permis de construire en 2019, cent trente-sept ans après le début des travaux.";
308;arts;"Arts & Civilisations";"Saint Georges de Estella";"Une restauration confiée à un professeur de travaux manuels a transformé une statue médiévale en personnage de dessin animé.";
309;arts;"Arts & Civilisations";"Sainte-Sophie (Constantinople)";"Un garde varègue qui s'ennuyait pendant l'office a gravé « Halfdan était ici » en runes sur une balustrade de marbre.";
310;arts;"Arts & Civilisations";"Salvator Mundi";"Vendu 450 millions de dollars en 2017, le tableau n'a plus jamais été montré au public et son attribution reste contestée.";
311;arts;"Arts & Civilisations";"Samizdat";"Les lecteurs soviétiques retapaient les livres interdits à la machine en six exemplaires, le sixième presque illisible tant le carbone pâlissait.";
312;arts;"Arts & Civilisations";"Sanxingdui";"Des fosses chinoises ont livré des masques de bronze aux yeux saillants, œuvres d'une civilisation absente de tous les textes connus.";
313;arts;"Arts & Civilisations";"Sauce Worcestershire";"Jugée immonde, la préparation a été oubliée dans une cave pendant des mois avant qu'on la regoûte, devenue excellente.";
314;arts;"Arts & Civilisations";"Second tome de Don Quichotte (Avellaneda)";"Un inconnu a publié une fausse suite ; Cervantès a riposté en faisant lire ce faux livre à son propre héros, qui le juge mauvais.";
315;arts;"Arts & Civilisations";"Senet";"Ce jeu de parcours égyptien est devenu au fil des siècles une représentation du voyage de l'âme dans l'au-delà.";
316;arts;"Arts & Civilisations";"Serpent (instrument)";"Instrument d'église en bois recouvert de cuir, tordu comme un reptile, il a doublé les chants pendant trois siècles avant de disparaître.";
317;arts;"Arts & Civilisations";"Shaun Greenhalgh";"Depuis l'abri de jardin de ses parents, il a fabriqué des antiquités de trois millénaires différents, achetées par de grands musées.";
318;arts;"Arts & Civilisations";"Sherlock Jr.";"Buster Keaton s'est brisé une vertèbre du cou pendant une cascade et ne l'a découvert que des années plus tard, par hasard.";
319;arts;"Arts & Civilisations";"Shi Cheng";"Une cité chinoise fortifiée du Ve siècle repose intacte à quarante mètres sous un lac artificiel creusé en 1959.";
320;arts;"Arts & Civilisations";"Shinichi Fujimura";"Filmé en train d'enterrer les outils qu'il allait « découvrir », il avait fait réécrire, puis effacer, toute la préhistoire japonaise.";
321;arts;"Arts & Civilisations";"Silbo gomero";"Sur une île canarienne, on tient une conversation entière en sifflant, audible à plusieurs kilomètres à travers les ravins.";
322;arts;"Arts & Civilisations";"Solrésol";"Une langue complète construite avec sept notes de musique : on peut la parler, la siffler, la chanter ou la jouer au violon.";
323;arts;"Arts & Civilisations";"Stari Most";"Le pont de Mostar a été relevé avec les pierres mêmes qu'on avait repêchées dans la rivière où on l'avait fait tomber.";
324;arts;"Arts & Civilisations";"Statue de la Liberté";"Livrée en deux cent quatorze caisses, elle était brun cuivre et a servi de phare pendant seize ans avant de virer au vert.";
325;arts;"Arts & Civilisations";"Statues de Mont'e Prama";"Une charrue sarde a heurté par hasard une armée de géants de pierre brisés, enfouis là depuis presque trois mille ans.";
326;arts;"Arts & Civilisations";"Stonehenge";"Certaines pierres viennent du pays de Galles, à deux cent cinquante kilomètres, et la pierre d'autel du nord de l'Écosse.";
327;arts;"Arts & Civilisations";"Stradivarius Ames";"Volé en 1980 dans une loge, le violon n'a reparu que trente-cinq ans plus tard, quand la veuve du voleur l'a fait expertiser.";
328;arts;"Arts & Civilisations";"Surströmming";"La boîte de hareng fermenté est si sous pression que plusieurs compagnies aériennes l'interdisent purement et simplement en soute.";
329;arts;"Arts & Civilisations";"Sutton Hoo";"Le bois du navire funéraire avait entièrement disparu : il ne restait qu'une empreinte de sable hérissée de clous rouillés.";
330;arts;"Arts & Civilisations";"Syllabaire cherokee";"Un homme qui ne savait lire aucune langue a inventé seul une écriture, et son peuple s'est alphabétisé en quelques années.";
331;arts;"Arts & Civilisations";"Symphonie nº 45 de Joseph Haydn";"Les musiciens soufflent leur bougie et quittent la scène un à un : une démission collective déguisée en finale.";
332;arts;"Arts & Civilisations";"Symphonie nº 7 de Chostakovitch";"Jouée dans Leningrad assiégée par des musiciens affamés, elle fut diffusée par haut-parleurs en direction des lignes allemandes.";
333;arts;"Arts & Civilisations";"Tablettes culinaires de Yale";"Les plus anciennes recettes du monde, gravées à Babylone il y a trois mille huit cents ans, décrivent des ragoûts extrêmement raffinés.";
334;arts;"Arts & Civilisations";"Taj Mahal";"Pendant les guerres, on a dressé autour du dôme un échafaudage de bambou pour le faire passer, vu du ciel, pour un simple entrepôt.";
335;arts;"Arts & Civilisations";"Tambour parlant";"Certains tambours africains reproduisent les tons de la langue et transmettent des phrases entières de village en village, plus vite qu'un messager.";
336;arts;"Arts & Civilisations";"Tapisserie de Bayeux";"Soixante-dix mètres de broderie racontent une conquête et montrent au passage la comète de Halley, terrifiant les Anglais de 1066.";
337;arts;"Arts & Civilisations";"Tarte Tatin";"Une tarte ratée puis renversée dans la panique est devenue le dessert français le plus copié au monde.";
338;arts;"Arts & Civilisations";"Taushiro";"Il ne reste qu'un locuteur de cette langue amazonienne, qui compte encore ses parties de dominos dans une langue que personne ne comprend.";
339;arts;"Arts & Civilisations";"Telharmonium";"Une machine de deux cents tonnes diffusait de la musique électronique par le réseau téléphonique dès 1906, jusqu'aux plaintes des abonnés.";
340;arts;"Arts & Civilisations";"Temple de Debod";"L'Égypte a offert un temple entier à l'Espagne : il se dresse aujourd'hui, remonté pierre à pierre, dans un parc de Madrid.";
341;arts;"Arts & Civilisations";"Temple de Dendour";"Un temple égyptien complet a traversé l'Atlantique en caisses et se dresse sous une verrière du Metropolitan Museum, au bord d'un bassin.";
342;arts;"Arts & Civilisations";"Tenture de l'Apocalypse";"Cette tapisserie de cent quatre mètres a fini découpée en tapis et en paillassons avant qu'on la rachète et la recouse.";
343;arts;"Arts & Civilisations";"The Clock (Christian Marclay)";"Vingt-quatre heures d'extraits de films où l'heure affichée à l'écran est toujours l'heure réelle de la salle.";
344;arts;"Arts & Civilisations";"The Landlord's Game";"Le Monopoly a été inventé par une femme pour dénoncer l'accaparement des terres ; l'homme qui l'a revendu a prétendu l'avoir créé seul.";
345;arts;"Arts & Civilisations";"The Thief and the Cobbler";"Commencé en 1964 puis arraché à son auteur, ce film d'animation a mis près de trente ans à sortir, dans une version qu'il a reniée.";
346;arts;"Arts & Civilisations";"Tiare de Saïtapharnès";"Le Louvre a payé une fortune une tiare scythe en or ; l'orfèvre d'Odessa qui l'avait fabriquée l'a prouvé en refaisant un morceau.";
347;arts;"Arts & Civilisations";"Toki pona";"Cent vingt mots suffisent à tout dire dans cette langue construite, où un ordinateur devient une machine à savoir.";
348;arts;"Arts & Civilisations";"Toll House cookie";"La cuisinière croyait que ses morceaux de chocolat fondraient dans la pâte : ils ont gardé leur forme et créé un classique mondial.";
349;arts;"Arts & Civilisations";"Torre de David";"Un gratte-ciel de quarante-cinq étages laissé inachevé à Caracas a été habité par des milliers de personnes, avec épiceries et coiffeurs.";
350;arts;"Arts & Civilisations";"Tour Eiffel";"Gustave Eiffel s'était aménagé un appartement privé juste sous le sommet, où il recevait Edison, à la fureur des Parisiens.";
351;arts;"Arts & Civilisations";"Tour de Suurhusen";"Ce clocher allemand penche davantage que la tour de Pise, parce qu'on a asséché le marais sous ses fondations en chêne.";
352;arts;"Arts & Civilisations";"Trautonium";"Les cris d'oiseaux qui terrifient dans le film de Hitchcock ne viennent d'aucun animal, mais d'un instrument électronique allemand.";
353;arts;"Arts & Civilisations";"Trompettes de Toutânkhamon";"Rejouées en direct à la radio en 1939, elles auraient annoncé la guerre, et le studio a subi une panne totale.";
354;arts;"Arts & Civilisations";"Trésor de Priam";"Schliemann a fait sortir l'or de Troie caché dans le châle de sa femme ; il a disparu en 1945 et refait surface à Moscou.";
355;arts;"Arts & Civilisations";"Trésor du Staffordshire";"Un amateur au détecteur de métaux a sorti d'un champ anglais des milliers de pièces d'or et d'argent anglo-saxonnes.";
356;arts;"Arts & Civilisations";"Tsar Kolokol";"La plus grosse cloche jamais fondue n'a jamais sonné : un incendie l'a fissurée avant même qu'on puisse la soulever.";
357;arts;"Arts & Civilisations";"Ubu roi";"Le premier mot de la pièce a déclenché quinze minutes de bagarre dans la salle avant qu'on entende la deuxième réplique.";
358;arts;"Arts & Civilisations";"Ubykh";"La dernière voix s'est tue en 1992, emportant une langue du Caucase à quatre-vingts consonnes et deux voyelles.";
359;arts;"Arts & Civilisations";"Valise perdue d'Hemingway";"Sa femme avait emporté dans un train tous ses manuscrits pour lui faire une surprise ; la valise a disparu gare de Lyon.";
360;arts;"Arts & Civilisations";"Vatel";"Croyant que la marée n'arriverait jamais pour le banquet du roi, le maître d'hôtel s'est jeté sur son épée ; le poisson est arrivé peu après.";
361;arts;"Arts & Civilisations";"Vermillon";"Ce rouge somptueux est du sulfure de mercure : ceux qui le broyaient tremblaient, perdaient leurs dents et parfois la raison.";
362;arts;"Arts & Civilisations";"Vert de Paris";"Ce vert éclatant à base d'arsenic servait aussi de mort-aux-rats et tapissait les chambres à coucher du XIXe siècle.";
363;arts;"Arts & Civilisations";"Vert de Scheele";"Un vert magnifique, à l'arsenic, qui a probablement tué ceux qui vivaient dans les pièces qu'il tapissait.";
364;arts;"Arts & Civilisations";"Vexations";"Satie a écrit une page à répéter 840 fois : la première exécution intégrale a duré dix-huit heures et épuisé plusieurs pianistes relayés.";
365;arts;"Arts & Civilisations";"Vieille ville de Varsovie";"Rasée à plus de quatre-vingts pour cent, elle a été rebâtie à l'identique en s'aidant des vues peintes par Canaletto au XVIIIe siècle.";
366;arts;"Arts & Civilisations";"Villa Epecuén";"Une station thermale argentine a passé vingt-cinq ans sous dix mètres d'eau salée avant de resurgir, blanchie et pétrifiée.";
367;arts;"Arts & Civilisations";"Villa Savoye";"Le toit fuyait tellement que la propriétaire a menacé l'architecte d'un procès, son fils étant tombé malade dans la maison.";
368;arts;"Arts & Civilisations";"Violon du Titanic";"Le violon du chef d'orchestre, retrouvé sur son corps puis oublié cent ans dans un grenier, s'est vendu neuf cent mille livres.";
369;arts;"Arts & Civilisations";"Vol au musée Isabella Stewart Gardner";"Les cadres vides sont restés accrochés depuis 1990, parce que le testament de la fondatrice interdit de rien déplacer.";
370;arts;"Arts & Civilisations";"Vol de La Joconde";"Le tableau est resté deux ans caché dans une chambre parisienne, et le musée a mis plus de vingt-quatre heures à remarquer sa disparition.";
371;arts;"Arts & Civilisations";"Vol du musée Kunsthal";"Sept toiles volées à Rotterdam ont peut-être fini dans le poêle d'une maison roumaine, où l'on a retrouvé des clous et des pigments anciens.";
372;arts;"Arts & Civilisations";"Volapük";"Inventée par un prêtre allemand à la suite d'un rêve, elle a compté un million d'adeptes avant de s'effondrer en querelles de grammaire.";
373;arts;"Arts & Civilisations";"What's Up, Tiger Lily?";"Woody Allen a redoublé un film d'espionnage japonais en changeant tout : la quête mondiale devient celle d'une recette de salade d'œufs.";
374;arts;"Arts & Civilisations";"William Chester Minor";"Le plus grand contributeur du dictionnaire d'Oxford rédigeait ses fiches depuis l'asile où il était enfermé pour meurtre.";
375;arts;"Arts & Civilisations";"Winchester Mystery House";"Une veuve a fait bâtir sans plan pendant trente-huit ans, avec des escaliers qui montent au plafond et des portes ouvrant sur le vide.";
376;arts;"Arts & Civilisations";"Wolfgang Beltracchi";"Ses faux ont trompé le marché pendant des décennies, jusqu'à ce qu'un tube de blanc contenant du titane non déclaré le trahisse.";
377;arts;"Arts & Civilisations";"Woodchester Mansion";"Les ouvriers ont posé leurs outils un jour de 1873 et ne sont jamais revenus ; la maison est restée figée en plein chantier.";
378;arts;"Arts & Civilisations";"Yuri Knorozov";"Il a déchiffré les glyphes mayas depuis Léningrad, avec un livre sauvé d'une bibliothèque en flammes, sans jamais voir une pyramide.";
379;arts;"Arts & Civilisations";"Zodiaque de Dendérah";"Le plafond étoilé d'un temple égyptien a été découpé à la scie et à la poudre en 1821 pour finir au plafond du Louvre.";
380;arts;"Arts & Civilisations";"Zoot suit";"Un costume jugé trop ample est devenu un délit en temps de guerre et a déclenché des émeutes à Los Angeles en 1943.";
381;arts;"Arts & Civilisations";"Écriture bamoune";"Le sultan Njoya a inventé une écriture pour sa langue, puis l'a réformée six fois, la faisant passer du pictogramme au syllabaire.";
382;arts;"Arts & Civilisations";"Écriture de la vallée de l'Indus";"Quatre mille inscriptions, aucun texte bilingue, cinq signes en moyenne : un siècle de déchiffrements ratés.";
383;arts;"Arts & Civilisations";"Écriture méroïtique";"On sait prononcer chaque signe de cette écriture soudanaise depuis 1909, mais on ignore toujours ce que les phrases veulent dire.";
384;arts;"Arts & Civilisations";"Église Saint-Georges de Lalibela";"Elle a été taillée d'un seul bloc en creusant vers le bas dans la roche : pas une pierre n'y a été rapportée.";
385;arts;"Arts & Civilisations";"Église de l'Assomption de Most";"Pour dégager du charbon, on a fait rouler une église gothique de douze mille tonnes sur huit cents mètres, en un mois.";
386;arts;"Arts & Civilisations";"Élamite linéaire";"Cette écriture vieille de quatre mille ans a résisté un siècle avant d'être déchiffrée grâce à des vases d'argent de collectionneurs.";
387;arts;"Arts & Civilisations";"Épitaphe de Seikilos";"Gravée sur une colonne funéraire grecque, c'est la plus ancienne mélodie complète du monde, paroles et notation musicale comprises.";
388;arts;"Arts & Civilisations";"Épopée de Gilgamesh";"En déchiffrant un récit de déluge sur une tablette, George Smith se serait mis à courir dans le musée en arrachant ses vêtements.";
389;arts;"Arts & Civilisations";"Ġgantija";"Ces temples maltais tenaient déjà debout mille ans avant la première pyramide égyptienne, hissés avec des blocs de cinquante tonnes.";
390;arts;"Arts & Civilisations";"ǃXóõ";"Plus de cent consonnes, dont des dizaines de clics : le plus vaste inventaire de sons jamais décrit dans une langue humaine.";
391;arts;"Arts & Civilisations";"ʻAhu ʻula";"Un manteau royal hawaïen exigeait des centaines de milliers de plumes prélevées sur des oiseaux relâchés vivants, sur plusieurs générations.";
392;cosmos;"Cosmos";"(1) Cérès";"Piazzi l'a perdue de vue juste après l'avoir découverte ; un mathématicien de vingt-quatre ans l'a retrouvée par le seul calcul.";
393;cosmos;"Cosmos";"(16) Psyché";"Un astéroïde peut-être fait de métal presque pur, dont la valeur théorique dépasse le produit intérieur brut mondial.";
394;cosmos;"Cosmos";"(243) Ida";"En 1993, une sonde a prouvé qu'un simple astéroïde pouvait avoir sa propre lune.";
395;cosmos;"Cosmos";"(3753) Cruithne";"Cet astéroïde décrit un fer à cheval qui donne l'illusion qu'il tourne autour de la Terre, alors qu'il tourne autour du Soleil.";
396;cosmos;"Cosmos";"(99942) Apophis";"En 2029, un astéroïde de 340 mètres passera plus près de nous que les satellites géostationnaires, visible à l'œil nu.";
397;cosmos;"Cosmos";"2006 RH120";"La Terre a possédé une deuxième lune pendant treize mois en 2006 : elle mesurait cinq mètres.";
398;cosmos;"Cosmos";"2I/Borisov";"Un astronome amateur de Crimée a repéré avec un télescope de sa fabrication la première comète venue d'un autre système stellaire.";
399;cosmos;"Cosmos";"2MASS J2126-8140";"Cette planète met environ un million d'années à faire le tour de son étoile, distante de mille milliards de kilomètres.";
400;cosmos;"Cosmos";"3C 273";"Si ce quasar était à 33 années-lumière, il brillerait autant que le Soleil dans notre ciel — il est à 2,4 milliards d'années-lumière.";
401;cosmos;"Cosmos";"51 Pegasi b";"La première planète découverte autour d'une autre étoile boucle son année en quatre jours, ce que personne ne croyait possible.";
402;cosmos;"Cosmos";"55 Cancri e";"Une planète deux fois plus grande que la Terre dont une partie du manteau pourrait être du carbone cristallisé.";
403;cosmos;"Cosmos";"61 Cygni";"La première distance stellaire jamais mesurée a fait bondir l'univers connu à des dizaines de milliers de milliards de kilomètres.";
404;cosmos;"Cosmos";"67P/Tchourioumov-Guerassimenko";"Cette comète sent l'œuf pourri, l'urine de cheval et l'amande amère, d'après l'analyse chimique de ses gaz.";
405;cosmos;"Cosmos";"ALH 84001";"Un caillou martien ramassé en Antarctique a valu une conférence de presse présidentielle en 1996 pour d'hypothétiques microfossiles.";
406;cosmos;"Cosmos";"AMSAT-OSCAR 7";"Déclaré mort en 1981, ce satellite radioamateur s'est réveillé vingt-et-un ans plus tard quand sa batterie en court-circuit s'est ouverte.";
407;cosmos;"Cosmos";"APM 08279+5255";"Autour d'un quasar lointain flotte un réservoir de vapeur d'eau égal à cent quarante mille milliards de fois tous les océans terrestres.";
408;cosmos;"Cosmos";"AT2018cow";"Une explosion apparue en deux jours, cent fois plus lumineuse qu'une supernova, reste inexpliquée depuis.";
409;cosmos;"Cosmos";"Akatsuki";"Après avoir raté Vénus en 2010, la sonde a patienté cinq ans en orbite solaire et réussi sa seconde tentative avec de simples propulseurs d'attitude.";
410;cosmos;"Cosmos";"Alan Shepard";"Il a frappé deux balles de golf sur la Lune avec une tête de club cachée dans une chaussette.";
411;cosmos;"Cosmos";"Albert II (singe)";"Premier singe à franchir la frontière de l'espace en 1949, il a survécu au vol mais pas au parachute défaillant du retour.";
412;cosmos;"Cosmos";"Alcyoneus (galaxie)";"Ses jets s'étendent sur 16 millions d'années-lumière, cent-soixante fois le diamètre de la Voie lactée.";
413;cosmos;"Cosmos";"Alexeï Leonov";"Sa combinaison a tellement gonflé dans le vide qu'il a dû la dépressuriser en secret pour rentrer dans le sas.";
414;cosmos;"Cosmos";"Algol";"Les Égyptiens notaient déjà son clignotement tous les 2,86 jours, trois mille ans avant qu'on comprenne pourquoi.";
415;cosmos;"Cosmos";"Allende (météorite)";"Elle renferme des grains de poussière fabriqués par des étoiles mortes avant même que le Soleil existe.";
416;cosmos;"Cosmos";"Almaz";"L'URSS a mis en orbite une station habitée équipée d'un canon automatique, tiré une fois dans le vide avant l'abandon du programme.";
417;cosmos;"Cosmos";"Amalthée (lune)";"Cette lune de Jupiter est moins dense que l'eau : c'est un tas de gravats troué de vide.";
418;cosmos;"Cosmos";"Amas de la Balle";"La collision de deux amas a séparé la matière visible de sa masse invisible, rendant la matière noire presque photographiable.";
419;cosmos;"Cosmos";"Amas globulaire";"Un million d'étoiles y sont si serrées que depuis une planète, il ferait jour presque toute la nuit.";
420;cosmos;"Cosmos";"Anneau de Phœbé";"Le plus grand anneau du Système solaire est si ténu qu'il a fallu attendre 2009 et l'infrarouge pour le remarquer.";
421;cosmos;"Cosmos";"Anneaux d'Uranus";"On les a découverts par accident, en voyant une étoile clignoter juste avant et juste après le passage de la planète.";
422;cosmos;"Cosmos";"Annie Jump Cannon";"Devenue sourde, elle a classé à la main plus de trois cent cinquante mille spectres d'étoiles, jusqu'à trois par minute.";
423;cosmos;"Cosmos";"Anomalie Pioneer";"Deux sondes ont ralenti pendant trente ans sans raison, jusqu'à ce qu'on découvre que la chaleur de leurs propres circuits les poussait doucement.";
424;cosmos;"Cosmos";"Antenne cornet de Holmdel";"Les découvreurs du fond cosmologique ont commencé par nettoyer des fientes de pigeon, persuadés d'avoir une antenne sale.";
425;cosmos;"Cosmos";"Apollo 10";"Le module lunaire Snoopy a été largué en orbite solaire en 1969 : il erre encore quelque part, sans identification certaine.";
426;cosmos;"Cosmos";"Apollo 11";"Le calculateur de bord a lancé cinq alarmes de surcharge pendant la descente finale, et un ingénieur de 26 ans a dit de continuer.";
427;cosmos;"Cosmos";"Apollo 12";"La fusée a été foudroyée deux fois dans les trente-six premières secondes ; un ingénieur a sauvé la mission en dictant un interrupteur obscur.";
428;cosmos;"Cosmos";"Apollo 13";"Trois hommes ont survécu grâce à un filtre à CO2 bricolé avec du carton, du ruban adhésif et une chaussette.";
429;cosmos;"Cosmos";"Arabella (araignée)";"Envoyée en orbite, une araignée a d'abord tissé une toile bancale, puis a réappris à tisser en apesanteur.";
430;cosmos;"Cosmos";"Aristarque de Samos";"Dix-huit siècles avant Copernic, il plaçait le Soleil au centre et jugeait déjà les étoiles inimaginablement lointaines.";
431;cosmos;"Cosmos";"Arrokoth";"Cet objet de 36 kilomètres survolé en 2019 ressemble à un bonhomme de neige et n'a pas changé depuis 4,5 milliards d'années.";
432;cosmos;"Cosmos";"Assistance gravitationnelle";"Une sonde peut voler de la vitesse à une planète entière : Jupiter ralentit imperceptiblement chaque fois qu'un engin la double.";
433;cosmos;"Cosmos";"Axe du mal (cosmologie)";"Les fluctuations du fond cosmique s'alignent mystérieusement sur le plan de notre système solaire, ce qui ne devrait absolument pas arriver.";
434;cosmos;"Cosmos";"BLC1";"Un signal parfaitement fin venu de Proxima a électrisé les chercheurs un an, avant d'être attribué à une panne électronique terrestre.";
435;cosmos;"Cosmos";"BPM 37093";"Cette naine blanche est un diamant cristallisé de 10 milliards de milliards de milliards de carats.";
436;cosmos;"Cosmos";"Beagle 2";"Perdue sur Mars en 2003, elle a été retrouvée intacte douze ans plus tard : deux panneaux solaires n'avaient simplement pas fini de s'ouvrir.";
437;cosmos;"Cosmos";"Belka et Strelka";"Deux chiennes ont fait dix-sept fois le tour de la Terre en 1960 ; un chiot de Strelka a fini offert à la famille Kennedy.";
438;cosmos;"Cosmos";"Beresheet";"Un atterrisseur israélien s'est écrasé sur la Lune en 2019 en emportant des milliers de tardigrades déshydratés, peut-être encore viables.";
439;cosmos;"Cosmos";"Bouran";"La navette soviétique a volé une seule fois, entièrement sans pilote, avant d'être broyée par l'effondrement du toit de son hangar.";
440;cosmos;"Cosmos";"Bételgeuse";"Elle s'est assombrie brutalement en 2019 : ce n'était pas la fin, mais un immense nuage de poussière qu'elle avait craché.";
441;cosmos;"Cosmos";"C/2011 W3 (Lovejoy)";"Cette comète a traversé la couronne solaire à un million de degrés et en est ressortie, à la stupeur générale.";
442;cosmos;"Cosmos";"CK Vulpeculae";"L'étoile nouvelle observée en 1670 par les astronomes européens n'a été comprise qu'en 2018 : deux étoiles s'étaient percutées.";
443;cosmos;"Cosmos";"Campo del Cielo";"Les conquistadors ont cru découvrir une mine de fer : c'était une pluie de météorites tombée quatre mille ans plus tôt.";
444;cosmos;"Cosmos";"Canaux martiens";"Une erreur de traduction de l'italien a convaincu le monde entier pendant quarante ans que Mars abritait une civilisation d'irrigants.";
445;cosmos;"Cosmos";"Caroline Herschel";"Domestique devenue astronome, elle a découvert huit comètes et fut la première femme payée pour faire de la science en Angleterre.";
446;cosmos;"Cosmos";"Cassini (sonde spatiale)";"Pour ne pas contaminer d'éventuelles formes de vie, la sonde a été délibérément plongée dans Saturne, émettant jusqu'à la dernière seconde.";
447;cosmos;"Cosmos";"Catastrophe de Nedelin";"En 1960, une fusée s'enflamme sur son pas de tir avec les ingénieurs tout autour : une centaine de morts, tus pendant trente ans.";
448;cosmos;"Cosmos";"Ceinture de Van Allen";"Découverte par accident en 1958, elle piège des particules si énergétiques qu'elles auraient tué les astronautes d'Apollo sans traversée rapide.";
449;cosmos;"Cosmos";"Celestis";"Les cendres du créateur de Star Trek et celles de Timothy Leary ont été mises en orbite dans des capsules commerciales.";
450;cosmos;"Cosmos";"Champ profond de Hubble";"Un morceau de ciel apparemment vide, de la taille d'un grain de sable à bout de bras, contenait dix mille galaxies.";
451;cosmos;"Cosmos";"Chang'e 4";"Une graine de coton a germé sur la face cachée de la Lune, avant de geler dès la première nuit lunaire.";
452;cosmos;"Cosmos";"Chariklo";"Un caillou de deux cent cinquante kilomètres possède deux anneaux, révélés parce qu'ils ont éteint une étoile deux fois de suite.";
453;cosmos;"Cosmos";"Charles Messier";"Son fameux catalogue n'est qu'une liste d'objets à éviter, dressée par un chasseur de comètes excédé de se tromper.";
454;cosmos;"Cosmos";"Charon (lune)";"Pluton et sa lune tournent autour d'un point situé dans le vide entre les deux : ils dansent l'un autour de l'autre.";
455;cosmos;"Cosmos";"Chute de météorites de L'Aigle";"Trois mille pierres s'abattent sur la Normandie en 1803 et convainquent enfin les savants que le ciel peut lâcher des cailloux.";
456;cosmos;"Cosmos";"Clyde Tombaugh";"Fils de fermier sans diplôme universitaire, il a comparé des millions de points sur des plaques photographiques jusqu'à trouver Pluton.";
457;cosmos;"Cosmos";"Collision Andromède-Voie lactée";"Dans quatre milliards d'années, deux galaxies traverseront l'une l'autre sans qu'aucune étoile n'entre en collision.";
458;cosmos;"Cosmos";"Comète Shoemaker-Levy 9";"Vingt-et-un fragments se sont écrasés sur Jupiter en 1994, laissant des taches noires plus larges que la Terre.";
459;cosmos;"Cosmos";"Comète de Biela";"Coupée en deux sous les yeux des astronomes, elle a disparu, puis est revenue en pluie d'étoiles filantes spectaculaire.";
460;cosmos;"Cosmos";"Comète de Halley";"En 1910, on vendait des pilules anticomètes et des masques pour se protéger du cyanogène de sa queue.";
461;cosmos;"Cosmos";"Constante cosmologique";"Einstein l'a inventée pour figer l'univers, l'a reniée comme sa plus grande erreur, et elle est revenue expliquer son accélération.";
462;cosmos;"Cosmos";"Couronne solaire";"Elle est deux cents fois plus chaude que la surface du Soleil, et personne n'explique complètement pourquoi.";
463;cosmos;"Cosmos";"Cygnus X-1";"Hawking avait parié que ce n'était pas un trou noir ; il a perdu et payé sa dette en abonnement à un magazine pour hommes.";
464;cosmos;"Cosmos";"DART (mission)";"L'humanité a délibérément percuté un astéroïde en 2022 et modifié son orbite de 32 minutes, bien plus que prévu.";
465;cosmos;"Cosmos";"Dawn (sonde spatiale)";"Grâce à ses moteurs ioniques, elle est la seule sonde à s'être mise en orbite autour de deux mondes différents.";
466;cosmos;"Cosmos";"Deep Impact (sonde spatiale)";"On a tiré un projectile de cuivre de trois cent soixante-dix kilos dans une comète, juste pour voir ce qu'il y avait dessous.";
467;cosmos;"Cosmos";"Dragonfly 44";"Une galaxie de la taille de la Voie lactée composée à 99,99 % de matière noire, presque invisible.";
468;cosmos;"Cosmos";"Dwingeloo 1";"Une galaxie voisine est restée totalement invisible jusqu'en 1994, cachée derrière la poussière de la Voie lactée.";
469;cosmos;"Cosmos";"Débris spatiaux";"Plus de 130 millions de fragments filent autour de la Terre à dix fois la vitesse d'une balle de fusil.";
470;cosmos;"Cosmos";"Découverte de Neptune";"Une planète a été trouvée au télescope en moins d'une heure, à un degré de l'endroit désigné par le seul calcul.";
471;cosmos;"Cosmos";"Effet YORP";"La lumière du Soleil fait tourner les astéroïdes de plus en plus vite, jusqu'à les faire éclater tout seuls.";
472;cosmos;"Cosmos";"Effet de vue d'ensemble";"Des astronautes reviennent avec un bouleversement psychologique durable après avoir vu la Terre entière tenir sous leur pouce.";
473;cosmos;"Cosmos";"Encelade";"Cette lune de 500 kilomètres crache des geysers d'eau salée dans l'espace depuis un océan caché sous sa glace.";
474;cosmos;"Cosmos";"Eta Carinae";"En 1843, elle est devenue la deuxième étoile la plus brillante du ciel sans exploser, et elle attend toujours.";
475;cosmos;"Cosmos";"Eugene Shoemaker";"Le seul humain enterré sur la Lune est un géologue dont les cendres y ont été écrasées par une sonde en 1999.";
476;cosmos;"Cosmos";"Europe (lune)";"Son océan souterrain contient deux fois plus d'eau liquide que tous les océans de la Terre réunis.";
477;cosmos;"Cosmos";"Event Horizon Telescope";"Les données de la première image d'un trou noir étaient si volumineuses qu'il a fallu les transporter par avion, sur des disques durs.";
478;cosmos;"Cosmos";"Face cachée de la Lune";"Elle n'a été vue par des yeux humains qu'en 1968, alors que des milliards d'humains regardaient l'autre face depuis toujours.";
479;cosmos;"Cosmos";"Fond diffus cosmologique";"La neige des vieux téléviseurs analogiques était en partie composée de photons émis 380 000 ans après le Big Bang.";
480;cosmos;"Cosmos";"Fritz Zwicky";"Il a prédit la matière noire, les étoiles à neutrons et les lentilles gravitationnelles, tout en traitant ses collègues de « salauds sphériques ».";
481;cosmos;"Cosmos";"Fusée N1";"Les quatre tirs de la fusée lunaire soviétique ont tous échoué, dont un qui reste la plus grosse explosion non nucléaire de l'histoire.";
482;cosmos;"Cosmos";"Félicette";"En 1963, la France a envoyé une chatte de gouttière dans l'espace avec des électrodes implantées dans le crâne ; elle en est revenue vivante.";
483;cosmos;"Cosmos";"GN-z11";"On observe cette galaxie telle qu'elle était 400 millions d'années après le Big Bang ; sa lumière voyage depuis 13,4 milliards d'années.";
484;cosmos;"Cosmos";"GRB 080319B";"Une explosion survenue à 7,5 milliards d'années-lumière fut brièvement visible à l'œil nu depuis la Terre.";
485;cosmos;"Cosmos";"GW150914";"Trois masses solaires ont été converties en pure énergie gravitationnelle en une fraction de seconde, éclipsant toutes les étoiles de l'univers visible.";
486;cosmos;"Cosmos";"Gaia (satellite)";"Ce satellite a mesuré la position de près de deux milliards d'étoiles, avec la précision d'un cheveu vu à mille kilomètres.";
487;cosmos;"Cosmos";"Galaxie du Sombrero";"Elle contient près de 2 000 amas globulaires, dix fois plus que notre galaxie, pour une raison inexpliquée.";
488;cosmos;"Cosmos";"Galaxie naine elliptique du Sagittaire";"Une galaxie naine est en train d'être étirée en spaghetti autour de la nôtre depuis des milliards d'années.";
489;cosmos;"Cosmos";"Galileo (sonde spatiale)";"Sa grande antenne ne s'est jamais dépliée : toute la mission a été sauvée en réécrivant depuis la Terre la compression des données.";
490;cosmos;"Cosmos";"Ganymède (lune)";"La plus grosse lune du Système solaire dépasse Mercure en taille et cache un océan salé sous cent cinquante kilomètres de glace.";
491;cosmos;"Cosmos";"Gemini 8";"Neil Armstrong a repris le contrôle d'une capsule tournant sur elle-même une fois par seconde, à la limite de l'évanouissement.";
492;cosmos;"Cosmos";"Genesis (sonde spatiale)";"Un accéléromètre monté à l'envers a empêché l'ouverture des parachutes : la capsule de vent solaire s'est plantée à trois cents km/h dans le désert.";
493;cosmos;"Cosmos";"Georges Lemaître";"Un prêtre belge a proposé l'expansion de l'univers deux ans avant Hubble, dans une revue que presque personne ne lisait.";
494;cosmos;"Cosmos";"Gliese 436 b";"Elle est couverte d'une glace brûlante à trois cents degrés, maintenue solide par la seule pression.";
495;cosmos;"Cosmos";"Grand Attracteur";"Nous tombons vers un point du ciel que personne n'a jamais vu : il est caché derrière notre propre galaxie.";
496;cosmos;"Cosmos";"Grand Déchirement";"Si l'énergie sombre s'intensifie, les atomes eux-mêmes seront arrachés les uns aux autres dans une vingtaine de milliards d'années.";
497;cosmos;"Cosmos";"Grand Filtre";"Découvrir de la vie sur Mars serait, selon certains, la pire nouvelle de l'histoire de l'humanité.";
498;cosmos;"Cosmos";"Grande Muraille d'Hercule-Couronne boréale";"Cette structure de 10 milliards d'années-lumière est si grande qu'elle contredit les modèles d'homogénéité de l'univers.";
499;cosmos;"Cosmos";"Grande comète de 1811";"Visible neuf mois à l'œil nu, elle a laissé son nom à un millésime de vin resté légendaire.";
500;cosmos;"Cosmos";"Guillaume Le Gentil";"Parti onze ans observer deux passages de Vénus, il les rate tous les deux, rentre déclaré mort et retrouve ses biens partagés.";
501;cosmos;"Cosmos";"HD 131399 Ab";"Sur cette planète à trois soleils, il existe des saisons où la nuit ne tombe pas pendant plus d'un siècle.";
502;cosmos;"Cosmos";"HD 140283";"Les premières mesures donnaient à cette étoile un âge supérieur à celui de l'univers, provoquant une crise en astrophysique.";
503;cosmos;"Cosmos";"HD 189733 b";"Il y pleut du verre fondu, latéralement, poussé par des vents de 8 700 kilomètres par heure.";
504;cosmos;"Cosmos";"HD 209458 b";"Son atmosphère s'échappe en une queue de comète longue de dizaines de milliers de kilomètres.";
505;cosmos;"Cosmos";"HD 80606 b";"Sa température passe de 500 à 1 200 °C en six heures lors de son passage au plus près de son étoile.";
506;cosmos;"Cosmos";"Ham (chimpanzé)";"Un chimpanzé a essuyé les plâtres de la capsule Mercury avant les Américains et en est sorti en réclamant une pomme.";
507;cosmos;"Cosmos";"Haumea";"Cette planète naine en forme de ballon de rugby tourne sur elle-même en quatre heures et possède un anneau.";
508;cosmos;"Cosmos";"Hayabusa";"Moteurs morts et réservoirs percés, la sonde est rentrée avec sept ans de retard, a livré ses mille cinq cents grains d'astéroïde et s'est consumée.";
509;cosmos;"Cosmos";"Helios (sondes spatiales)";"Deux sondes allemandes des années 1970 ont détenu le record de vitesse d'un engin humain pendant plus de quarante ans.";
510;cosmos;"Cosmos";"Henrietta Leavitt";"Payée trente cents de l'heure pour compter des étoiles sur des plaques, elle a offert à l'humanité son premier mètre-étalon cosmique.";
511;cosmos;"Cosmos";"Hexagone de Saturne";"Un nuage hexagonal parfait de trente mille kilomètres de côté tourne au pôle nord de Saturne depuis au moins quarante ans.";
512;cosmos;"Cosmos";"Hipparque";"Son catalogue d'étoiles, réputé perdu, a été retrouvé en 2022 sous l'écriture d'un manuscrit médiéval gratté et réutilisé.";
513;cosmos;"Cosmos";"Hoba (météorite)";"Soixante tonnes de fer posées en Namibie depuis quatre-vingt mille ans : personne n'a jamais réussi à la déplacer d'un centimètre.";
514;cosmos;"Cosmos";"Horizon des événements";"Vu de l'extérieur, un objet qui tombe dans un trou noir semble s'y figer pour l'éternité, rougissant jusqu'à disparaître.";
515;cosmos;"Cosmos";"Huygens (sonde spatiale)";"Elle a atterri sur Titan et photographié des galets de glace arrondis par des rivières de méthane liquide.";
516;cosmos;"Cosmos";"Hypernova";"Une seule pourrait stériliser toute planète dans un rayon de plusieurs milliers d'années-lumière si son jet nous visait.";
517;cosmos;"Cosmos";"Hypérion (lune)";"Cette lune spongieuse tourne de façon totalement chaotique : impossible de prédire son orientation dans quelques semaines.";
518;cosmos;"Cosmos";"IC 1101";"Cette galaxie unique s'étend sur plusieurs millions d'années-lumière, soit des dizaines de fois notre Voie lactée.";
519;cosmos;"Cosmos";"IKAROS";"Une voile de vingt mètres, dix fois plus fine qu'un cheveu, a navigué jusqu'à Vénus poussée uniquement par la lumière.";
520;cosmos;"Cosmos";"ISEE-3";"Une sonde abandonnée depuis 1997 a été rallumée en 2014 par une équipe de passionnés installée dans un ancien McDonald's.";
521;cosmos;"Cosmos";"IceCube (télescope)";"Un kilomètre cube de glace antarctique sert de détecteur pour attraper quelques particules venues d'autres galaxies.";
522;cosmos;"Cosmos";"InSight";"Un sismomètre posé sur Mars a entendu la planète trembler, des météorites tomber et le vent faire vibrer le sol entier.";
523;cosmos;"Cosmos";"Ingenuity";"Un hélicoptère d'un kilo et demi a volé soixante-douze fois dans une atmosphère cent fois plus ténue que la nôtre.";
524;cosmos;"Cosmos";"Io (lune)";"Ses volcans projettent du soufre à 500 kilomètres d'altitude et refont entièrement sa surface tous les millions d'années.";
525;cosmos;"Cosmos";"J002E3";"Un objet capturé par la Terre en 2002 s'est révélé être le troisième étage d'Apollo 12, revenu rôder après trente ans.";
526;cosmos;"Cosmos";"JADES-GS-z13-0";"On observe cette galaxie telle qu'elle était trois cent vingt millions d'années après le Big Bang.";
527;cosmos;"Cosmos";"Janus (lune)";"Janus et Épiméthée échangent leurs orbites tous les quatre ans, en frôlant la collision sans jamais se toucher.";
528;cosmos;"Cosmos";"Japet";"Une face de cette lune est aussi noire que du charbon, l'autre aussi blanche que la neige, et une crête de 13 kilomètres de haut ceinture son équateur.";
529;cosmos;"Cosmos";"KELT-9 b";"Sa face éclairée atteint 4 300 °C, plus chaud que bien des étoiles ; les molécules y sont déchirées en atomes.";
530;cosmos;"Cosmos";"KIC 8462852";"Une étoile dont la luminosité chute de vingt-deux pour cent sans que personne sache pourquoi.";
531;cosmos;"Cosmos";"Kaali";"Un essaim de météorites a creusé neuf cratères en Estonie il y a trois mille cinq cents ans, sous les yeux des habitants.";
532;cosmos;"Cosmos";"Kamoʻoalewa";"Ce quasi-satellite qui accompagne la Terre serait un morceau de Lune arraché par un impact.";
533;cosmos;"Cosmos";"Karl Jansky";"Un ingénieur chargé de traquer un parasite téléphonique a découvert que le centre de la Galaxie émet des ondes radio.";
534;cosmos;"Cosmos";"Kepler (télescope spatial)";"Deux roues de pointage cassées, la mission a été sauvée en équilibrant le télescope sur la simple pression de la lumière solaire.";
535;cosmos;"Cosmos";"Kepler-11145123";"L'objet naturel le plus rond jamais mesuré est une étoile dont les rayons ne diffèrent que de trois kilomètres.";
536;cosmos;"Cosmos";"Kepler-1520 b";"Cette planète se désintègre sous nos yeux, laissant derrière elle une traînée de poussière différente à chaque orbite.";
537;cosmos;"Cosmos";"Kepler-16 b";"Depuis sa surface, on verrait deux soleils se coucher côte à côte, comme dans le film.";
538;cosmos;"Cosmos";"Kepler-37 b";"La plus petite exoplanète connue est plus petite que Mercure ; on l'a repérée grâce à une baisse de lumière de deux millièmes de pour cent.";
539;cosmos;"Cosmos";"Kepler-70 b";"Cette planète a survécu à l'engloutissement par sa géante rouge et l'orbite désormais en cinq heures et demie, à 7 000 °C.";
540;cosmos;"Cosmos";"Kilonova";"La collision de deux étoiles à neutrons en 2017 a fabriqué plusieurs fois la masse de la Terre en or pur.";
541;cosmos;"Cosmos";"Kosmos 482";"Un atterrisseur conçu pour Vénus est resté coincé en orbite terrestre pendant un demi-siècle avant de retomber intact sur nous.";
542;cosmos;"Cosmos";"Kosmos 954";"Un satellite soviétique à réacteur nucléaire s'est désintégré au-dessus du Canada, semant des débris radioactifs sur six cents kilomètres.";
543;cosmos;"Cosmos";"LAGEOS";"Ce satellite emporte une plaque adressée aux humains de l'an huit millions quatre cent mille, date prévue de sa retombée.";
544;cosmos;"Cosmos";"Laika";"La chienne est morte de surchauffe cinq heures après le décollage ; l'URSS a menti pendant quarante-cinq ans.";
545;cosmos;"Cosmos";"Lentille gravitationnelle";"La masse d'un amas courbe la lumière au point de montrer la même supernova quatre fois, à quatre dates différentes.";
546;cosmos;"Cosmos";"Lever de Terre";"La photo qui a lancé l'écologie a été prise en catastrophe, hors programme, par un astronaute qui n'était pas censé regarder par le hublot.";
547;cosmos;"Cosmos";"Loi de Titius-Bode";"Une formule sans aucune justification physique a désigné une planète manquante entre Mars et Jupiter — on y a trouvé les astéroïdes.";
548;cosmos;"Cosmos";"Luhman 16";"Le troisième système stellaire le plus proche du nôtre n'a été repéré qu'en 2013, à six années-lumière seulement.";
549;cosmos;"Cosmos";"Luna 15";"Pendant qu'Armstrong marchait sur la Lune, une sonde soviétique s'écrasait discrètement à huit cents kilomètres de là.";
550;cosmos;"Cosmos";"Lunokhod 1";"Perdu pendant quarante ans, le rover a été retrouvé en 2010 par un tir laser qui a rebondi sur son réflecteur.";
551;cosmos;"Cosmos";"Lunokhod 2";"Le rover soviétique abandonné sur la Lune a été vendu aux enchères chez Sotheby's : quelqu'un possède légalement un véhicule posé là-haut.";
552;cosmos;"Cosmos";"Léonides";"En novembre 1833, il tombait plus de cent mille météores par heure ; des gens sont sortis en pyjama croyant au Jugement dernier.";
553;cosmos;"Cosmos";"MOXIE";"Un boîtier de la taille d'une batterie de voiture a fabriqué de l'oxygène respirable à partir du gaz carbonique martien.";
554;cosmos;"Cosmos";"Magnétar";"Son champ magnétique déchirerait vos molécules à 1 000 kilomètres de distance, avant même que vous approchiez.";
555;cosmos;"Cosmos";"Mariner 1";"Un trait d'union manquant dans le code de guidage a obligé à détruire la sonde deux cent quatre-vingt-treize secondes après le décollage.";
556;cosmos;"Cosmos";"Mariner 4";"Les premières images de Mars arrivaient si lentement que les ingénieurs ont colorié les chiffres au crayon pastel pour voir avant tout le monde.";
557;cosmos;"Cosmos";"Mars 3 (sonde spatiale)";"Le premier atterrissage réussi sur Mars a transmis quatorze secondes d'image grise avant de se taire pour toujours.";
558;cosmos;"Cosmos";"Mars Climate Orbiter";"Une sonde à 300 millions de dollars détruite parce qu'une équipe travaillait en unités impériales et l'autre en métrique.";
559;cosmos;"Cosmos";"Mars Polar Lander";"Ses capteurs ont confondu la secousse du déploiement des jambes avec un atterrissage et coupé les moteurs à 40 mètres du sol.";
560;cosmos;"Cosmos";"Matière noire";"85 % de la matière de l'univers ne se voit pas, ne se touche pas, et traverse votre corps par milliards à chaque seconde.";
561;cosmos;"Cosmos";"Message d'Arecibo";"Envoyé en 1974 vers un amas d'étoiles situé à 25 000 années-lumière, il arrivera à un endroit que l'amas aura quitté.";
562;cosmos;"Cosmos";"Meteor Crater";"Daniel Barringer a englouti sa fortune pendant vingt-six ans à forer sous ce cratère, en quête d'un bloc de fer qui s'était vaporisé à l'impact.";
563;cosmos;"Cosmos";"Milton Humason";"Ancien muletier sans le moindre diplôme, il est devenu l'observateur qui a mesuré la fuite des galaxies.";
564;cosmos;"Cosmos";"Mimas (lune)";"Un cratère occupe presque un tiers de son diamètre ; l'impact a failli la briser en morceaux.";
565;cosmos;"Cosmos";"Minimum de Maunder";"Pendant soixante-dix ans, le Soleil n'a presque plus eu de taches, et l'Europe a grelotté sous des hivers extrêmes.";
566;cosmos;"Cosmos";"Mir";"Une collision avec un cargo en 1997 a percé la station ; l'équipage a colmaté un module en coupant les câbles à la hache.";
567;cosmos;"Cosmos";"Mira";"Cette étoile variable traîne derrière elle une queue de matière de treize années-lumière, découverte seulement en 2007.";
568;cosmos;"Cosmos";"Miranda (lune)";"Elle porte une falaise de 20 kilomètres de haut ; un objet lâché du sommet mettrait dix minutes à tomber.";
569;cosmos;"Cosmos";"Mort thermique de l'univers";"Dans 10 puissance 100 années, il ne restera qu'un vide tiède où plus aucun événement ne pourra jamais se produire.";
570;cosmos;"Cosmos";"Murchison (météorite)";"Cette pierre tombée en Australie transportait plus de quatre-vingts acides aminés, dont la plupart n'existent nulle part sur Terre.";
571;cosmos;"Cosmos";"Météore de Tcheliabinsk";"Un rocher de vingt mètres invisible jusqu'au dernier instant a blessé 1 500 personnes avec ses seules ondes de choc en 2013.";
572;cosmos;"Cosmos";"Météorite d'Ensisheim";"Tombée en Alsace en 1492, elle fut enchaînée dans une église pour l'empêcher de repartir : la plus ancienne chute conservée d'Europe.";
573;cosmos;"Cosmos";"Météorite de Sylacauga";"En 1954, une pierre de quatre kilos traverse un toit, rebondit sur un poste de radio et meurtrit Ann Hodges endormie sur son canapé.";
574;cosmos;"Cosmos";"NGC 1052-DF2";"Une galaxie qui semble ne contenir aucune matière noire, ce qui est aussi troublant que d'en contenir trop.";
575;cosmos;"Cosmos";"Naine blanche";"En refroidissant, elle finira par cristalliser en une sphère de carbone de la taille de la Terre — un cadavre en diamant.";
576;cosmos;"Cosmos";"Nakhla (météorite)";"En 1911, cette météorite martienne se disloque au-dessus de l'Égypte et un fermier jure qu'un fragment a pulvérisé son chien.";
577;cosmos;"Cosmos";"Neith (satellite hypothétique)";"Pendant deux siècles, des astronomes sérieux ont observé, baptisé et cartographié une lune de Vénus qui n'a jamais existé.";
578;cosmos;"Cosmos";"Neptune (planète)";"Découverte en 1846, elle n'avait bouclé sa toute première orbite complète qu'en 2011.";
579;cosmos;"Cosmos";"Neso (lune)";"Cette lune de Neptune met vingt-six ans à faire un tour et s'éloigne jusqu'à cinquante millions de kilomètres de sa planète.";
580;cosmos;"Cosmos";"Neutrino";"Cent mille milliards de neutrinos traversent votre corps chaque seconde sans jamais rien toucher.";
581;cosmos;"Cosmos";"New Horizons";"Lancée si vite qu'elle a franchi l'orbite de la Lune en neuf heures, elle emporte une pincée des cendres de Clyde Tombaugh.";
582;cosmos;"Cosmos";"Nix (lune)";"Cette petite lune de Pluton culbute de façon totalement chaotique : impossible de prédire l'heure de son lever de soleil.";
583;cosmos;"Cosmos";"Nuage d'Oort";"Sa frontière extérieure se trouve à mi-chemin de l'étoile la plus proche ; la sonde Voyager mettra 30 000 ans à en sortir.";
584;cosmos;"Cosmos";"Nuages de Kordylewski";"Deux amas de poussière fantomatiques flottent aux points de Lagrange de la Terre, si ténus qu'on a mis cinquante ans à les confirmer.";
585;cosmos;"Cosmos";"Nébuleuse du Boomerang";"À -272,15 °C, ce nuage de gaz est plus froid que le vide de l'espace lui-même, l'endroit naturel le plus glacial connu de l'univers.";
586;cosmos;"Cosmos";"Nébuleuse du Crabe";"Les Chinois ont noté en 1054 une étoile visible en plein jour pendant vingt-trois jours ; ses débris filent toujours à 1 500 km/s.";
587;cosmos;"Cosmos";"OJ 287";"Deux trous noirs supermassifs y valsent, et le plus petit percute le disque du plus gros tous les douze ans, à la date prévue.";
588;cosmos;"Cosmos";"OSIRIS-REx";"En touchant Bennu, le bras s'est enfoncé comme dans une piscine à boules et l'échantillon débordait par la trappe restée ouverte.";
589;cosmos;"Cosmos";"Objet de Hoag";"Une galaxie en forme d'anneau parfait, avec un noyau au centre et rien entre les deux.";
590;cosmos;"Cosmos";"Objet de Thorne-Żytkow";"Une étoile qui aurait avalé une étoile à neutrons et la porterait comme un cœur au centre d'elle-même.";
591;cosmos;"Cosmos";"Observatoire de Green Bank";"Autour de ce radiotélescope, une zone de silence interdit le wifi et les fours à micro-ondes à des milliers d'habitants.";
592;cosmos;"Cosmos";"Oh-My-God particle";"Cette particule voyageait à 99,99999999999999999999951 % de la vitesse de la lumière et son origine reste inconnue.";
593;cosmos;"Cosmos";"Ole Rømer";"En 1676, le retard des éclipses d'Io lui a suffi pour prouver que la lumière ne se propage pas instantanément.";
594;cosmos;"Cosmos";"Ondes gravitationnelles";"LIGO mesure des déformations de l'espace mille fois plus petites qu'un proton pour entendre deux trous noirs se percuter.";
595;cosmos;"Cosmos";"PSO J318.5-22";"Une géante gazeuse erre seule dans la Galaxie, sans étoile, tiède et couverte de nuages de poussière brûlante.";
596;cosmos;"Cosmos";"PSR B1257+12";"Les premières exoplanètes confirmées tournent autour d'un cadavre d'étoile qui les balaye de rayonnements mortels.";
597;cosmos;"Cosmos";"PSR B1620-26 b";"Cette planète a 12,7 milliards d'années : elle s'est formée moins d'un milliard d'années après le Big Bang.";
598;cosmos;"Cosmos";"PSR J1748-2446ad";"Cette étoile de 25 kilomètres tourne 716 fois par seconde ; son équateur file à un quart de la vitesse de la lumière.";
599;cosmos;"Cosmos";"Pan (lune)";"Cette lune de Saturne a la forme exacte d'un ravioli, à cause de la matière des anneaux collée sur son équateur.";
600;cosmos;"Cosmos";"Paradoxe d'Olbers";"Si l'univers était infini et éternel, la nuit serait aussi éblouissante que la surface du Soleil.";
601;cosmos;"Cosmos";"Paradoxe de Fermi";"L'univers a 13,8 milliards d'années et des milliards de mondes habitables : le silence total est en soi une donnée terrifiante.";
602;cosmos;"Cosmos";"Paradoxe de l'information";"Ce qui tombe dans un trou noir semble effacé de l'univers, ce que les lois de la physique interdisent formellement.";
603;cosmos;"Cosmos";"Parker Solar Probe";"Cette sonde frôle le Soleil à 690 000 kilomètres par heure, l'objet le plus rapide jamais construit par l'homme.";
604;cosmos;"Cosmos";"Peekskill (météorite)";"En 1992, un caillou venu de l'espace a défoncé le coffre d'une Chevrolet payée 400 dollars ; l'épave s'est ensuite vendue vingt-cinq fois plus cher.";
605;cosmos;"Cosmos";"Peryton (astronomie)";"Un radiotélescope australien a capté pendant dix-sept ans de mystérieux signaux cosmiques : c'était le micro-ondes de la cafétéria ouvert trop tôt.";
606;cosmos;"Cosmos";"Phobos (lune)";"Elle se rapproche de Mars de deux centimètres par an et finira déchiquetée en un anneau autour de la planète.";
607;cosmos;"Cosmos";"Phobos 1";"Une commande mal tapée depuis la Terre a ordonné à la sonde d'éteindre son contrôle d'attitude : elle s'est perdue à jamais.";
608;cosmos;"Cosmos";"Pierre Janssen";"Il s'est échappé de Paris assiégé en ballon pour voir une éclipse, et a détecté dans le Soleil un élément inconnu sur Terre.";
609;cosmos;"Cosmos";"Pioneer 10";"Sa dernière transmission reçue en 2003 avait mis onze heures à parcourir la distance et n'était plus qu'un murmure d'un milliardième de milliardième de watt.";
610;cosmos;"Cosmos";"Planète Neuf";"Six objets lointains ont des orbites étrangement alignées, comme tirées par un monde de dix Terres que personne n'a jamais vu.";
611;cosmos;"Cosmos";"Planète errante";"Des milliards de planètes vagabondent sans étoile dans notre seule galaxie, dans un noir et un froid absolus.";
612;cosmos;"Cosmos";"Plaque de Pioneer";"Une plaque en or gravée d'un couple nu file vers les étoiles depuis cinquante ans, et personne ne la reverra jamais.";
613;cosmos;"Cosmos";"Pluton (planète naine)";"Pendant vingt ans de chaque orbite elle passe à l'intérieur de celle de Neptune, sans risque de collision.";
614;cosmos;"Cosmos";"Point froid du CMB";"Une tache anormalement froide dans le ciel primordial, que certains attribuent à la collision de notre univers avec un autre.";
615;cosmos;"Cosmos";"Population III";"Les toutes premières étoiles pesaient jusqu'à mille soleils et n'ont vécu que quelques millions d'années ; aucune n'a jamais été observée.";
616;cosmos;"Cosmos";"Programme Corona";"Les pellicules des satellites espions étaient éjectées en capsule et rattrapées en plein ciel par des avions munis d'un crochet.";
617;cosmos;"Cosmos";"Programme Vega";"L'URSS a lâché deux ballons dans l'atmosphère de Vénus en 1985 ; ils ont dérivé 46 heures dans les nuages d'acide sulfurique.";
618;cosmos;"Cosmos";"Projet A119";"Les États-Unis ont sérieusement étudié le fait de faire exploser une bombe atomique sur la Lune, pour l'effet de démonstration.";
619;cosmos;"Cosmos";"Projet HARP";"Un canon de trente-six mètres a expédié des obus à cent quatre-vingts kilomètres d'altitude, sans jamais atteindre l'orbite.";
620;cosmos;"Cosmos";"Projet Orion (propulsion nucléaire)";"On a sérieusement projeté de propulser un vaisseau de 4 000 tonnes en faisant exploser des bombes atomiques derrière lui.";
621;cosmos;"Cosmos";"Projet Ozma";"En 1960, un astronome a pointé une antenne vers deux étoiles pendant deux cents heures : la première écoute d'extraterrestres de l'histoire.";
622;cosmos;"Cosmos";"Projet West Ford";"Les États-Unis ont dispersé quatre cent quatre-vingts millions d'aiguilles de cuivre en orbite pour se fabriquer une ionosphère artificielle.";
623;cosmos;"Cosmos";"Quasar";"Un seul quasar brille comme mille galaxies, alimenté par la matière qui hurle en tombant vers un trou noir.";
624;cosmos;"Cosmos";"R136a1";"L'étoile la plus massive connue pèse environ deux cents Soleils et brille plusieurs millions de fois plus fort.";
625;cosmos;"Cosmos";"Radiation de Hawking";"Un trou noir de la masse du Soleil mettra 10 puissance 67 années à s'évaporer, bien plus longtemps que l'âge actuel de l'univers.";
626;cosmos;"Cosmos";"Radiotélescope d'Arecibo";"Le géant de 305 mètres s'est effondré sur lui-même en décembre 2020, filmé par un drone qui passait par là.";
627;cosmos;"Cosmos";"Radiotélescope sphérique de cinq cents mètres d'ouverture";"Pour installer ce miroir de cinq cents mètres dans une doline chinoise, on a déplacé près de neuf mille villageois.";
628;cosmos;"Cosmos";"Robert Evans (astronome)";"Un pasteur australien a découvert visuellement plus de quarante supernovas, en ayant mémorisé l'aspect de milliers de galaxies.";
629;cosmos;"Cosmos";"Rosetta (sonde spatiale)";"Après dix ans de voyage et une hibernation de 31 mois, elle s'est délibérément écrasée sur sa comète pour finir en beauté.";
630;cosmos;"Cosmos";"Régolithe lunaire";"Les astronautes d'Apollo racontaient que la poussière lunaire sentait la poudre à canon dès qu'ils ouvraient leur casque.";
631;cosmos;"Cosmos";"S2 (étoile)";"Elle boucle son orbite autour du trou noir central en seize ans, en frôlant les trois pour cent de la vitesse de la lumière.";
632;cosmos;"Cosmos";"S5-HVS1";"Éjectée par le trou noir central, cette étoile file à mille sept cents kilomètres par seconde et quittera définitivement la Galaxie.";
633;cosmos;"Cosmos";"SGR 1806-20";"En 2004, un éclair venu de 50 000 années-lumière a ionisé la haute atmosphère terrestre en un dixième de seconde.";
634;cosmos;"Cosmos";"SN 1572";"Avec une simple étoile nouvelle, Tycho Brahe a démoli l'idée d'un ciel immuable défendue depuis Aristote.";
635;cosmos;"Cosmos";"SN 1987A";"Ses neutrinos sont arrivés sur Terre trois heures avant sa lumière, parce qu'ils ont quitté l'étoile avant que l'onde de choc n'en sorte.";
636;cosmos;"Cosmos";"SOHO";"Perdue en 1998 après une erreur de commande, la sonde gelée a été retrouvée au radar, dégelée à distance et remise au travail.";
637;cosmos;"Cosmos";"SS 433";"Ce système crache deux jets de matière à un quart de la vitesse de la lumière, qui tournoient comme un arroseur de jardin.";
638;cosmos;"Cosmos";"Sagittarius A*";"Le trou noir central de notre galaxie pèse quatre millions de soleils mais tiendrait à l'intérieur de l'orbite de Mercure.";
639;cosmos;"Cosmos";"Sagittarius B2";"Ce nuage moléculaire du centre galactique contient du formiate d'éthyle, la molécule qui donne à la framboise son odeur.";
640;cosmos;"Cosmos";"Satellite Vela";"Des satellites espions chargés de traquer les essais nucléaires ont découvert par accident les sursauts gamma.";
641;cosmos;"Cosmos";"Sedna";"Son orbite l'emmène si loin qu'elle met 11 400 ans à faire un tour et n'a été proche qu'une fois depuis Néandertal.";
642;cosmos;"Cosmos";"Segue 1";"Cette galaxie ne contient que quelques centaines d'étoiles mais pèse comme six cents mille soleils.";
643;cosmos;"Cosmos";"Sergueï Korolev";"L'architecte de toute l'astronautique soviétique était un secret d'État : son nom n'a été révélé qu'à sa mort, en 1966.";
644;cosmos;"Cosmos";"Signal Wow!";"Soixante-douze secondes de signal radio en 1977, jamais réexpliqué, jamais réentendu.";
645;cosmos;"Cosmos";"Sirius B";"On a deviné son existence en voyant Sirius zigzaguer, avant de découvrir une étoile grosse comme la Terre et lourde comme le Soleil.";
646;cosmos;"Cosmos";"Skylab";"En retombant sur l'Australie en 1979, la station a valu à la NASA une amende de 400 dollars pour dépôt sauvage d'ordures.";
647;cosmos;"Cosmos";"Somnium";"Kepler a écrit le premier récit de voyage lunaire ; le manuscrit a servi de pièce à charge au procès en sorcellerie de sa mère.";
648;cosmos;"Cosmos";"Sonde Philae";"Elle a rebondi deux fois sur sa comète, atterri dans une crevasse à l'ombre, et travaillé 57 heures avant de s'éteindre.";
649;cosmos;"Cosmos";"Soyouz 11";"Trois cosmonautes sont morts asphyxiés par une valve défectueuse ; on les a retrouvés sanglés, indemnes en apparence.";
650;cosmos;"Cosmos";"Soyouz 23";"La capsule s'est posée de nuit sur un lac gelé, a coulé sous la glace, et l'équipage a suffoqué neuf heures dans le noir.";
651;cosmos;"Cosmos";"Soyouz T-10-1";"La fusée brûlait déjà sur son pas de tir quand la tour de sauvetage a arraché la capsule, deux secondes avant l'explosion.";
652;cosmos;"Cosmos";"Soyouz T-13";"Deux cosmonautes se sont amarrés à la main à une station morte, gelée et sans électricité, puis l'ont ressuscitée.";
653;cosmos;"Cosmos";"Spaghettification";"Près d'un petit trou noir, vos pieds seraient attirés si fort qu'ils tomberaient bien plus vite que votre tête, jusqu'à vous étirer en filament.";
654;cosmos;"Cosmos";"Spirit (rover)";"Enlisé pour de bon, le rover a labouré le sable avec sa roue bloquée et découvert ainsi de la silice pure, trace d'anciennes sources chaudes.";
655;cosmos;"Cosmos";"Stardust";"Un bloc d'aérogel a ramené des poussières de comète contenant un acide aminé et des grains cuits à mille degrés près du Soleil.";
656;cosmos;"Cosmos";"Starfish Prime";"Une bombe H explosée dans l'espace en 1962 a créé une aurore visible à Hawaï et grillé des lampadaires à 1 400 kilomètres.";
657;cosmos;"Cosmos";"SuitSat";"Une vieille combinaison spatiale russe bourrée d'un émetteur a été jetée par-dessus bord et a parlé aux radioamateurs pendant deux semaines.";
658;cosmos;"Cosmos";"Supernova SN 1006";"En 1006, des observateurs chinois et égyptiens ont vu une étoile assez brillante pour lire la nuit pendant des semaines.";
659;cosmos;"Cosmos";"Sursaut radio rapide";"Ces éclairs libèrent en une milliseconde autant d'énergie que le Soleil en trois jours entiers, et personne ne sait ce qui les produit.";
660;cosmos;"Cosmos";"Surveyor 3";"Apollo 12 a rapporté un morceau de sonde restée trois ans sur la Lune, avec des bactéries qui semblaient avoir survécu au vide.";
661;cosmos;"Cosmos";"Syndrome de Kessler";"Une seule collision pourrait déclencher une réaction en chaîne rendant l'orbite terrestre inutilisable pendant des siècles.";
662;cosmos;"Cosmos";"T Coronae Borealis";"Cette étoile explose environ tous les quatre-vingts ans et doit redevenir visible à l'œil nu d'un moment à l'autre.";
663;cosmos;"Cosmos";"TON 618";"Ce trou noir de 66 milliards de masses solaires a un horizon si large que la lumière met plus de deux semaines à le traverser.";
664;cosmos;"Cosmos";"TRAPPIST-1";"Sept planètes rocheuses tiennent dans un espace plus petit que l'orbite de Mercure ; depuis l'une, les autres paraissent aussi grosses que notre Lune.";
665;cosmos;"Cosmos";"Tension de Hubble";"Deux méthodes de mesure de l'expansion de l'univers donnent des résultats incompatibles, et l'écart grandit avec la précision.";
666;cosmos;"Cosmos";"Tesla Roadster de Falcon Heavy";"Une voiture de sport décapotable orbite autour du Soleil avec un mannequin en combinaison au volant, depuis 2018.";
667;cosmos;"Cosmos";"Titan (lune)";"Il y pleut du méthane, les rivières creusent des canyons et la gravité est si faible qu'un humain pourrait y voler avec des ailes.";
668;cosmos;"Cosmos";"TrES-2b";"Elle renvoie moins de un pour cent de la lumière reçue : plus noire que le charbon, elle ne luit que d'un rouge de braise.";
669;cosmos;"Cosmos";"Triton (lune)";"Elle orbite à l'envers autour de Neptune, preuve qu'elle a été capturée, et crache des geysers d'azote à -235 °C.";
670;cosmos;"Cosmos";"Trou noir primordial";"Certains pourraient avoir la masse d'une montagne pour la taille d'un atome, et traverser des planètes sans laisser de trace visible.";
671;cosmos;"Cosmos";"Télescope spatial Hubble";"Le miroir a été poli avec une précision parfaite selon un instrument mal assemblé de 1,3 millimètre : il a fallu lui poser des lunettes.";
672;cosmos;"Cosmos";"Télescope spatial James-Webb";"Son déploiement comportait 344 points de défaillance uniques, tous à un million et demi de kilomètres, sans réparation possible.";
673;cosmos;"Cosmos";"Télémétrie laser lunaire";"Les réflecteurs posés par Apollo prouvent que la Lune s'éloigne de nous de 3,8 centimètres par an.";
674;cosmos;"Cosmos";"UY Scuti";"Placée à la place du Soleil, sa surface engloutirait Jupiter ; un avion mettrait plus de mille ans à en faire le tour.";
675;cosmos;"Cosmos";"Ulugh Beg";"Ce sultan astronome a mesuré la durée de l'année à une minute près, avant d'être décapité sur ordre de son propre fils.";
676;cosmos;"Cosmos";"Ulysses (sonde spatiale)";"Pour survoler les pôles du Soleil, la sonde est d'abord partie dans la direction opposée, vers Jupiter.";
677;cosmos;"Cosmos";"Un point bleu pâle";"À six milliards de kilomètres, la Terre n'occupe qu'un dixième de pixel, perdue dans un reflet parasite de l'objectif.";
678;cosmos;"Cosmos";"Univers observable";"Il fait 93 milliards d'années-lumière de large alors que l'univers n'a que 13,8 milliards d'années : l'espace lui-même s'est étiré.";
679;cosmos;"Cosmos";"Uranus (planète)";"Herschel voulait la baptiser « l'astre de George » ; elle roule couchée sur le flanc, un pôle pointé vers le Soleil.";
680;cosmos;"Cosmos";"V838 Monocerotis";"En 2002, une étoile est devenue six cent mille fois plus lumineuse que le Soleil ; l'écho de ce flash illumine encore la poussière autour d'elle.";
681;cosmos;"Cosmos";"Valentina Terechkova";"Ouvrière et parachutiste amateur, la première femme dans l'espace y a passé plus de temps que tous les astronautes américains réunis.";
682;cosmos;"Cosmos";"Vanguard 1";"Lancé en 1958, ce satellite mort de la taille d'un pamplemousse est le plus vieil objet humain encore en orbite.";
683;cosmos;"Cosmos";"Venera 13";"Cette sonde soviétique a survécu 127 minutes sur Vénus, sous 90 atmosphères et 470 °C, et envoyé des photos en couleur.";
684;cosmos;"Cosmos";"Venera 7";"Premier atterrissage réussi sur une autre planète : le signal, jugé nul, n'a été retrouvé qu'après réanalyse des bandes magnétiques.";
685;cosmos;"Cosmos";"Vera Rubin";"Ses courbes de rotation ont montré que les galaxies tournent trop vite pour tenir ensemble : l'essentiel de leur masse est introuvable.";
686;cosmos;"Cosmos";"Verre libyque";"Le scarabée jaune du pectoral de Toutânkhamon est taillé dans un verre né d'un impact cosmique en plein désert.";
687;cosmos;"Cosmos";"Vide du Bouvier";"Un trou de trois cent trente millions d'années-lumière où il n'y a presque rien.";
688;cosmos;"Cosmos";"Vide local";"Notre galaxie est expulsée d'un désert cosmique vide à 260 kilomètres par seconde.";
689;cosmos;"Cosmos";"Viking (programme)";"Une des expériences biologiques de 1976 a donné un résultat positif à la vie martienne, jamais expliqué ni reproduit depuis.";
690;cosmos;"Cosmos";"Visage de Mars";"Une photo floue de 1976 a lancé des décennies de rumeurs ; en haute résolution, ce n'est qu'une colline banale.";
691;cosmos;"Cosmos";"Vladimir Komarov";"Il est parti dans un vaisseau qu'il savait défectueux pour épargner son ami Gagarine, et s'est écrasé après l'échec de son parachute.";
692;cosmos;"Cosmos";"Voie lactée";"Notre galaxie a dévoré des dizaines de galaxies naines, dont on retrouve encore les cadavres en longs courants d'étoiles.";
693;cosmos;"Cosmos";"Voorwerp de Hanny";"Une institutrice néerlandaise triant des images sur Internet a trouvé un nuage vert éclairé par un quasar éteint depuis.";
694;cosmos;"Cosmos";"Vostok 1";"Gagarine s'est éjecté et a atterri en parachute à part de sa capsule, détail dissimulé vingt ans pour valider le record.";
695;cosmos;"Cosmos";"Voyager 1";"Sa sonde emporte un ordinateur moins puissant qu'une clé de voiture et communique encore avec un émetteur de 23 watts à 24 milliards de kilomètres.";
696;cosmos;"Cosmos";"Voyager Golden Record";"Des salutations en 55 langues et le battement de cœur d'une femme amoureuse voyageront un milliard d'années dans le vide.";
697;cosmos;"Cosmos";"Vulcain (planète hypothétique)";"Pendant cinquante ans, des astronomes ont cru voir une planète entre Mercure et le Soleil ; c'était la relativité générale qui manquait.";
698;cosmos;"Cosmos";"Vénus (planète)";"Un jour y dure plus longtemps qu'une année, et le Soleil s'y lève à l'ouest.";
699;cosmos;"Cosmos";"WASP-12b";"Cette planète est dévorée par son étoile et absorbe 94 % de la lumière qui la frappe : elle est plus noire que l'asphalte.";
700;cosmos;"Cosmos";"WASP-76 b";"Le fer s'y évapore côté jour et retombe en pluie métallique côté nuit.";
701;cosmos;"Cosmos";"WISE 0855-0714";"L'objet le plus froid connu hors du Système solaire affiche moins vingt-trois degrés et abriterait des nuages d'eau.";
702;cosmos;"Cosmos";"WR 104";"Cette étoile mourante dessine une spirale parfaite et pointe peut-être son axe, et ses futurs jets, vers nous.";
703;cosmos;"Cosmos";"William Herschel";"Musicien d'orchestre, il polissait ses miroirs seize heures d'affilée, sa sœur le nourrissant à la cuillère, et il a doublé la taille du Système solaire.";
704;cosmos;"Cosmos";"Williamina Fleming";"Femme de ménage engagée par un patron excédé par ses assistants, elle a classé dix mille étoiles et repéré la nébuleuse de la Tête de Cheval.";
705;cosmos;"Cosmos";"Znamia (satellite)";"La Russie a déployé en orbite un miroir de vingt mètres pour éclairer la nuit des villes sibériennes avec du soleil réfléchi.";
706;cosmos;"Cosmos";"Zond 5";"Les premiers êtres vivants à contourner la Lune furent deux tortues, revenues avec dix pour cent de masse en moins.";
707;cosmos;"Cosmos";"Zone d'évitement";"Un cinquième du ciel nous est masqué par notre propre galaxie ; on y découvre encore des galaxies géantes toutes proches.";
708;cosmos;"Cosmos";"Ère stellifère";"Nous vivons dans les premiers 0,00000001 % de l'histoire de l'univers : l'époque des étoiles est un flash de jeunesse.";
709;cosmos;"Cosmos";"Écho 1";"Un ballon de trente mètres gonflé en orbite renvoyait les appels téléphoniques et brillait plus fort que presque toutes les étoiles.";
710;cosmos;"Cosmos";"Éclipse de Thalès";"Une éclipse de Soleil aurait interrompu net une bataille entre Mèdes et Lydiens, en 585 avant notre ère.";
711;cosmos;"Cosmos";"Éclipse solaire du 29 mai 1919";"Deux expéditions ont photographié des étoiles à côté du Soleil éteint et rendu Einstein mondialement célèbre en une nuit.";
712;cosmos;"Cosmos";"Énergie sombre";"Une force inconnue représentant 68 % de l'univers accélère son expansion, et on ignore totalement ce qu'elle est.";
713;cosmos;"Cosmos";"Équation de Drake";"Une formule dont chaque terme est si incertain que le résultat oscille entre une civilisation et cent millions.";
714;cosmos;"Cosmos";"Étoile de Barnard";"Elle parcourt en ligne droite un diamètre lunaire tous les cent quatre-vingts ans : record absolu de mouvement apparent dans le ciel.";
715;cosmos;"Cosmos";"Étoile de Przybylski";"Son atmosphère contient des éléments radioactifs artificiels dont la demi-vie ne dépasse pas quelques centaines d'années, donc fabriqués récemment.";
716;cosmos;"Cosmos";"Étoile de Scholz";"Il y a soixante-dix mille ans, une étoile double a traversé le nuage d'Oort, bien plus près que nos voisines actuelles.";
717;cosmos;"Cosmos";"Étoile à neutrons";"Une cuillère à café de sa matière pèse un milliard de tonnes, et sa croûte est dix milliards de fois plus résistante que l'acier.";
718;cosmos;"Cosmos";"Événement de Carrington";"En 1859, une tempête solaire a mis le feu à des bureaux de télégraphe ; le même événement aujourd'hui coûterait des milliers de milliards.";
719;cosmos;"Cosmos";"Événement de Miyake";"Les cernes des arbres de l'an 774 gardent la trace d'une bouffée de rayons cosmiques qui date aujourd'hui les villages vikings à l'année près.";
720;cosmos;"Cosmos";"Événement de la Toungouska";"En 1908, un objet céleste a couché 80 millions d'arbres en Sibérie sans laisser le moindre cratère.";
721;cosmos;"Cosmos";"ʻOumuamua";"Le premier objet venu d'un autre système solaire, reparti avant qu'on ait pu le regarder correctement.";
722;esprit;"Corps & Esprit";"ABCC11";"Un seul gène décide si votre cérumen est sec ou collant — et, du même coup, si vous sentez sous les bras.";
723;esprit;"Corps & Esprit";"Achromatopsie cérébrale";"Après un accident, un peintre a cessé de voir les couleurs, y compris dans ses rêves et dans ses souvenirs d'enfance.";
724;esprit;"Corps & Esprit";"Achromatopsie de Pingelap";"Sur cet atoll du Pacifique, un typhon de 1775 a laissé une population dont près d'une personne sur dix ne voit strictement aucune couleur.";
725;esprit;"Corps & Esprit";"Adermatoglyphie";"Quelques familles au monde naissent sans aucune empreinte digitale ; on a surnommé cela la maladie du retard à l'immigration.";
726;esprit;"Corps & Esprit";"Adrian Owen";"Une patiente jugée végétative a répondu « oui » en imaginant jouer au tennis, son cerveau s'allumant à la demande dans le scanner.";
727;esprit;"Corps & Esprit";"Agnosie visuelle";"Incapable de dire l'orientation d'une fente, une patiente y glissait pourtant une carte du premier coup : voir et agir empruntent deux circuits séparés.";
728;esprit;"Corps & Esprit";"Agénésie du cervelet";"Une femme de vingt-quatre ans a consulté pour des vertiges ; l'IRM a révélé qu'elle vivait depuis toujours sans cervelet.";
729;esprit;"Corps & Esprit";"Akinétopsie";"Une patiente voyait le réel comme une suite de photos figées : le café restait immobile dans la tasse, puis débordait sans transition.";
730;esprit;"Corps & Esprit";"Al Herpin";"Ce New-Jersiais aurait passé sa vie sans jamais dormir, se contentant de se balancer dans un fauteuil jusqu'au matin.";
731;esprit;"Corps & Esprit";"Albert Hofmann";"Il a absorbé par la peau une molécule oubliée sur une étagère, puis est rentré chez lui à vélo dans un monde en fusion.";
732;esprit;"Corps & Esprit";"Alexie sans agraphie";"Un patient peut écrire une longue lettre parfaitement construite et se révéler incapable de relire la phrase qu'il vient tout juste de tracer.";
733;esprit;"Corps & Esprit";"Alexis St. Martin";"Une blessure par balle lui a laissé un orifice permanent vers l'estomac ; son médecin y a fait pendre des aliments au bout d'un fil pendant des années.";
734;esprit;"Corps & Esprit";"Ali Maow Maalin";"Dernier malade de la variole naturelle sur Terre en 1977, il a ensuite passé sa vie à vacciner des enfants contre la polio.";
735;esprit;"Corps & Esprit";"Allergie à l'alpha-gal";"La morsure d'une tique peut rendre allergique à la viande rouge, avec une réaction qui ne survient que six heures après le repas.";
736;esprit;"Corps & Esprit";"Amnésie globale transitoire";"Pendant quelques heures, une personne pose la même question toutes les deux minutes, puis tout revient d'un coup et rien ne se reproduit jamais.";
737;esprit;"Corps & Esprit";"Amnésie infantile";"Vos trois premières années sont effacées pour presque tout le monde, alors que c'est le moment où vous appreniez le plus vite.";
738;esprit;"Corps & Esprit";"Amorçage";"Lire des mots liés à la vieillesse devait faire marcher plus lentement ; l'expérience la plus citée de la psychologie sociale ne se reproduit pas.";
739;esprit;"Corps & Esprit";"Amusie congénitale";"Environ une personne sur vingt ne reconnaît ni une mélodie ni une fausse note, et trouve la musique aussi émouvante qu'un bruit de casseroles.";
740;esprit;"Corps & Esprit";"Analgésie congénitale";"Ces enfants ne ressentent aucune douleur, se cassent des os sans le remarquer, et doivent apprendre par cœur la liste de ce qui est dangereux.";
741;esprit;"Corps & Esprit";"Ancrage (psychologie)";"Faites tourner une roue de loterie devant quelqu'un : le chiffre sorti influencera son estimation du nombre de pays africains à l'ONU.";
742;esprit;"Corps & Esprit";"Anesthésie générale";"On éteint la conscience de millions de personnes chaque année sans savoir précisément comment cela fonctionne.";
743;esprit;"Corps & Esprit";"Anna Bågenholm";"Une skieuse est revenue à la vie après plus d'une heure sous la glace, avec une température corporelle descendue à 13,7 °C.";
744;esprit;"Corps & Esprit";"Anosognosie";"Paralysée du côté gauche, une patiente soutient qu'elle va parfaitement bien et explique qu'elle ne lève pas ce bras parce qu'elle n'en a pas envie.";
745;esprit;"Corps & Esprit";"Ansel Bourne";"Ce prédicateur a disparu, tenu une boutique sous un autre nom pendant deux mois, puis s'est réveillé terrifié sans aucun souvenir de cette vie.";
746;esprit;"Corps & Esprit";"Aphantasie";"Certaines personnes ne voient absolument rien quand elles ferment les yeux. Elles l'apprennent souvent vers quarante ans.";
747;esprit;"Corps & Esprit";"Aphasie de Wernicke";"Ces patients parlent avec une aisance, une mélodie et une grammaire impeccables, mais leurs phrases ne veulent strictement rien dire, et ils ne s'en aperçoivent pas.";
748;esprit;"Corps & Esprit";"ApoA-1 Milano";"Les habitants d'un village lombard mangent gras, ont des artères impeccables, et doivent tout à un ancêtre né vers 1780.";
749;esprit;"Corps & Esprit";"Aspartame";"Un chimiste s'est léché le doigt pour tourner une page et a découvert un édulcorant deux cents fois plus sucré que le sucre.";
750;esprit;"Corps & Esprit";"Asperge";"L'urine change d'odeur chez presque tout le monde après un plat d'asperges, mais une partie de la population est génétiquement incapable de la sentir.";
751;esprit;"Corps & Esprit";"Aymara";"Ils désignent l'avant de leur corps pour parler du passé, qu'on a vu, et l'arrière pour l'avenir, qu'on ne voit pas.";
752;esprit;"Corps & Esprit";"Bajau";"Leur rate, d'un tiers plus grosse, leur sert de réserve de sang oxygéné : ils plongent en apnée toute la journée à plus de dix mètres.";
753;esprit;"Corps & Esprit";"Barry Marshall";"Pour prouver qu'une bactérie causait l'ulcère, un médecin a bu une culture d'Helicobacter pylori, est tombé malade, et a décroché le Nobel.";
754;esprit;"Corps & Esprit";"BrainGate";"Une femme tétraplégique depuis quinze ans a bu son café toute seule en pilotant un bras robotisé par la pensée.";
755;esprit;"Corps & Esprit";"Bâillement contagieux";"Lire le mot suffit souvent à déclencher un bâillement, et l'effet est nettement plus fort avec vos proches qu'avec des inconnus.";
756;esprit;"Corps & Esprit";"CCR5";"Une personne d'origine européenne sur cent porte une serrure cassée qui empêche purement et simplement le VIH d'entrer dans ses cellules.";
757;esprit;"Corps & Esprit";"Casque de Dieu";"Des champs magnétiques faibles autour du crâne ont fait ressentir à des volontaires une « présence » dans la pièce ; l'expérience résiste mal aux réplications.";
758;esprit;"Corps & Esprit";"Cellule de grille";"Certains de vos neurones pavent l'espace d'un quadrillage hexagonal parfait : un GPS biologique dans votre tête, récompensé par un prix Nobel.";
759;esprit;"Corps & Esprit";"Cerveau d'Albert Einstein";"Le pathologiste l'a emporté sans autorisation, découpé en 240 blocs, et gardé des décennies dans des bocaux à cidre.";
760;esprit;"Corps & Esprit";"Cerveau divisé";"Chez ces opérés, la main gauche reboutonne ce que la main droite vient de déboutonner, et chaque moitié du cerveau ignore ce que l'autre a vu.";
761;esprit;"Corps & Esprit";"Chambre d'Ames";"Dans cette pièce truquée, une personne semble grandir de moitié en marchant simplement d'un coin à l'autre.";
762;esprit;"Corps & Esprit";"Charles Osborne";"Il a eu le hoquet sans interruption pendant soixante-huit ans, s'est marié deux fois, et le hoquet s'est arrêté un an avant sa mort.";
763;esprit;"Corps & Esprit";"Chatouillement";"Impossible de se chatouiller soi-même : le cervelet prédit votre geste et annule la sensation avant qu'elle n'arrive.";
764;esprit;"Corps & Esprit";"Chimérisme";"Une mère américaine a échoué à un test ADN censé prouver qu'elle était la mère de ses propres enfants : elle porte deux génomes différents.";
765;esprit;"Corps & Esprit";"Chirurgie placebo";"Des patients opérés du genou pour de faux, trois incisions et rien d'autre, allaient aussi bien deux ans plus tard que les vrais opérés.";
766;esprit;"Corps & Esprit";"Christiaan Barnard";"Le premier greffé du cœur, en 1967, s'est réveillé, a parlé et mangé, avant de mourir d'une pneumonie dix-huit jours plus tard.";
767;esprit;"Corps & Esprit";"Chronostase";"En tournant les yeux vers une horloge, la première seconde paraît plus longue : votre cerveau recolle le temps qu'il a effacé pendant le mouvement.";
768;esprit;"Corps & Esprit";"Clint Hallam";"Premier greffé d'une main, il a fini par exiger qu'on la lui coupe : il ne l'avait jamais reconnue comme sienne.";
769;esprit;"Corps & Esprit";"Clive Wearing";"Sa mémoire dure sept secondes : il note sans cesse « je me réveille enfin », rature la ligne d'avant, et retrouve sa femme avec extase toutes les vingt minutes.";
770;esprit;"Corps & Esprit";"Complexe majeur d'histocompatibilité";"Des femmes ont reniflé des tee-shirts portés par des inconnus et préféré, sans le savoir, ceux des hommes au système immunitaire le plus différent du leur.";
771;esprit;"Corps & Esprit";"Confabulation";"Demandez à quelqu'un pourquoi il a choisi ceci plutôt que cela : son cerveau invente instantanément une explication convaincante, sans jamais signaler qu'il improvise.";
772;esprit;"Corps & Esprit";"Coriandre";"Une variante d'un gène de l'odorat fait percevoir un goût de savon là où d'autres sentent une herbe fraîche, et la dispute est génétique.";
773;esprit;"Corps & Esprit";"Craniotomie en éveil";"On opère le cerveau d'un violoniste pendant qu'il joue, pour vérifier à chaque coupe qu'aucune note ne se perd.";
774;esprit;"Corps & Esprit";"Crise de la reproductibilité";"En rejouant cent expériences de psychologie célèbres, moins de quarante ont redonné le même résultat.";
775;esprit;"Corps & Esprit";"Cryptomnésie";"On peut « inventer » sincèrement une mélodie qu'on a entendue puis oubliée, et plusieurs procès de plagiat célèbres se sont conclus là-dessus.";
776;esprit;"Corps & Esprit";"Cynarine";"Mangez un artichaut, buvez un verre d'eau : elle vous paraîtra nettement sucrée, parce que la molécule a désactivé vos récepteurs.";
777;esprit;"Corps & Esprit";"Cécité au changement";"Un passant qui vous demande son chemin peut être remplacé par un autre homme derrière un panneau : la moitié des gens ne remarquent rien.";
778;esprit;"Corps & Esprit";"Cécité d'inattention";"Occupés à compter des passes de ballon, la moitié des spectateurs ne voient pas un homme déguisé en gorille traverser lentement l'écran.";
779;esprit;"Corps & Esprit";"Cécité de choix";"On échange en douce le portrait que vous venez de préférer, puis on vous demande pourquoi : vous justifiez chaleureusement un choix qui n'est pas le vôtre.";
780;esprit;"Corps & Esprit";"Céphalée de la crème glacée";"La douleur glacée n'est pas dans votre front : c'est votre palais qui souffre, et votre cerveau se trompe d'adresse.";
781;esprit;"Corps & Esprit";"DEC2";"Certaines familles dorment quatre heures par nuit toute leur vie, sans dette de sommeil ni la moindre conséquence.";
782;esprit;"Corps & Esprit";"Daniel Tammet";"Il a récité 22 514 décimales de pi en parcourant du regard un paysage coloré que les chiffres formaient dans sa tête.";
783;esprit;"Corps & Esprit";"Disulfirame";"Des ouvriers du caoutchouc tombaient malades dès qu'ils buvaient un verre : on en a tiré un traitement de l'alcoolisme.";
784;esprit;"Corps & Esprit";"Douleur du nouveau-né";"Jusque dans les années 1980, on opérait des nourrissons sans anesthésie, persuadé qu'ils ne ressentaient pas la douleur.";
785;esprit;"Corps & Esprit";"Duncan MacDougall";"En 1907, il a pesé des mourants sur une balance pour mesurer l'âme et annoncé 21 grammes ; il avait six patients et un seul résultat exploitable.";
786;esprit;"Corps & Esprit";"Dépersonnalisation";"Des millions de gens ont déjà vécu la sensation très nette d'assister à leur propre vie de l'extérieur, comme derrière une vitre.";
787;esprit;"Corps & Esprit";"EPAS1";"Les Tibétains respirent à 4 000 mètres grâce à une version de gène héritée des Dénisoviens, une espèce humaine disparue.";
788;esprit;"Corps & Esprit";"Effet Barnum";"Distribuez à toute une classe le même horoscope générique : chacun se reconnaît et note la description autour de 4,5 sur 5.";
789;esprit;"Corps & Esprit";"Effet Ganzfeld";"Une lumière uniforme et un bruit constant suffisent à faire halluciner en quelques minutes un cerveau privé d'information.";
790;esprit;"Corps & Esprit";"Effet Hawthorne";"Dans une usine américaine, la productivité montait quand on augmentait l'éclairage — et montait aussi quand on le baissait.";
791;esprit;"Corps & Esprit";"Effet IKEA";"Un meuble que vous avez monté vous-même vaut, à vos yeux, nettement plus cher qu'un meuble identique livré assemblé.";
792;esprit;"Corps & Esprit";"Effet Mandela";"Des millions de personnes se souviennent avec précision d'un logo, d'une réplique ou d'une mort qui n'ont jamais existé sous cette forme.";
793;esprit;"Corps & Esprit";"Effet McClintock";"L'idée que les femmes vivant ensemble synchronisent leurs cycles a fait le tour du monde ; quarante ans de données n'ont jamais réussi à la confirmer.";
794;esprit;"Corps & Esprit";"Effet McGurk";"Regardez des lèvres articuler « ga » sur un son « ba » : vous entendez « da », et l'illusion tient même quand on vous l'a expliquée.";
795;esprit;"Corps & Esprit";"Effet Mozart";"Une petite étude sur dix minutes de rotation mentale est devenue le mythe des bébés rendus intelligents par Mozart, jusqu'à des CD offerts par un État américain.";
796;esprit;"Corps & Esprit";"Effet Purkinje";"À la tombée du jour, les rouges s'éteignent et les bleus se mettent à briller, alors que rien n'a changé dans le paysage.";
797;esprit;"Corps & Esprit";"Effet Pygmalion";"Désignez au hasard quelques élèves comme promis à des progrès : leurs résultats montent vraiment, parce que le maître les regarde autrement.";
798;esprit;"Corps & Esprit";"Effet Stroop";"Essayez de nommer la couleur du mot « ROUGE » écrit en vert : votre cerveau lit d'abord, et il ne vous demande pas votre avis.";
799;esprit;"Corps & Esprit";"Effet Tetris";"Des amnésiques incapables de se rappeler avoir joué rêvaient quand même, la nuit suivante, de pièces qui tombent.";
800;esprit;"Corps & Esprit";"Effet Troxler";"Fixez un point sans bouger les yeux : les couleurs autour s'effacent réellement, parce que votre vision jette ce qui ne change pas.";
801;esprit;"Corps & Esprit";"Effet Zeigarnik";"Les serveurs se rappellent parfaitement les commandes en cours et les oublient à la seconde où l'addition est payée.";
802;esprit;"Corps & Esprit";"Effet bouba/kiki";"Montrez une forme ronde et une forme pointue : sur presque toute la planète, la ronde s'appelle bouba et la pointue kiki.";
803;esprit;"Corps & Esprit";"Effet cocktail party";"Dans un brouhaha où vous ne comprenez plus rien, votre prénom prononcé à l'autre bout de la pièce vous parvient instantanément.";
804;esprit;"Corps & Esprit";"Effet consécutif de mouvement";"Fixez une cascade pendant une minute, puis regardez la roche : elle remonte sans bouger d'un millimètre.";
805;esprit;"Corps & Esprit";"Effet de désinformation";"Une question mal formulée après un accident suffit à ajouter des vitres brisées dans le souvenir de témoins parfaitement sincères.";
806;esprit;"Corps & Esprit";"Effet de leurre";"Ajoutez une option volontairement médiocre au menu et les clients basculent en masse vers celle que vous vouliez leur vendre.";
807;esprit;"Corps & Esprit";"Effet de première nuit";"La première nuit dans un lit inconnu, un hémisphère de votre cerveau dort moins profondément que l'autre, comme une sentinelle de garde.";
808;esprit;"Corps & Esprit";"Effet de simple exposition";"Vous préférez votre visage dans un miroir, vos proches vous préfèrent en photo : chacun aime la version qu'il voit le plus souvent.";
809;esprit;"Corps & Esprit";"Effet du projecteur";"Vous êtes convaincu que tout le monde a remarqué votre tache ou votre tee-shirt ridicule ; en réalité, deux fois moins de gens que vous ne le pensez.";
810;esprit;"Corps & Esprit";"Effet nocebo";"On peut développer des effets secondaires bien réels à partir de gélules de sucre, simplement parce qu'on vous a lu la liste des risques.";
811;esprit;"Corps & Esprit";"Effet placebo";"De fausses opérations du genou soulagent autant que les vraies, et des pilules annoncées comme placebos fonctionnent encore.";
812;esprit;"Corps & Esprit";"Effet stroboscopique";"En pleine lumière continue, une roue qui accélère semble tourner à l'envers : votre cerveau échantillonne le monde par saccades.";
813;esprit;"Corps & Esprit";"Elizabeth Loftus";"Des chercheurs ont implanté chez des adultes le souvenir détaillé et totalement faux de s'être perdus enfants dans un centre commercial.";
814;esprit;"Corps & Esprit";"Encéphalite léthargique";"Une épidémie des années 1920 a figé des milliers de gens pendant des décennies, jusqu'à ce qu'un médicament les réveille brièvement en 1969.";
815;esprit;"Corps & Esprit";"Encéphalite à anticorps anti-récepteurs NMDA";"Des jeunes gens internés pour psychose délirante souffraient en réalité d'une inflammation du cerveau, guérissable et longtemps invisible.";
816;esprit;"Corps & Esprit";"Ergotisme";"Un champignon du seigle a fait convulser et halluciner des villages entiers, et l'on soupçonne le pain d'avoir joué un rôle à Salem.";
817;esprit;"Corps & Esprit";"Expérience de Libet";"Votre cerveau prépare votre geste une fraction de seconde avant que vous ayez conscience de décider de le faire.";
818;esprit;"Corps & Esprit";"Expérience de Milgram";"Deux tiers des participants ordinaires ont accepté d'infliger une décharge qu'ils croyaient mortelle, simplement parce qu'un homme en blouse le leur demandait.";
819;esprit;"Corps & Esprit";"Expérience de Psammétique";"Un pharaon aurait fait élever deux nourrissons sans qu'on leur adresse jamais la parole, pour découvrir la langue originelle de l'humanité.";
820;esprit;"Corps & Esprit";"Expérience de Rosenhan";"Huit personnes en bonne santé se font interner en disant entendre un mot ; aucune n'est démasquée, et il leur faut des semaines pour ressortir.";
821;esprit;"Corps & Esprit";"Expérience de Schachter et Singer";"Injectez de l'adrénaline sans prévenir : la personne attribuera son cœur qui bat à la colère ou à la joie, selon l'humeur du voisin.";
822;esprit;"Corps & Esprit";"Expérience de Stanford";"Des étudiants tirés au sort comme gardiens sont devenus humiliants en quelques jours, et l'expérience a dû être arrêtée au bout de six.";
823;esprit;"Corps & Esprit";"Expérience de conformité d'Asch";"Face à sept complices affirmant qu'une ligne courte est la plus longue, une majorité de gens finit par le dire aussi.";
824;esprit;"Corps & Esprit";"Expérience de contagion émotionnelle sur Facebook";"En 2014, le réseau a manipulé le fil de 700 000 utilisateurs pour voir si leur humeur suivait : elle a suivi.";
825;esprit;"Corps & Esprit";"Expérience de la grotte des voleurs";"Deux groupes de garçons en colonie se sont détestés en quelques jours, puis réconciliés uniquement en réparant ensemble une panne d'eau.";
826;esprit;"Corps & Esprit";"Expérience de mort imminente";"Le cerveau de mourants a montré, juste après l'arrêt du cœur, une bouffée d'ondes gamma plus intense qu'à l'état éveillé.";
827;esprit;"Corps & Esprit";"Expérience de sortie du corps";"Stimuler une petite zone du cortex fait flotter le patient au plafond, à la demande, en pleine salle d'opération.";
828;esprit;"Corps & Esprit";"Expérience du pont suspendu";"Abordés au milieu d'un pont vertigineux, des hommes ont pris leur peur pour de l'attirance envers l'enquêtrice et l'ont rappelée bien plus souvent.";
829;esprit;"Corps & Esprit";"FeelSpace";"Portez six semaines une ceinture qui vibre toujours vers le nord, et vous finissez par sentir les points cardinaux comme un sens de plus.";
830;esprit;"Corps & Esprit";"Fibrodysplasie ossifiante progressive";"Chez ces patients, muscles et tendons se transforment en os : un second squelette pousse et verrouille peu à peu le corps.";
831;esprit;"Corps & Esprit";"Folie à deux";"Un délire peut se transmettre par simple cohabitation, et le second croyant guérit souvent en quelques jours si on sépare le couple.";
832;esprit;"Corps & Esprit";"Fœtus in fœtu";"Des chirurgiens ouvrent l'abdomen d'un enfant qui grossit anormalement et y trouvent son jumeau, arrêté au stade fœtal.";
833;esprit;"Corps & Esprit";"Gamme de Shepard";"Une gamme qui monte indéfiniment sans jamais devenir plus aiguë : l'escalier infini d'Escher, mais pour l'oreille.";
834;esprit;"Corps & Esprit";"Genie (enfant sauvage)";"Découverte à treize ans après une séquestration totale, elle a appris des centaines de mots mais jamais la grammaire.";
835;esprit;"Corps & Esprit";"Greffe de moelle osseuse";"Après la greffe, le sang du receveur porte l'ADN du donneur : de quoi égarer durablement une enquête criminelle.";
836;esprit;"Corps & Esprit";"Guugu Yimithirr";"Ses locuteurs ignorent la gauche et la droite : ils disent « ta jambe nord-est », et savent toujours où est le nord, même les yeux bandés.";
837;esprit;"Corps & Esprit";"Hallucination musicale";"En perdant l'audition, certaines personnes entendent en boucle un orchestre ou un cantique parfaitement net, que personne d'autre ne joue.";
838;esprit;"Corps & Esprit";"Hans Berger";"Il a inventé l'électroencéphalogramme en cherchant méthodiquement à prouver l'existence de la télépathie.";
839;esprit;"Corps & Esprit";"Harry Harlow";"Ses bébés singes préféraient s'accrocher à une mère en tissu qui ne les nourrissait pas plutôt qu'à une mère en fil de fer qui les nourrissait.";
840;esprit;"Corps & Esprit";"Henri Languille";"Un médecin a appelé son nom juste après la guillotine ; la tête aurait ouvert les yeux et fixé le sien, deux fois de suite.";
841;esprit;"Corps & Esprit";"Henry Molaison";"Après l'ablation de ses hippocampes, il a vécu cinquante-cinq ans dans un présent permanent, saluant chaque matin les mêmes médecins comme des inconnus.";
842;esprit;"Corps & Esprit";"Himba";"Ils repèrent en une seconde deux verts que vous confondriez, et cherchent longtemps le carré bleu au milieu des verts.";
843;esprit;"Corps & Esprit";"Hiver de la faim";"Les bébés conçus pendant la famine néerlandaise de 1944 portaient encore, soixante ans plus tard, des marques chimiques sur leur ADN.";
844;esprit;"Corps & Esprit";"Homme de Néandertal";"Chaque Européen porte environ 2 % d'ADN néandertalien, qui influence encore son sommeil, sa peau et sa sensibilité à la douleur.";
845;esprit;"Corps & Esprit";"Homoncule de Penfield";"Cartographier le cortex donne un petit bonhomme monstrueux, avec des mains et des lèvres gigantesques et un torse ridicule.";
846;esprit;"Corps & Esprit";"Horripilation";"La chair de poule sert à gonfler une fourrure que nous n'avons plus : c'est un réflexe devenu orphelin.";
847;esprit;"Corps & Esprit";"Hospitalisme";"Des nourrissons nourris et soignés mais jamais pris dans les bras dépérissaient dans les orphelinats, et l'on ne comprenait pas pourquoi.";
848;esprit;"Corps & Esprit";"Hydrocéphalie";"Un fonctionnaire français menant une vie normale avait un cerveau réduit à une fine pellicule, le crâne rempli de liquide.";
849;esprit;"Corps & Esprit";"Hyperthymésie";"Une poignée de personnes peuvent vous dire ce qu'elles ont mangé et quel temps il faisait n'importe quel jour de leur vie.";
850;esprit;"Corps & Esprit";"Hypertrichose";"Une pilosité qui recouvre tout le visage a valu à des familles entières plusieurs générations de carrière dans les foires.";
851;esprit;"Corps & Esprit";"Hypnose";"Des patients ont été opérés sans anesthésie chimique sous simple hypnose, et l'imagerie montre que leur cerveau traite bel et bien la douleur autrement.";
852;esprit;"Corps & Esprit";"Hypothèse de Sapir-Whorf";"Un pont est masculin en espagnol, féminin en allemand, et les locuteurs le décrivent spontanément solide ou élégant selon leur langue.";
853;esprit;"Corps & Esprit";"Hypothèse du feedback facial";"Un crayon entre les dents devait rendre les dessins plus drôles ; dix-sept laboratoires ont réessayé et n'ont rien retrouvé.";
854;esprit;"Corps & Esprit";"Héautoscopie";"Certains patients voient un double d'eux-mêmes debout à côté d'eux, et ne savent plus depuis quel corps ils regardent la scène.";
855;esprit;"Corps & Esprit";"Héminégligence";"Ces patients mangent la moitié droite de leur assiette, rasent la moitié droite de leur visage, et ne comprennent même pas la question quand on évoque l'autre moitié.";
856;esprit;"Corps & Esprit";"Hémisphérectomie";"Des enfants privés chirurgicalement d'un hémisphère entier réapprennent à parler et à marcher, la moitié restante reprenant patiemment le travail.";
857;esprit;"Corps & Esprit";"Ian Waterman";"À dix-neuf ans, il a perdu le sens de son propre corps ; il a réappris à marcher en se regardant marcher, et s'effondre dès qu'on éteint la lumière.";
858;esprit;"Corps & Esprit";"Ignace Semmelweis";"Il a divisé par dix la mortalité des accouchées en imposant le lavage des mains, et ses confrères l'ont fait interner.";
859;esprit;"Corps & Esprit";"Illusion d'échange de corps";"Avec deux caméras et des gestes synchronisés, vous pouvez vous serrer la main en étant persuadé d'habiter le corps d'en face.";
860;esprit;"Corps & Esprit";"Illusion de Müller-Lyer";"Deux traits égaux paraissent inégaux — sauf chez des peuples qui grandissent loin des angles droits et ne tombent pas dans le piège.";
861;esprit;"Corps & Esprit";"Illusion de Pinocchio";"En vibrant un tendon du bras pendant que vous vous tenez le nez, on peut vous donner la sensation nette que votre nez s'allonge.";
862;esprit;"Corps & Esprit";"Illusion de Thatcher";"Yeux et bouche retournés dans un visage à l'envers passent inaperçus ; redressez la photo, le monstre vous saute au visage.";
863;esprit;"Corps & Esprit";"Illusion de l'échiquier d'Adelson";"Deux cases d'un damier ont exactement la même teinte de gris, et vous ne parviendrez jamais à les voir identiques.";
864;esprit;"Corps & Esprit";"Illusion de la main en caoutchouc";"Quelques minutes de caresses synchronisées suffisent à faire adopter une main en plastique par votre cerveau, qui vous fait sursauter quand un marteau la frappe.";
865;esprit;"Corps & Esprit";"Illusion de la parole transformée en chant";"Répétez en boucle une phrase parlée : au dixième passage elle se met à chanter, et elle ne redeviendra plus jamais de la parole.";
866;esprit;"Corps & Esprit";"Illusion de profondeur explicative";"Expliquez en détail comment fonctionne une fermeture éclair ou une chasse d'eau : vous découvrirez en cours de route que vous n'en savez rien.";
867;esprit;"Corps & Esprit";"Illusion du lapin cutané";"Trois tapes au poignet puis trois au coude, et vous sentez des sauts réguliers le long d'un bras où rien ne vous a touché.";
868;esprit;"Corps & Esprit";"Illusion du masque creux";"Un masque vu de l'intérieur se bombe malgré vous ; certaines personnes schizophrènes, elles, voient le creux tel qu'il est.";
869;esprit;"Corps & Esprit";"Illusion du triton";"Deux notes montent pour un Anglais et descendent pour un Californien : votre langue maternelle décide du sens de la mélodie.";
870;esprit;"Corps & Esprit";"Illusion thermique de la grille";"Des barres tièdes alternées, chaudes et froides, posez la paume dessus : vous ressentez une brûlure qui n'existe pas.";
871;esprit;"Corps & Esprit";"Imagerie par résonance magnétique fonctionnelle";"Entraîné sur votre cerveau, un modèle peut reconstituer approximativement l'histoire que vous écoutez, ou celle que vous imaginez.";
872;esprit;"Corps & Esprit";"Insomnie fatale familiale";"Une mutation rend le sommeil littéralement impossible : les malades cessent de dormir et aucun somnifère ne parvient à les rendormir.";
873;esprit;"Corps & Esprit";"Iproniazide";"Des tuberculeux traités se sont mis à danser dans les couloirs de l'hôpital : le premier antidépresseur venait d'être trouvé par accident.";
874;esprit;"Corps & Esprit";"Isabelle Dinoire";"Première greffée du visage au monde, elle a dû réapprendre à sourire avec les muscles d'une autre femme.";
875;esprit;"Corps & Esprit";"Jamais-vu";"Répétez trente fois un mot familier : il se vide de son sens et devient une suite de sons étrangers.";
876;esprit;"Corps & Esprit";"James Harrison";"Son plasma contenait un anticorps si rare qu'en soixante ans de dons il a permis de sauver plus de deux millions de nouveau-nés.";
877;esprit;"Corps & Esprit";"Jean-Baptiste Denys";"Les toutes premières transfusions injectaient du sang d'agneau dans les veines humaines, et l'affaire s'est terminée devant un tribunal.";
878;esprit;"Corps & Esprit";"Jo Cameron";"Une mutation la prive de douleur et d'anxiété ; on a découvert son arthrose parce qu'elle ne réclamait aucun antalgique après l'opération.";
879;esprit;"Corps & Esprit";"Joseph Meister";"Enfant mordu par un chien enragé, il a reçu en 1885 un vaccin jamais essayé sur l'être humain, et il a survécu.";
880;esprit;"Corps & Esprit";"Joy Milne";"Elle sent l'odeur de la maladie de Parkinson sur les vêtements, des années avant que le moindre symptôme n'apparaisse.";
881;esprit;"Corps & Esprit";"Jumeau évanescent";"Beaucoup de grossesses commencent à deux ; un embryon disparaît, absorbé par l'autre, sans que personne ne le sache jamais.";
882;esprit;"Corps & Esprit";"Kenneth Parks";"Il a conduit vingt-trois kilomètres endormi et commis un crime dont il n'a aucun souvenir ; le tribunal l'a acquitté pour somnambulisme.";
883;esprit;"Corps & Esprit";"Kim Peek";"Né sans corps calleux, il lisait deux pages à la fois, une par œil, et connaissait par cœur près de douze mille livres.";
884;esprit;"Corps & Esprit";"Kinésie paradoxale";"Un parkinsonien figé sur place se met à courir si on lui lance une balle ou si la musique démarre.";
885;esprit;"Corps & Esprit";"Kuru";"Transmise par les rites funéraires d'un peuple de Nouvelle-Guinée, cette maladie a parfois mis cinquante ans à se déclarer chez ses porteurs.";
886;esprit;"Corps & Esprit";"Kétamine";"Un anesthésique de terrain des années 1960 lève certaines dépressions en quelques heures, là où les traitements classiques mettent des semaines.";
887;esprit;"Corps & Esprit";"LRP5";"Une famille dont les os sont si denses qu'aucun de ses membres ne s'est jamais rien cassé, accidents de voiture compris.";
888;esprit;"Corps & Esprit";"La robe";"Une photo de robe a coupé Internet en deux en 2015, chacun voyant sincèrement des couleurs opposées selon l'éclairage que son cerveau supposait.";
889;esprit;"Corps & Esprit";"Leonid Rogozov";"Seul médecin d'une base antarctique, il s'est opéré lui-même de l'appendicite, à demi couché, en s'aidant d'un miroir.";
890;esprit;"Corps & Esprit";"Lignes de Blaschko";"Votre peau est parcourue de rayures invisibles, tracées par la migration des cellules de l'embryon, que certaines maladies font soudain apparaître.";
891;esprit;"Corps & Esprit";"Lithium";"Un psychiatre australien a injecté de l'urine de patients à des cochons d'Inde et découvert, par un détour absurde, le premier régulateur de l'humeur.";
892;esprit;"Corps & Esprit";"Lithopédion";"Une grossesse hors de l'utérus peut se calcifier et rester des décennies dans l'abdomen : un enfant de pierre, parfois découvert à l'autopsie.";
893;esprit;"Corps & Esprit";"Lobotomie";"Un prix Nobel de médecine a récompensé en 1949 une opération que l'on pratiquerait bientôt au pic à glace, par l'orbite, en dix minutes.";
894;esprit;"Corps & Esprit";"Loi de Hofstadter";"Tout projet prend plus de temps que prévu, même quand on tient compte de la loi de Hofstadter.";
895;esprit;"Corps & Esprit";"Loi de Janet";"Chaque année compte pour une fraction de plus en plus petite de votre vie : voilà pourquoi les étés raccourcissent avec l'âge.";
896;esprit;"Corps & Esprit";"Louis Victor Leborgne";"Ce patient ne savait plus prononcer qu'une syllabe, « tan », et son cerveau conservé dans un bocal a fondé la neurologie du langage.";
897;esprit;"Corps & Esprit";"Mal de débarquement";"Après une croisière, certains passagers continuent de tanguer pendant des mois, en pleine terre ferme.";
898;esprit;"Corps & Esprit";"Maladie d'Urbach-Wiethe";"Une lésion des amygdales cérébrales a rendu une patiente incapable d'éprouver la peur : serpents, armes, maisons hantées, rien ne l'atteint.";
899;esprit;"Corps & Esprit";"Malariathérapie";"On a soigné la syphilis avancée en inoculant le paludisme, dont la fièvre tuait la bactérie : ce traitement a valu un prix Nobel.";
900;esprit;"Corps & Esprit";"Martin Pistorius";"Enfermé douze ans dans un corps inerte que tout le monde croyait vide, il entendait chaque conversation tenue autour de son lit.";
901;esprit;"Corps & Esprit";"Membre fantôme";"Des amputés sentent leur main disparue se crisper, et une simple boîte à miroirs suffit parfois à défaire la crampe.";
902;esprit;"Corps & Esprit";"Michel Siffre";"Enfermé sans montre dans une grotte pendant six mois, il en était au jour 179 alors qu'il croyait vivre le 151e.";
903;esprit;"Corps & Esprit";"Micro-sommeil";"Au volant, un cerveau épuisé peut s'éteindre deux secondes les yeux grands ouverts, sans que la personne en garde le moindre souvenir.";
904;esprit;"Corps & Esprit";"Microchimérisme fœtal";"Des cellules de vos enfants circulent encore dans votre corps des décennies après l'accouchement, et certaines s'installent dans votre cerveau.";
905;esprit;"Corps & Esprit";"Misophonie";"Le bruit de mastication d'un proche déclenche chez certaines personnes une bouffée de rage incontrôlable, avec une signature visible en imagerie cérébrale.";
906;esprit;"Corps & Esprit";"Moken";"Les enfants de ces nomades des mers voient net sous l'eau en contractant leur pupille, et n'importe quel enfant peut apprendre à le faire.";
907;esprit;"Corps & Esprit";"Monologue intérieur";"Une partie des adultes n'entend aucune voix dans sa tête et le découvre, stupéfaite, en apprenant que les autres s'y parlent en permanence.";
908;esprit;"Corps & Esprit";"Mot sur le bout de la langue";"Votre cerveau connaît la première lettre, le nombre de syllabes et le rythme du mot — tout, sauf le mot lui-même.";
909;esprit;"Corps & Esprit";"Muscle long palmaire";"Pincez pouce et auriculaire : le tendon qui saille au poignet manque chez une personne sur sept, sans la moindre conséquence.";
910;esprit;"Corps & Esprit";"Muscles auriculaires";"Les muscles qui font bouger les oreilles des chats sont encore là chez vous, et s'activent toujours quand un bruit vient de côté.";
911;esprit;"Corps & Esprit";"Myostatine";"Quelques enfants naissent avec deux fois plus de muscle que la normale parce qu'un unique gène freineur est en panne.";
912;esprit;"Corps & Esprit";"Mémoire dépendante du contexte";"Des plongeurs ayant appris une liste de mots sous l'eau la restituent mieux sous l'eau qu'à l'air libre.";
913;esprit;"Corps & Esprit";"Mémoire eidétique";"Quelques enfants décrivent une image retirée comme s'ils la voyaient encore devant eux, et perdent presque tous ce don à l'adolescence.";
914;esprit;"Corps & Esprit";"Méthode des loci";"Les champions de mémoire ne retiennent rien : ils déposent les cartes dans les pièces d'une maison imaginaire et vont les y chercher.";
915;esprit;"Corps & Esprit";"Méthode kangourou";"Posé peau contre peau sur sa mère, un grand prématuré règle sa température et son rythme cardiaque mieux qu'en couveuse.";
916;esprit;"Corps & Esprit";"NASA Twins Study";"Un an dans l'espace a modifié l'expression de milliers de gènes et allongé les télomères d'un astronaute, pas ceux de son jumeau resté au sol.";
917;esprit;"Corps & Esprit";"Nancy Wexler";"Pour trouver le gène de la maladie qui tuait sa mère, elle a dressé l'arbre généalogique de 18 000 villageois d'un lac vénézuélien.";
918;esprit;"Corps & Esprit";"Narcolepsie";"Un fou rire ou une bonne nouvelle suffit à couper les muscles de ces personnes, qui s'effondrent en restant parfaitement conscientes.";
919;esprit;"Corps & Esprit";"Neil Harbisson";"Né sans perception des couleurs, il porte une antenne implantée dans le crâne qui les convertit en notes : il entend le rouge.";
920;esprit;"Corps & Esprit";"Nerf laryngé récurrent";"Ce nerf contourne absurdement le cœur avant de remonter à la gorge ; chez la girafe, il parcourt plus de quatre mètres pour rien.";
921;esprit;"Corps & Esprit";"Neurogenèse";"En mesurant le carbone 14 des essais nucléaires piégé dans l'ADN, on a montré que les neurones de votre cortex ont exactement votre âge.";
922;esprit;"Corps & Esprit";"Neurone de la grand-mère";"Chez des patients épileptiques, un unique neurone ne réagissait qu'à Jennifer Aniston : sa photo, son nom écrit, sa voix.";
923;esprit;"Corps & Esprit";"Oreille absolue";"Cette capacité rarissime est bien plus fréquente chez les locuteurs de langues tonales, comme si la langue maternelle accordait l'oreille dès l'enfance.";
924;esprit;"Corps & Esprit";"Orlando Serrell";"Frappé par une balle de baseball à dix ans, il est devenu capable de dire le temps qu'il faisait chaque jour depuis l'accident.";
925;esprit;"Corps & Esprit";"Ostéo-odonto-kératoprothèse";"Pour rendre la vue, des chirurgiens taillent une dent du patient, y logent une lentille et implantent le tout dans son œil.";
926;esprit;"Corps & Esprit";"Otto Loewi";"L'expérience qui a prouvé la transmission chimique entre neurones lui est apparue en rêve, deux nuits de suite, et lui a valu le Nobel.";
927;esprit;"Corps & Esprit";"Paradigme de Deese-Roediger-McDermott";"Lisez « lit, oreiller, nuit, rêve » : vous jurerez ensuite avoir vu le mot « sommeil », qui n'était pas dans la liste.";
928;esprit;"Corps & Esprit";"Paradoxe du choix";"Vingt-quatre confitures sur un stand attirent plus de monde que six, mais dix fois moins d'acheteurs.";
929;esprit;"Corps & Esprit";"Paralysie du sommeil";"Le corps reste verrouillé quelques secondes après le réveil, et le cerveau meuble ce vide en installant une présence assise au bord du lit.";
930;esprit;"Corps & Esprit";"Paréidolie";"Votre cerveau consacre une région entière aux visages, ce qui vous en fait voir dans les prises électriques, les nuages et les calandres de voiture.";
931;esprit;"Corps & Esprit";"Petit Albert";"En 1920, des chercheurs ont appris à un bébé à craindre un rat blanc, puis tout ce qui était blanc et poilu, manteau de fourrure compris.";
932;esprit;"Corps & Esprit";"Phinéas Gage";"Une barre de fer lui a traversé le crâne. Il a survécu, mais ce n'était plus le même homme.";
933;esprit;"Corps & Esprit";"Phonagnosie";"Certaines personnes ne reconnaîtront jamais leur mère au téléphone : les voix leur sont aussi indiscernables que les couleurs à un daltonien.";
934;esprit;"Corps & Esprit";"Phosphène";"Frottez vos yeux fermés : les taches lumineuses que vous voyez sont vos neurones excités par la pression, pas de la lumière.";
935;esprit;"Corps & Esprit";"Phénomène de Baader-Meinhof";"Le jour où vous apprenez un mot rare, vous le croisez partout : rien n'a changé, sauf le filtre de votre attention.";
936;esprit;"Corps & Esprit";"Phénomène entoptique du champ bleu";"Levez les yeux vers un ciel bleu : les petits points lumineux qui filent sont vos propres globules blancs dans les capillaires de la rétine.";
937;esprit;"Corps & Esprit";"Phénylthiocarbamide";"Découverte par accident en 1931, cette molécule a un goût atroce pour environ 70 % des gens et absolument aucun goût pour les autres.";
938;esprit;"Corps & Esprit";"Pic de réminiscence";"Passé quarante ans, vos souvenirs les plus nets viennent presque tous de la même tranche : vos quinze à vingt-cinq ans.";
939;esprit;"Corps & Esprit";"Point aveugle";"Chaque œil a un trou dans son champ visuel, et votre cerveau le rebouche en inventant purement et simplement le motif manquant.";
940;esprit;"Corps & Esprit";"Poivre de Sichuan";"Le picotement des lèvres correspond exactement à une vibration de cinquante hertz : la molécule pirate vos récepteurs du toucher.";
941;esprit;"Corps & Esprit";"Porphyrie";"Peau qui brûle au soleil, gencives rétractées, urines rouge sombre : cette maladie a peut-être nourri la légende des vampires.";
942;esprit;"Corps & Esprit";"Poto and Cabengo";"Deux jumelles californiennes parlaient couramment, à toute vitesse, une langue qu'elles avaient inventée à deux et que personne d'autre ne comprenait.";
943;esprit;"Corps & Esprit";"Problème de Molyneux";"Des aveugles de naissance opérés à l'âge adulte ont vu le monde sans reconnaître, au premier regard, le cube qu'ils identifiaient au toucher.";
944;esprit;"Corps & Esprit";"Progéria";"Ces enfants vieillissent environ huit fois plus vite que la normale et possèdent, à dix ans, les artères d'un octogénaire.";
945;esprit;"Corps & Esprit";"Prosopagnosie";"Ne plus reconnaître aucun visage, y compris le sien.";
946;esprit;"Corps & Esprit";"Prosopométamorphopsie";"De rares patients voient tous les visages réels se déformer en masques démoniaques, mais retrouvent des traits normaux sur un écran ou une photo.";
947;esprit;"Corps & Esprit";"Protocole de Milwaukee";"Une adolescente a survécu à une rage déclarée après avoir été plongée en coma artificiel, alors que la maladie était réputée sans exception fatale.";
948;esprit;"Corps & Esprit";"Protoxyde d'azote";"Le gaz hilarant a servi vingt ans d'attraction de foire avant que quiconque n'ait l'idée de s'en servir pour ne pas souffrir.";
949;esprit;"Corps & Esprit";"Pétrichor";"Votre nez détecte la molécule de l'odeur de pluie à quelques parties par billion, mieux qu'un requin ne détecte le sang.";
950;esprit;"Corps & Esprit";"Randy Gardner";"Un lycéen est resté éveillé onze jours en 1964, hallucinant et paranoïaque, et jurait ensuite que sa mémoire ne s'en était jamais remise.";
951;esprit;"Corps & Esprit";"René Laennec";"Gêné de coller son oreille contre la poitrine d'une jeune patiente, il a roulé un cahier en tube : le stéthoscope était né.";
952;esprit;"Corps & Esprit";"Rhnull";"Moins de cinquante personnes au monde ont ce « sang doré » compatible avec presque tous — et introuvable le jour où elles en ont besoin.";
953;esprit;"Corps & Esprit";"Rifampicine";"Cet antibiotique colore en orange vif l'urine, la sueur et les larmes, et tache les lentilles de contact pour de bon.";
954;esprit;"Corps & Esprit";"Robert White";"Il a transplanté la tête d'un singe sur le corps d'un autre : l'animal suivait des yeux et tentait de mordre.";
955;esprit;"Corps & Esprit";"Rougissement";"L'être humain est le seul animal qui rougit, et il rougit exactement au moment où il voudrait passer inaperçu.";
956;esprit;"Corps & Esprit";"Réflexe d'immersion";"Plongez simplement le visage dans l'eau froide : votre cœur ralentit aussitôt, réflexe hérité que vous partagez avec les phoques.";
957;esprit;"Corps & Esprit";"Réflexe photo-sternutatoire";"Près d'un humain sur quatre éternue en passant brusquement à la lumière vive, à cause d'un simple croisement de nerfs.";
958;esprit;"Corps & Esprit";"Réveil peropératoire";"Une poignée d'opérés reprennent conscience pendant l'intervention, immobilisés par le curare et sans aucun moyen de le signaler.";
959;esprit;"Corps & Esprit";"Rêve lucide";"Des dormeurs ont résolu des calculs et répondu à des questions depuis l'intérieur de leur rêve, en bougeant les yeux selon un code convenu.";
960;esprit;"Corps & Esprit";"Saccade oculaire";"Regardez vos yeux dans un miroir en passant de l'un à l'autre : vous ne verrez jamais vos yeux bouger, le cerveau coupe l'image.";
961;esprit;"Corps & Esprit";"Santorio Santorio";"Il a passé trente ans à vivre sur une balance géante pour peser tout ce qu'il mangeait et tout ce qu'il excrétait.";
962;esprit;"Corps & Esprit";"Satiation sémantique";"Répétez trente fois un mot familier : il se vide de son sens et devient une suite de sons étrangers.";
963;esprit;"Corps & Esprit";"Sauteurs français du Maine";"Ces bûcherons sursautaient si violemment qu'ils exécutaient instantanément n'importe quel ordre crié derrière eux, même le plus absurde.";
964;esprit;"Corps & Esprit";"Secousse hypnique";"Cette sensation de chute qui vous réveille au moment de vous endormir touche presque tout le monde et reste inexpliquée.";
965;esprit;"Corps & Esprit";"Shakuntala Devi";"Elle a multiplié de tête deux nombres de treize chiffres en vingt-huit secondes, réponse énoncée comprise.";
966;esprit;"Corps & Esprit";"Signe de Lazare";"Chez des patients en mort cérébrale, les bras se lèvent parfois et se croisent sur la poitrine, par pur réflexe de la moelle.";
967;esprit;"Corps & Esprit";"Sildénafil";"Testé contre l'angine de poitrine, il échouait — mais les volontaires refusaient obstinément de rendre les comprimés restants.";
968;esprit;"Corps & Esprit";"Sinus préauriculaire";"Ce petit trou devant l'oreille que certains ont depuis toujours est un reliquat des arcs branchiaux de l'embryon.";
969;esprit;"Corps & Esprit";"Solomon Chereshevski";"Ce journaliste retenait des tableaux de chiffres entiers pendant quinze ans sans le moindre effort, et a dû apprendre des techniques pour arriver à oublier.";
970;esprit;"Corps & Esprit";"Somatoparaphrénie";"Certains patients affirment très calmement que le bras posé dans leur lit appartient à leur frère, ou à l'infirmière de garde.";
971;esprit;"Corps & Esprit";"Sommeil biphasique";"Avant l'éclairage artificiel, on dormait en deux fois, avec une heure d'éveil au milieu de la nuit pour prier, parler ou aimer.";
972;esprit;"Corps & Esprit";"Sourire de Duchenne";"Un vrai sourire plisse autour de l'œil un muscle que presque personne ne sait contracter volontairement, d'où les photos qui sonnent faux.";
973;esprit;"Corps & Esprit";"Souvenir-flash";"Vous êtes certain de vous rappeler exactement où vous étiez ce jour-là ; les études montrent que ce souvenir très vif est souvent faux.";
974;esprit;"Corps & Esprit";"Stimulation cérébrale profonde";"Un fil bien placé arrête un tremblement en une seconde ; déplacé de deux millimètres, il déclenche un fou rire ou des larmes.";
975;esprit;"Corps & Esprit";"Stimulation magnétique transcrânienne";"Une bobine posée sur le crâne coupe la parole en pleine phrase, sans douleur ni contact, et la rend aussitôt après.";
976;esprit;"Corps & Esprit";"Stubbins Ffirth";"Pour prouver que la fièvre jaune n'était pas contagieuse, il s'est badigeonné du vomi de malades : il avait tort et a survécu par chance.";
977;esprit;"Corps & Esprit";"Superfécondation hétéroparentale";"Des jumeaux peuvent naître le même jour de la même mère et avoir deux pères différents.";
978;esprit;"Corps & Esprit";"Syndrome d'Alice au pays des merveilles";"Chez certains enfants, les objets et leur propre corps se mettent à enfler ou à rétrécir, souvent juste avant une migraine.";
979;esprit;"Corps & Esprit";"Syndrome d'Anton-Babinski";"Devenus totalement aveugles, ils décrivent la pièce avec assurance, se cognent aux meubles et attribuent la chute à leur maladresse.";
980;esprit;"Corps & Esprit";"Syndrome d'Ondine";"Ces personnes doivent penser à respirer : dès qu'elles s'endorment, la respiration s'arrête.";
981;esprit;"Corps & Esprit";"Syndrome d'enfermement";"Paralysé jusqu'à la bouche, un rédacteur en chef a dicté un livre entier en clignant de la paupière gauche, lettre par lettre.";
982;esprit;"Corps & Esprit";"Syndrome de Balint";"Ces patients ne perçoivent qu'un seul objet à la fois : la fourchette disparaît de leur monde dès qu'ils regardent l'assiette.";
983;esprit;"Corps & Esprit";"Syndrome de Capgras";"Le patient reconnaît parfaitement le visage de sa femme, mais reste convaincu qu'un imposteur rigoureusement identique a pris sa place.";
984;esprit;"Corps & Esprit";"Syndrome de Charles Bonnet";"En perdant la vue, des personnes voient apparaître de minuscules personnages en costume, des murs de briques ou des visages déformés, tout en sachant que rien n'est là.";
985;esprit;"Corps & Esprit";"Syndrome de Cotard";"Le patient est convaincu d'être mort.";
986;esprit;"Corps & Esprit";"Syndrome de Fregoli";"Ici c'est l'inverse : le patient croit reconnaître une seule et même personne déguisée derrière tous les inconnus qu'il croise dans la rue.";
987;esprit;"Corps & Esprit";"Syndrome de Ganser";"Interrogés, ces patients répondent systématiquement à côté avec le plus grand sérieux : deux plus deux font cinq, un cheval a cinq pattes.";
988;esprit;"Corps & Esprit";"Syndrome de Gerstmann";"Une lésion minuscule fait perdre d'un coup le calcul, l'écriture, la gauche et la droite, et le nom de ses propres doigts.";
989;esprit;"Corps & Esprit";"Syndrome de Jérusalem";"Des touristes sans aucun antécédent psychiatrique se drapent dans des draps d'hôtel et se mettent à prêcher, puis redeviennent normaux une fois rentrés.";
990;esprit;"Corps & Esprit";"Syndrome de Kleine-Levin";"Des adolescents dorment vingt heures par jour pendant des semaines, se réveillent affamés et hébétés, puis redeviennent parfaitement normaux pendant des mois.";
991;esprit;"Corps & Esprit";"Syndrome de Klüver-Bucy";"Léser certaines zones du lobe temporal supprime la peur et pousse à porter à la bouche absolument tout ce qui passe à portée.";
992;esprit;"Corps & Esprit";"Syndrome de Korsakoff";"Privé de vitamine B1, le cerveau comble les trous de mémoire en fabriquant des souvenirs entiers, que le patient raconte avec une sincérité totale.";
993;esprit;"Corps & Esprit";"Syndrome de La Havane";"Des diplomates ont décrit un son dirigé et des troubles durables ; aucune enquête n'a jamais trouvé d'arme.";
994;esprit;"Corps & Esprit";"Syndrome de Laron";"Une population équatorienne de très petite taille ne développe presque jamais ni cancer ni diabète, et cela intrigue les chercheurs depuis quarante ans.";
995;esprit;"Corps & Esprit";"Syndrome de Moebius";"Ces personnes naissent avec un visage immobile : elles peuvent être heureuses toute leur vie sans jamais pouvoir sourire.";
996;esprit;"Corps & Esprit";"Syndrome de Smith-Magenis";"Leur horloge est inversée : la mélatonine se déverse en plein jour et les laisse parfaitement éveillées la nuit.";
997;esprit;"Corps & Esprit";"Syndrome de Stendhal";"Devant trop de beauté, des visiteurs de Florence sont pris de vertiges et de palpitations, au point qu'un hôpital en tient les statistiques.";
998;esprit;"Corps & Esprit";"Syndrome de Stockholm";"Le terme a été forgé par un psychiatre après un hold-up suédois, sans aucune étude, et les otages ont toujours contesté sa version.";
999;esprit;"Corps & Esprit";"Syndrome de Williams";"Ces enfants n'éprouvent aucune méfiance envers les inconnus, adorent la musique et les visages, et il leur manque un fragment de chromosome 7.";
1000;esprit;"Corps & Esprit";"Syndrome de dysrégulation dopaminergique";"Des traitements de Parkinson transforment certains patients en joueurs compulsifs, jusqu'au jour où l'on baisse la dose.";
1001;esprit;"Corps & Esprit";"Syndrome de fermentation intestinale";"Des levures installées dans l'intestin transforment les féculents en alcool : on est ivre sans avoir bu, parfois jusqu'à l'arrestation au volant.";
1002;esprit;"Corps & Esprit";"Syndrome de l'accent étranger";"Après un AVC, des gens se réveillent en parlant leur langue maternelle avec ce que tout le monde prend pour un accent norvégien ou chinois.";
1003;esprit;"Corps & Esprit";"Syndrome de la bouche de pin";"Quelques pignons suffisent à laisser un goût de métal amer sur tout ce que vous mangez, parfois pendant deux semaines.";
1004;esprit;"Corps & Esprit";"Syndrome de la main étrangère";"Une main qui agit contre la volonté de son propriétaire, et parfois contre l'autre main.";
1005;esprit;"Corps & Esprit";"Syndrome de la personne raide";"Le corps se fige comme du bois et le moindre bruit inattendu déclenche des spasmes capables de casser un os.";
1006;esprit;"Corps & Esprit";"Syndrome de la tête qui explose";"Au moment de s'endormir, certains entendent une détonation assourdissante qui n'existe pas et ne cause absolument aucun dommage.";
1007;esprit;"Corps & Esprit";"Syndrome de takotsubo";"Un chagrin violent peut déformer le ventricule gauche en forme de piège à poulpe et imiter parfaitement l'infarctus.";
1008;esprit;"Corps & Esprit";"Syndrome du savant";"Des personnes lourdement handicapées récitent des annuaires, rejouent un concerto après une seule écoute, ou donnent le jour de la semaine de n'importe quelle date.";
1009;esprit;"Corps & Esprit";"Syndrome du savant acquis";"Après un choc à la tête, quelques personnes se sont découvertes pianistes ou géomètres du jour au lendemain, sans jamais l'avoir appris.";
1010;esprit;"Corps & Esprit";"Syndrome familial d'avance de phase du sommeil";"Des familles entières s'endorment à 19 h 30 et se réveillent à 3 h du matin, par mutation d'un seul gène d'horloge.";
1011;esprit;"Corps & Esprit";"Syndrome hypernycthéméral";"Chez certaines personnes aveugles, l'horloge interne tourne en vingt-quatre heures et demie et décale le sommeil un peu plus chaque jour.";
1012;esprit;"Corps & Esprit";"Synesthésie";"Pour certains, le mardi est vert, le chiffre sept sent l'essence, et le prénom d'un ami a un goût précis en bouche.";
1013;esprit;"Corps & Esprit";"Synesthésie miroir-toucher";"Une minorité de gens ressentent physiquement, sur leur propre peau, la caresse ou le coup qu'ils voient donner à quelqu'un d'autre.";
1014;esprit;"Corps & Esprit";"Synsepalum dulcificum";"Une baie ouest-africaine reprogramme vos papilles pendant une heure : mordre un citron devient boire de la limonade.";
1015;esprit;"Corps & Esprit";"Système glymphatique";"Pendant votre sommeil, les cellules du cerveau se rétractent et laissent un liquide le rincer de ses déchets de la journée.";
1016;esprit;"Corps & Esprit";"Système nerveux entérique";"Votre intestin abrite des centaines de millions de neurones et continue de fonctionner même détaché de toute connexion avec le cerveau.";
1017;esprit;"Corps & Esprit";"Tachypsychie";"Dans un accident, tout ralentit — mais les expériences en chute libre montrent qu'on ne voit pas plus d'images, on en mémorise seulement davantage.";
1018;esprit;"Corps & Esprit";"Test de Sally et Anne";"Avant quatre ans, un enfant ne peut pas imaginer qu'un autre croie une chose fausse : il vous répond ce que lui sait.";
1019;esprit;"Corps & Esprit";"Test de Wada";"On endort une moitié de cerveau à la fois : le patient reste éveillé, perd la parole quelques minutes, puis la retrouve.";
1020;esprit;"Corps & Esprit";"Test du marshmallow";"Les enfants capables d'attendre réussissaient mieux plus tard — jusqu'à ce que les réplications montrent que c'était surtout le milieu social.";
1021;esprit;"Corps & Esprit";"Test du miroir";"Posez discrètement une marque sur le front d'un bébé : avant dix-huit mois, il la cherche sur le reflet, pas sur lui.";
1022;esprit;"Corps & Esprit";"The Knowledge";"Apprendre par cœur les 25 000 rues de Londres fait grossir, de façon mesurable, l'arrière de l'hippocampe des chauffeurs de taxi.";
1023;esprit;"Corps & Esprit";"Three Identical Strangers";"Trois frères identiques placés dans trois familles se sont découverts par hasard à dix-neuf ans ; l'étude qui les avait séparés reste scellée.";
1024;esprit;"Corps & Esprit";"Timothy Ray Brown";"Guéri du VIH par une greffe de moelle prélevée sur un donneur porteur de la mutation qui verrouille la porte du virus.";
1025;esprit;"Corps & Esprit";"Toxines de Coley";"À la fin du XIXe siècle, un chirurgien new-yorkais a fait fondre des tumeurs en injectant volontairement des bactéries à ses patients.";
1026;esprit;"Corps & Esprit";"Toxoplasma gondii";"Ce parasite pousse les rongeurs infectés à être attirés par l'odeur du chat, afin de terminer son cycle dans l'intestin du prédateur.";
1027;esprit;"Corps & Esprit";"Transplantation de microbiote fécal";"Une perfusion de selles d'un donneur sain guérit en un jour des infections intestinales que plus aucun antibiotique ne maîtrise.";
1028;esprit;"Corps & Esprit";"Trouble dissociatif de l'identité";"Des cas documentés rapportent des changements mesurables d'une identité à l'autre : besoin de lunettes différentes, allergies qui apparaissent puis disparaissent.";
1029;esprit;"Corps & Esprit";"Trouble du comportement en sommeil paradoxal";"Chez ces dormeurs, le verrou musculaire ne fonctionne plus : ils vivent physiquement leurs rêves, et cela annonce souvent Parkinson quinze ans à l'avance.";
1030;esprit;"Corps & Esprit";"Trépanation";"Des crânes vieux de sept mille ans portent des trous aux bords cicatrisés : les patients ont survécu, et certains ont été réopérés plusieurs fois.";
1031;esprit;"Corps & Esprit";"Tsimané";"Ces Amazoniens ont les artères les plus propres jamais mesurées : à 80 ans, leur cœur en paraît vingt de moins.";
1032;esprit;"Corps & Esprit";"Tétrachromatie";"Quelques femmes possèdent un quatrième type de cône rétinien et distinguent des nuances que le reste de l'humanité confond tranquillement.";
1033;esprit;"Corps & Esprit";"Ugo Cerletti";"L'idée de l'électrochoc lui est venue en regardant des cochons étourdis au courant électrique dans un abattoir romain.";
1034;esprit;"Corps & Esprit";"Victor de l'Aveyron";"Trouvé nu dans les bois en 1800, il a appris à reconnaître des lettres et à s'habiller, jamais à parler.";
1035;esprit;"Corps & Esprit";"Vision aveugle";"Des gens aveugles qui évitent les obstacles sans savoir qu'ils les voient.";
1036;esprit;"Corps & Esprit";"Warfarine";"Le raticide qui faisait saigner les rats est devenu l'anticoagulant le plus prescrit du monde, prescrit jusqu'à un président américain.";
1037;esprit;"Corps & Esprit";"Werner Forssmann";"Un jeune interne s'est enfoncé un cathéter dans une veine du bras jusqu'au cœur, puis est monté à pied en radiologie photographier le résultat.";
1038;esprit;"Corps & Esprit";"Wilder Penfield";"En stimulant le cerveau d'opérés conscients, il déclenchait des scènes entières : un orchestre qui joue, une mère qui appelle dans la rue.";
1039;esprit;"Corps & Esprit";"Wim Klein";"Calculateur mental du CERN, il extrayait des racines soixante-treizièmes de nombres de cinq cents chiffres plus vite que les premiers ordinateurs.";
1040;esprit;"Corps & Esprit";"Xeroderma pigmentosum";"Ces « enfants de la lune » développent des cancers de la peau au moindre rayon de soleil et vivent la nuit.";
1041;esprit;"Corps & Esprit";"Xénotransplantation";"Un homme a vécu deux mois avec, dans la poitrine, un cœur de porc génétiquement modifié.";
1042;esprit;"Corps & Esprit";"Yanny ou Laurel";"Un unique fichier sonore fait entendre deux mots différents selon l'auditeur, et l'on peut basculer de l'un à l'autre à volonté.";
1043;esprit;"Corps & Esprit";"Zolpidem";"Ce somnifère réveille parfois, pour quelques heures, des patients en état végétatif qui se remettent à parler et à reconnaître leurs proches.";
1044;esprit;"Corps & Esprit";"Écholocalisation humaine";"Certains aveugles claquent la langue et perçoivent les murs, les arbres, une porte ouverte : leur cortex visuel s'allume à chaque écho.";
1045;esprit;"Corps & Esprit";"Étude des jumeaux du Minnesota";"Deux jumeaux séparés à la naissance se retrouvent à trente-neuf ans : même prénom d'épouse, même chien nommé Toy, mêmes migraines à la même heure.";
1046;histoire;"Histoire oubliée";"Acali";"En 1973, un anthropologue a embarqué onze inconnus sur un radeau pendant trois mois pour observer la violence et la sexualité; il ne s'est presque rien passé.";
1047;histoire;"Histoire oubliée";"Accident nucléaire de Goldsboro";"Une bombe larguée par accident sur la Caroline du Nord en 1961 avait franchi cinq des six sécurités qui devaient l'empêcher d'exploser.";
1048;histoire;"Histoire oubliée";"Accident nucléaire de Palomares";"Quatre bombes H sont tombées sur un village espagnol en 1966, et un ambassadeur américain s'est baigné devant les photographes pour rassurer les touristes.";
1049;histoire;"Histoire oubliée";"Achat de l'Alaska";"Les États-Unis ont acheté l'Alaska pour quelques centimes l'hectare, et la presse s'est moquée de cette « glacière » pendant des années.";
1050;histoire;"Histoire oubliée";"Acoustic Kitty";"La CIA a dépensé des millions pour câbler un chat espion, relâché près d'un parc de Washington et écrasé par un taxi lors de sa première mission.";
1051;histoire;"Histoire oubliée";"Affaire Dreyfus";"La preuve de l'innocence de Dreyfus dormait dans un dossier depuis des années, et l'état-major a préféré fabriquer de nouveaux faux.";
1052;histoire;"Histoire oubliée";"Affaire Tichborne";"Un boucher australien s'est présenté comme l'héritier disparu d'une famille noble, sa mère l'a reconnu, et le plus long procès du siècle a ruiné tout le monde.";
1053;histoire;"Histoire oubliée";"Affaire du collier de la reine";"Une escroquerie autour d'un collier de diamants que Marie-Antoinette n'avait jamais commandé a détruit sa réputation, puis contribué à emporter la monarchie.";
1054;histoire;"Histoire oubliée";"Alexandre Selkirk";"Il a demandé lui-même à être laissé sur une île déserte, et y est resté quatre ans et quatre mois.";
1055;histoire;"Histoire oubliée";"Alfred Nobel";"Un journal a publié sa nécrologie par erreur en le traitant de marchand de mort, et il a créé ses prix pour changer cela.";
1056;histoire;"Histoire oubliée";"Alicorne";"Les cours royales payaient une fortune pour des cornes de licorne qui étaient en réalité des défenses de narval.";
1057;histoire;"Histoire oubliée";"Ambassade Macartney";"Le premier ambassadeur britannique en Chine a refusé de se prosterner neuf fois devant l'empereur, qui a répondu que l'Angleterre n'avait rien qui l'intéresse.";
1058;histoire;"Histoire oubliée";"Andorre";"Oubliée du traité de Versailles, la principauté est restée techniquement en guerre avec l'Allemagne jusqu'à un accord signé en 1958.";
1059;histoire;"Histoire oubliée";"Anna Anderson";"Pendant soixante ans elle a convaincu le monde d'être la grande-duchesse Anastasia ; l'ADN a révélé après sa mort qu'elle était une ouvrière polonaise.";
1060;histoire;"Histoire oubliée";"Atlantropa";"Un architecte allemand a sérieusement proposé de barrer Gibraltar pour abaisser la Méditerranée de deux cents mètres et gagner des terres agricoles.";
1061;histoire;"Histoire oubliée";"Auto-icône de Jeremy Bentham";"Un philosophe a exigé que son corps soit conservé habillé dans une vitrine, et il assiste toujours aux conseils de son université.";
1062;histoire;"Histoire oubliée";"Baarle-Hertog";"La frontière belgo-néerlandaise traverse des maisons et des cafés, et l'emplacement d'une porte d'entrée décide dans quel pays vous habitez.";
1063;histoire;"Histoire oubliée";"Bal des ardents";"Le roi de France a failli brûler vif pendant un bal costumé en 1393, sauvé par une duchesse qui l'a couvert de sa robe.";
1064;histoire;"Histoire oubliée";"Ballon Fu-Go";"Le Japon a lâché neuf mille ballons incendiaires par-dessus le Pacifique, et l'un d'eux a tué six pique-niqueurs en Oregon.";
1065;histoire;"Histoire oubliée";"Bataille de Karánsebes";"L'armée autrichienne se serait battue contre elle-même une nuit de 1788 après une dispute d'ivrognes sur un tonneau d'eau-de-vie.";
1066;histoire;"Histoire oubliée";"Bataille de Kiska";"Les Alliés ont débarqué trente-cinq mille hommes sur une île que les Japonais avaient évacuée, et ont fait une centaine de victimes en se tirant dessus.";
1067;histoire;"Histoire oubliée";"Bataille de Los Angeles";"Dans la nuit du 25 février 1942, la ville a tiré environ mille quatre cents obus antiaériens sur un ennemi qui n'a jamais été identifié.";
1068;histoire;"Histoire oubliée";"Bataille de Tannenberg (1914)";"Les Russes transmettaient leurs ordres par radio en clair, et les Allemands ont gagné en écoutant simplement leurs messages.";
1069;histoire;"Histoire oubliée";"Batavia (navire)";"Après le naufrage, un apothicaire a pris le pouvoir sur les survivants et organisé le massacre méthodique de plus de cent d'entre eux.";
1070;histoire;"Histoire oubliée";"Baychimo";"Un cargo abandonné dans les glaces en 1931 a été aperçu à la dérive pendant trente-huit ans, sans que personne parvienne jamais à le récupérer.";
1071;histoire;"Histoire oubliée";"Benoît IX";"Un pape a occupé trois fois le trône de saint Pierre et a fini par vendre sa charge à son parrain pour pouvoir se marier.";
1072;histoire;"Histoire oubliée";"Bibliothèque d'Alexandrie";"Elle n'a pas brûlé en une nuit : elle s'est éteinte lentement, par coupes budgétaires et expulsions de savants.";
1073;histoire;"Histoire oubliée";"Bir Tawil";"Ce territoire entre l'Égypte et le Soudan est refusé par les deux pays, parce que le revendiquer ferait perdre une région bien plus grande.";
1074;histoire;"Histoire oubliée";"Bob Denard";"Un mercenaire français a renversé quatre fois le gouvernement des Comores, dont une fois en débarquant d'un chalutier avec une trentaine d'hommes.";
1075;histoire;"Histoire oubliée";"Bombe de Tybee Island";"Une bombe atomique perdue au large de la Géorgie en 1958 n'a jamais été retrouvée et repose probablement encore dans la vase.";
1076;histoire;"Histoire oubliée";"Bombe à chauves-souris";"L'armée américaine voulait larguer un million de chauves-souris porteuses de bombes incendiaires; les cobayes se sont échappés et ont incendié la base d'essai.";
1077;histoire;"Histoire oubliée";"Brouillard mortel de la vallée de la Meuse";"Un brouillard industriel a tué soixante personnes en trois jours dans une vallée belge, annonçant les grands smogs meurtriers.";
1078;histoire;"Histoire oubliée";"Brun de momie";"Les peintres européens ont broyé de véritables momies égyptiennes pour obtenir un pigment brun, jusqu'au début du vingtième siècle.";
1079;histoire;"Histoire oubliée";"Bulle des mers du Sud";"Newton a perdu une fortune dans cette spéculation et aurait dit qu'il savait calculer les astres, pas la folie des hommes.";
1080;histoire;"Histoire oubliée";"Burke et Hare";"Deux Irlandais d'Édimbourg ont trouvé plus simple d'étouffer seize personnes que de déterrer des cadavres pour les livrer à l'anatomiste Knox.";
1081;histoire;"Histoire oubliée";"Bête du Gévaudan";"Elle a tué plus de cent personnes en trois ans, mobilisé les dragons du roi, et personne ne sait toujours ce que c'était.";
1082;histoire;"Histoire oubliée";"Calendrier grégorien";"En octobre 1582, les catholiques se sont couchés le jeudi 4 et réveillés le vendredi 15; dix jours n'ont jamais existé.";
1083;histoire;"Histoire oubliée";"Calendrier républicain";"La France a vécu treize ans avec des semaines de dix jours et des mois nommés brumaire ou thermidor, avant que Napoléon n'y renonce.";
1084;histoire;"Histoire oubliée";"Calendrier suédois";"La Suède a voulu changer de calendrier en douceur, s'est retrouvée seule au monde pendant onze ans, et a inventé un 30 février en 1712.";
1085;histoire;"Histoire oubliée";"Campagne des quatre nuisibles";"La Chine a fait tuer les moineaux à coups de casseroles jusqu'à les épuiser en vol; les insectes ont proliféré et la famine a suivi.";
1086;histoire;"Histoire oubliée";"Canal de la mer Blanche";"Staline a fait creuser deux cent vingt-sept kilomètres en vingt mois à la pelle et à la brouette, pour un canal trop peu profond pour ses navires de guerre.";
1087;histoire;"Histoire oubliée";"Canular de Berners Street";"Un plaisantin a envoyé des milliers de commandes à une même adresse de Londres en 1809, y faisant converger livreurs, médecins, un maire et un archevêque.";
1088;histoire;"Histoire oubliée";"Canular du Dreadnought";"Virginia Woolf, grimée en prince abyssin, a été reçue à bord du navire amiral britannique avec les honneurs militaires en 1910.";
1089;histoire;"Histoire oubliée";"Carnets d'Hitler";"Un magazine allemand a payé neuf millions de marks en 1983 pour des carnets rédigés sur du papier d'après-guerre par un faussaire de Stuttgart.";
1090;histoire;"Histoire oubliée";"Cassie Chadwick";"Elle a emprunté des millions aux banques américaines en se présentant comme la fille illégitime d'Andrew Carnegie, qui ne l'avait jamais rencontrée.";
1091;histoire;"Histoire oubliée";"Catastrophe aérienne de Tenerife";"La pire collision aérienne de l'histoire s'est produite au sol, sur une piste dans le brouillard, à cause d'un mot mal compris à la radio.";
1092;histoire;"Histoire oubliée";"Catastrophe de Bhopal";"Une fuite de gaz nocturne a tué des milliers de dormeurs, et l'usine avait coupé ses systèmes de sécurité pour économiser.";
1093;histoire;"Histoire oubliée";"Catastrophe de Courrières";"Onze cents mineurs sont morts en 1906, et treize hommes sont ressortis vivants après vingt jours sous terre, alors que les recherches avaient cessé.";
1094;histoire;"Histoire oubliée";"Catastrophe de Tchernobyl";"L'explosion s'est produite pendant un test de sécurité censé vérifier ce qui arriverait en cas de panne de courant.";
1095;histoire;"Histoire oubliée";"Cercueil de sécurité";"La peur d'être enterré vivant était si forte au dix-neuvième siècle qu'on brevetait des cercueils munis de cloches et de tubes à air.";
1096;histoire;"Histoire oubliée";"Charivari";"On réveillait les veufs remariés à coups de casseroles et de cornes des nuits entières, jusqu'à ce qu'ils paient à boire à tout le village.";
1097;histoire;"Histoire oubliée";"Charles II d'Espagne";"Produit de six générations de mariages consanguins, il pouvait à peine mâcher, et son autopsie n'aurait trouvé presque aucune goutte de sang.";
1098;histoire;"Histoire oubliée";"Charles Ponzi";"Il promettait cinquante pour cent en quarante-cinq jours grâce à des coupons-réponses postaux, et payait les anciens clients avec l'argent des nouveaux.";
1099;histoire;"Histoire oubliée";"Charles VI de France";"Un roi de France s'est cru fait de verre, interdisait qu'on l'approche et faisait coudre des baleines dans ses vêtements pour ne pas se briser.";
1100;histoire;"Histoire oubliée";"Charles Vance Millar";"Un avocat canadien a légué sa fortune à la Torontoise qui ferait le plus d'enfants en dix ans, et quatre mères se sont partagé le magot en 1936.";
1101;histoire;"Histoire oubliée";"Cher Ami";"Un pigeon a livré le message qui a sauvé deux cents Américains encerclés en 1918, avec une patte arrachée et une balle dans la poitrine.";
1102;histoire;"Histoire oubliée";"Chevalier d'Éon";"Un diplomate et espion français a vécu quarante-neuf ans en homme puis trente-trois en femme, et Londres pariait publiquement sur son sexe.";
1103;histoire;"Histoire oubliée";"Concile cadavérique";"Un pape déterré, rhabillé, assis sur un trône et jugé neuf mois après sa mort.";
1104;histoire;"Histoire oubliée";"Conflit frontalier sino-soviétique";"Deux puissances nucléaires communistes se sont battues en 1969 pour une île fluviale déserte de moins de deux kilomètres carrés.";
1105;histoire;"Histoire oubliée";"Coup d'État manqué des Seychelles de 1981";"Une cinquantaine de mercenaires déguisés en amateurs de rugby ont raté leur coup d'État, trahis par une arme trouvée à la douane de l'aéroport.";
1106;histoire;"Histoire oubliée";"Coup d'éventail";"Le dey d'Alger a frappé le consul de France avec un chasse-mouches en 1827, et la France a envahi l'Algérie trois ans plus tard.";
1107;histoire;"Histoire oubliée";"Célestin V";"Un ermite de quatre-vingts ans a été tiré de sa grotte pour devenir pape, a démissionné cinq mois plus tard, et a été enfermé jusqu'à sa mort.";
1108;histoire;"Histoire oubliée";"Daigo Fukuryū Maru";"Un bateau de pêche japonais a été couvert de cendres radioactives par un essai américain, très loin de la zone déclarée interdite.";
1109;histoire;"Histoire oubliée";"Dents de Waterloo";"Les dentiers de la bonne société européenne étaient garnis de dents arrachées aux jeunes morts du champ de bataille.";
1110;histoire;"Histoire oubliée";"Donald Crowhurst";"Engagé dans une course autour du monde, il a tourné en rond dans l'Atlantique en falsifiant son journal de bord, puis a disparu alors qu'il était donné vainqueur.";
1111;histoire;"Histoire oubliée";"Double aigle de 1933";"Une pièce d'or jamais mise en circulation a été traquée par les services secrets américains pendant des décennies, puis vendue vingt millions de dollars.";
1112;histoire;"Histoire oubliée";"Douglas Mawson";"Seul survivant de son équipe, il a marché des centaines de kilomètres en perdant la peau de ses pieds, qu'il gardait dans ses chaussettes.";
1113;histoire;"Histoire oubliée";"Duel Burr-Hamilton";"Le vice-président des États-Unis en exercice a tué d'une balle l'ancien secrétaire au Trésor, puis a tranquillement terminé son mandat.";
1114;histoire;"Histoire oubliée";"Duel Defferre-Ribière";"Deux députés français se sont battus à l'épée en 1967 après une insulte à l'Assemblée, devant les caméras de télévision.";
1115;histoire;"Histoire oubliée";"Duel Pouchkine-d'Anthès";"Le plus grand poète russe est mort à trente-sept ans d'une balle reçue pour une affaire de lettres anonymes sur sa femme.";
1116;histoire;"Histoire oubliée";"Duel des mignons";"Six favoris de la cour se sont entretués à l'aube d'avril 1578 pour une histoire de dame, et Henri III leur a offert des mausolées.";
1117;histoire;"Histoire oubliée";"Duel en ballon";"En 1808, deux Parisiens se sont battus à cinq cents mètres d'altitude, chacun tirant au tromblon sur l'enveloppe du ballon adverse.";
1118;histoire;"Histoire oubliée";"Défenestration de Prague";"Trois hommes jetés par une fenêtre à vingt mètres. Ils ont survécu : ils sont tombés dans le fumier.";
1119;histoire;"Histoire oubliée";"Défense Twinkie";"Un avocat a plaidé que la consommation de sucreries de son client prouvait sa dépression, et le jury a écarté le meurtre pour un double homicide.";
1120;histoire;"Histoire oubliée";"Dépêche d'Ems";"Bismarck a raccourci un télégramme diplomatique pour le rendre insultant, et la France lui a déclaré la guerre cinq jours plus tard.";
1121;histoire;"Histoire oubliée";"Eddie Chapman";"Un cambrioleur anglais s'est vendu aux nazis, a simulé le sabotage d'une usine avec de la peinture noire et des bâches, et travaillait pour Londres.";
1122;histoire;"Histoire oubliée";"Edwin Booth";"Il a sauvé d'une chute mortelle le fils du président Lincoln, quelques mois avant que son propre frère n'assassine le président.";
1123;histoire;"Histoire oubliée";"Effondrement du grand magasin Sampoong";"Les dirigeants ont évacué leurs bureaux en voyant les fissures et laissé les clients à l'intérieur cinq heures avant l'effondrement.";
1124;histoire;"Histoire oubliée";"Ellen et William Craft";"Elle s'est déguisée en jeune planteur blanc, lui en son valet, et ils ont fui l'esclavage en voyageant en première classe jusqu'au Nord.";
1125;histoire;"Histoire oubliée";"Ernest Shackleton";"Après le naufrage de son navire, il a navigué mille trois cents kilomètres en canot et ramené ses vingt-sept hommes vivants.";
1126;histoire;"Histoire oubliée";"Essex (baleinier)";"Un cachalot a coulé un baleinier américain en 1820, et les survivants ont tiré au sort pour désigner celui qui serait mangé.";
1127;histoire;"Histoire oubliée";"Explosion d'Oppau";"Des ouvriers dynamitaient au quotidien un tas d'engrais compacté pour le décoller; le 21 septembre 1921, le tas a répondu et rasé le village.";
1128;histoire;"Histoire oubliée";"Explosion de Delft";"Un dépôt de poudre a soufflé un quartier entier en 1654 et tué Carel Fabritius, le meilleur élève de Rembrandt.";
1129;histoire;"Histoire oubliée";"Explosion de Halifax";"En 1917 deux navires se sont frôlés dans un port canadien et ont produit la plus grande explosion humaine d'avant la bombe atomique.";
1130;histoire;"Histoire oubliée";"Explosion de Texas City";"Un cargo chargé d'engrais a explosé en 1947 avec une telle force que deux avions en vol ont été pulvérisés.";
1131;histoire;"Histoire oubliée";"Explosion du silo de Damascus";"Une clé à douille tombée dans un silo américain en 1980 a percé un réservoir et projeté une ogive nucléaire dans un champ voisin.";
1132;histoire;"Histoire oubliée";"Expédition Burke et Wills";"Ils sont revenus au point de rendez-vous neuf heures après le départ de l'équipe de secours, et sont morts de faim près d'un dépôt de vivres.";
1133;histoire;"Histoire oubliée";"Expédition Donner";"Un raccourci recommandé par un guide qui ne l'avait jamais emprunté a coincé des familles entières dans la neige de la Sierra Nevada.";
1134;histoire;"Histoire oubliée";"Expédition Franklin";"Cent vingt-neuf hommes sont morts en cherchant le passage du Nord-Ouest, et leurs os portent les marques d'un cannibalisme final.";
1135;histoire;"Histoire oubliée";"Expédition Lady Franklin Bay";"Sur vingt-cinq hommes envoyés dans l'Arctique en 1881, six sont revenus, et l'un des morts avait été fusillé pour vol de nourriture.";
1136;histoire;"Histoire oubliée";"Expédition du Darién";"L'Écosse a englouti un quart de sa richesse dans une colonie du Panama; le désastre l'a poussée à l'union avec l'Angleterre.";
1137;histoire;"Histoire oubliée";"Expédition du Karluk";"Le navire écrasé par les glaces, l'équipage a survécu des mois sur la banquise pendant que le chef d'expédition était parti chasser.";
1138;histoire;"Histoire oubliée";"Expérience de Wörgl";"Une petite ville autrichienne a émis en 1932 une monnaie qui perdait un pour cent par mois; le chômage a chuté et la banque centrale l'a interdite.";
1139;histoire;"Histoire oubliée";"Expérience de famine du Minnesota";"Trente-six objecteurs de conscience se sont laissé affamer volontairement pendant six mois pour apprendre comment renourrir l'Europe libérée.";
1140;histoire;"Histoire oubliée";"Fausse alerte nucléaire de 1979";"Une cassette d'entraînement introduite par erreur dans un ordinateur a fait croire à une attaque soviétique massive.";
1141;histoire;"Histoire oubliée";"Faux Dimitri Ier";"Un moine fugitif s'est proclamé fils d'Ivan le Terrible et a réellement régné sur la Russie pendant onze mois.";
1142;histoire;"Histoire oubliée";"Ferdinand Ier d'Autriche";"Empereur épileptique et simple d'esprit, il n'a laissé qu'une phrase célèbre: « Je suis l'empereur et je veux des boulettes. ».";
1143;histoire;"Histoire oubliée";"Ferdinand Waldo Demara";"Sans le moindre diplôme, il a opéré des blessés sur un navire de guerre canadien en se faisant passer pour un chirurgien, et tous ont survécu.";
1144;histoire;"Histoire oubliée";"Frane Selak";"Il aurait échappé à un déraillement, un crash d'avion et plusieurs accidents de voiture, avant de gagner le gros lot à la loterie.";
1145;histoire;"Histoire oubliée";"Frank Abagnale";"Il a prétendu avoir été pilote, médecin et avocat avant vingt et un ans, et les enquêteurs ont montré que la moitié de ses exploits étaient inventés.";
1146;histoire;"Histoire oubliée";"Fuchsprellen";"Les cours allemandes s'amusaient à catapulter des renards vivants à dix mètres de haut avec des filets tendus, devant les dames en toilette.";
1147;histoire;"Histoire oubliée";"Fées de Cottingley";"Deux fillettes ont photographié des fées en papier découpé, et l'auteur de Sherlock Holmes y a cru jusqu'à sa mort.";
1148;histoire;"Histoire oubliée";"Fête des fous";"Les clercs élisaient un évêque bouffon, chantaient les offices à l'envers et brûlaient de vieilles chaussures dans l'encensoir, à l'intérieur de l'église.";
1149;histoire;"Histoire oubliée";"Garum";"Les Romains assaisonnaient presque tout avec une sauce de poisson fermenté dont l'odeur avait fait interdire la fabrication en ville.";
1150;histoire;"Histoire oubliée";"George C. Parker";"Il a vendu plusieurs fois le pont de Brooklyn à des immigrants, que la police devait ensuite empêcher d'y installer des péages.";
1151;histoire;"Histoire oubliée";"George Psalmanazar";"Un Français blond s'est fait passer à Londres pour un indigène de Formose, a inventé un alphabet et une religion, et a enseigné sa langue à Oxford.";
1152;histoire;"Histoire oubliée";"Georgi Markov";"Un dissident bulgare a été tué à Londres par une bille de ricine grosse comme une tête d'épingle, tirée par la pointe d'un parapluie.";
1153;histoire;"Histoire oubliée";"Ghost Army";"Onze cents artistes et publicitaires américains ont simulé des divisions entières avec des haut-parleurs et des chars en caoutchouc.";
1154;histoire;"Histoire oubliée";"Giacomo Casanova";"Il s'est évadé des Plombs de Venise en perçant le plafond de sa cellule avec une barre de fer, puis a raconté la scène toute sa vie.";
1155;histoire;"Histoire oubliée";"Gong farmer";"Les vidangeurs de fosses anglais ne travaillaient que la nuit, gagnaient très bien leur vie et devaient loger à l'écart du reste de la ville.";
1156;histoire;"Histoire oubliée";"Grand Schisme d'Occident";"Pendant quarante ans, l'Europe a eu deux papes puis trois, chacun excommuniant les autres et tous leurs fidèles.";
1157;histoire;"Histoire oubliée";"Grande Peur";"Une rumeur de brigands invisibles a traversé la France en quelques jours de 1789 et armé des villages entiers contre des ennemis qui n'existaient pas.";
1158;histoire;"Histoire oubliée";"Grande guerre de l'Émeu";"L'armée australienne a déclaré la guerre à des oiseaux. Elle a perdu.";
1159;histoire;"Histoire oubliée";"Grande peste d'Eyam";"Un village anglais s'est mis en quarantaine volontaire en 1665 et laissait son argent tremper dans du vinaigre; un tiers des habitants est mort, la peste n'est pas passée.";
1160;histoire;"Histoire oubliée";"Grande Évasion";"Soixante-seize aviateurs alliés sont sortis d'un camp par un tunnel de cent dix mètres équipé d'un chemin de fer, de l'électricité et d'une pompe à air.";
1161;histoire;"Histoire oubliée";"Great Eastern";"Le plus grand navire du monde a ruiné ses armateurs, épuisé son ingénieur jusqu'à la mort, et fini sa carrière en posant le câble transatlantique.";
1162;histoire;"Histoire oubliée";"Great Molasses Flood";"Une vague de mélasse de huit mètres à trente-cinq kilomètres-heure. Vingt et un morts.";
1163;histoire;"Histoire oubliée";"Great Stink";"L'été 1858 à Londres : la Tamise a senti si mauvais que le Parlement a dû fuir et refaire les égouts.";
1164;histoire;"Histoire oubliée";"Guerre anglo-zanzibarienne";"La guerre la plus courte de l'histoire a duré trente-huit minutes, le temps que le palais du sultan s'effondre sous les obus britanniques.";
1165;histoire;"Histoire oubliée";"Guerre de Succession de Bavière";"Deux armées se sont fait face un an sans livrer bataille en 1778, occupées surtout à s'arracher les récoltes de pommes de terre.";
1166;histoire;"Histoire oubliée";"Guerre de Trois Cent Trente-Cinq Ans";"Les Pays-Bas et l'archipel des Scilly sont restés officiellement en guerre de 1651 à 1986, sans un seul coup de feu tiré.";
1167;histoire;"Histoire oubliée";"Guerre de l'oreille de Jenkins";"Un capitaine anglais a brandi son oreille coupée devant le Parlement, et l'Angleterre est partie en guerre contre l'Espagne pendant neuf ans.";
1168;histoire;"Histoire oubliée";"Guerre des Pâtisseries";"Un pâtissier français de Mexico a réclamé une indemnité pour sa boutique saccagée, et la flotte française est venue bombarder Veracruz.";
1169;histoire;"Histoire oubliée";"Guerre des Six Jours (Kisangani)";"Deux armées alliées à la même cause se sont entretuées six jours en pleine ville, à mille kilomètres de leurs propres frontières.";
1170;histoire;"Histoire oubliée";"Guerre du Chaco";"Deux des pays les plus pauvres d'Amérique du Sud se sont entretués trois ans pour un désert où l'on croyait du pétrole, qui n'y était pas.";
1171;histoire;"Histoire oubliée";"Guerre du Cochon";"Un cochon mangeant des pommes de terre a failli déclencher une guerre entre les États-Unis et le Royaume-Uni, avec quinze ans d'occupation militaire d'une île.";
1172;histoire;"Histoire oubliée";"Guerre du Seau";"Deux villes italiennes se sont affrontées en 1325 pour un seau en bois volé dans un puits, et le seau est toujours exposé à Modène.";
1173;histoire;"Histoire oubliée";"Guerre du Trône d'or";"Un gouverneur britannique a exigé de s'asseoir sur le siège sacré des Ashanti, et une reine de soixante ans lui a déclaré la guerre.";
1174;histoire;"Histoire oubliée";"Guerre du football";"Un match de qualification pour la Coupe du monde 1969 a servi de détonateur à une guerre de cent heures entre le Salvador et le Honduras.";
1175;histoire;"Histoire oubliée";"Guerres de la morue";"L'Islande a coupé les filets des chalutiers britanniques avec des cisailles remorquées et menacé de quitter l'OTAN, jusqu'à ce que Londres cède.";
1176;histoire;"Histoire oubliée";"Géant de Cardiff";"Un géant de pierre enterré exprès a attiré des foules payantes, et Barnum en a fabriqué une copie qu'il a exposée comme le vrai faux géant.";
1177;histoire;"Histoire oubliée";"Hanno (éléphant)";"Le pape Léon X a reçu un éléphant blanc du Portugal, l'a fait défiler dans Rome et lui a fait composer une épitaphe à sa mort.";
1178;histoire;"Histoire oubliée";"Helen Duncan";"La dernière condamnée pour sorcellerie au Royaume-Uni a été emprisonnée en 1944, pour avoir révélé en séance le naufrage d'un navire tenu secret.";
1179;histoire;"Histoire oubliée";"Henry Box Brown";"Un esclave de Virginie s'est fait expédier vers la liberté dans une caisse de quatre-vingts centimètres, vingt-sept heures durant, parfois la tête en bas.";
1180;histoire;"Histoire oubliée";"Henry Gunther";"Un soldat américain a chargé un poste de mitrailleuses à dix heures cinquante-neuf le 11 novembre 1918, et les Allemands lui faisaient signe de reculer.";
1181;histoire;"Histoire oubliée";"Hiroo Onoda";"Il a continué la Seconde Guerre mondiale seul dans la jungle jusqu'en 1974, refusant de croire qu'elle était finie.";
1182;histoire;"Histoire oubliée";"Homme de Piltdown";"Un crâne d'homme préhistorique a trompé les scientifiques britanniques quarante ans avant qu'on découvre une mâchoire d'orang-outan limée et teintée.";
1183;histoire;"Histoire oubliée";"Hyperinflation de la république de Weimar";"Les ouvriers étaient payés deux fois par jour et couraient dépenser leurs billets avant qu'ils ne perdent la moitié de leur valeur.";
1184;histoire;"Histoire oubliée";"Ibrahim Ier";"Un sultan ottoman tapissait ses appartements de fourrure de zibeline et aurait fait noyer deux cents femmes de son harem sur une simple rumeur.";
1185;histoire;"Histoire oubliée";"Impôt sur les portes et fenêtres";"Les Français ont muré leurs fenêtres pendant un siècle et demi pour payer moins d'impôt, et des façades entières sont restées aveugles.";
1186;histoire;"Histoire oubliée";"Incendie de Centralia";"Une décharge allumée en 1962 a mis le feu à une veine de charbon; la ville de Pennsylvanie brûle encore dessous et n'a plus d'habitants.";
1187;histoire;"Histoire oubliée";"Incendie de l'usine Triangle Shirtwaist";"Les portes verrouillées pour empêcher les pauses ont tué cent quarante-six ouvrières piégées au huitième étage.";
1188;histoire;"Histoire oubliée";"Incendie du Bazar de la Charité";"La lampe d'un projecteur de cinéma a enflammé un vélum en 1897, tuant cent vingt-six personnes, presque toutes des femmes de l'aristocratie.";
1189;histoire;"Histoire oubliée";"Incendie du Cocoanut Grove";"Une porte tournante bloquée par la panique a transformé une boîte de nuit de Boston en piège mortel pour près de cinq cents personnes.";
1190;histoire;"Histoire oubliée";"Incendie du cirque de Hartford";"Le chapiteau était imperméabilisé à la paraffine et à l'essence; il a brûlé en dix minutes en 1944 et tué cent soixante-sept spectateurs.";
1191;histoire;"Histoire oubliée";"Incendie du palais de Westminster";"On a brûlé dans les fourneaux du Parlement de vieux bâtons de comptabilité médiévaux, et le Parlement a brûlé avec eux.";
1192;histoire;"Histoire oubliée";"Incident Vela";"Un satellite américain a détecté en 1979 un double flash d'explosion nucléaire dans l'Atlantique sud, et personne n'a jamais reconnu l'essai.";
1193;histoire;"Histoire oubliée";"Incident de Petrich";"Un chien passé de Grèce en Bulgarie en 1925 a déclenché une invasion, des dizaines de morts et une intervention de la Société des Nations.";
1194;histoire;"Histoire oubliée";"Incitatus";"Caligula logeait son cheval dans une écurie de marbre avec des serviteurs et voulait, dit-on, en faire un consul de Rome.";
1195;histoire;"Histoire oubliée";"Indiana Pi Bill";"En 1897, la chambre de l'Indiana a voté à l'unanimité un texte fixant par la loi la valeur de pi, arrêté au Sénat par un mathématicien de passage.";
1196;histoire;"Histoire oubliée";"Isabel Godin des Odonais";"Après avoir perdu tous ses compagnons dans la jungle amazonienne, elle a marché seule pendant des semaines et retrouvé son mari vingt ans après leur séparation.";
1197;histoire;"Histoire oubliée";"Ishi";"Le dernier membre de son peuple est sorti de la forêt en 1911 et a passé ses dernières années à vivre dans un musée.";
1198;histoire;"Histoire oubliée";"Jamaica ginger";"Un alcool de contrebande frelaté a paralysé les jambes de dizaines de milliers d'Américains, laissant une démarche qui a donné son nom à une chanson.";
1199;histoire;"Histoire oubliée";"James Brooke";"Un aventurier anglais a reçu tout un royaume de Bornéo pour avoir maté une révolte, et sa famille y a régné pendant un siècle.";
1200;histoire;"Histoire oubliée";"Jasper Maskelyne";"Un magicien de music-hall a prétendu avoir fait disparaître le port d'Alexandrie, et l'histoire a mis cinquante ans à démêler le vrai du bluff.";
1201;histoire;"Histoire oubliée";"Jeanne Barret";"Déguisée en valet, elle a fait le tour du monde sur un navire du roi avant que l'équipage ne découvre, au milieu du Pacifique, qu'elle était une femme.";
1202;histoire;"Histoire oubliée";"Jeanne Ire de Castille";"Une reine a promené le cercueil de son mari à travers la Castille pendant des mois, en le faisant ouvrir régulièrement pour le contempler.";
1203;histoire;"Histoire oubliée";"John Darwin";"Un Anglais a simulé sa mort en canoë et vécu cinq ans caché dans la maison mitoyenne de celle de sa femme, jusqu'à une photo trouvée sur Internet.";
1204;histoire;"Histoire oubliée";"John Snow (médecin)";"Il a arrêté une épidémie de choléra à Londres en faisant démonter la poignée d'une pompe à eau.";
1205;histoire;"Histoire oubliée";"Juan Pujol García";"Un Espagnol a inventé vingt-sept agents imaginaires, s'est fait rembourser leurs frais par Berlin, et a été décoré par les deux camps.";
1206;histoire;"Histoire oubliée";"Juana Maria";"Une femme a vécu seule dix-huit ans sur une île californienne, et personne n'a jamais pu comprendre sa langue quand on l'a ramenée.";
1207;histoire;"Histoire oubliée";"Knocker-up";"Avant les réveille-matin, des gens payés pour cela tapaient aux fenêtres avec de longues perches pour réveiller les ouvriers.";
1208;histoire;"Histoire oubliée";"La Guerre des mondes (émission radiophonique)";"Une dramatique radio d'Halloween 1938 a fait croire à des auditeurs que le New Jersey était envahi par des Martiens.";
1209;histoire;"Histoire oubliée";"Lady Be Good (avion)";"Un bombardier américain porté disparu en 1943 a été retrouvé presque intact dans le Sahara seize ans plus tard, avec du café encore buvable dans les thermos.";
1210;histoire;"Histoire oubliée";"Lal Bihari";"Déclaré mort par son oncle pour lui voler ses terres, il a fondé en Inde une association de morts vivants et s'est présenté aux élections.";
1211;histoire;"Histoire oubliée";"Latude";"Enfermé trente-cinq ans pour avoir envoyé une fausse alerte à la Pompadour, il s'est évadé de la Bastille par une cheminée, avec une échelle de corde tressée dans du linge.";
1212;histoire;"Histoire oubliée";"Le Radeau de La Méduse";"Cent cinquante naufragés sont montés sur un radeau improvisé ; quinze en sont descendus, après treize jours de meurtres et de cannibalisme.";
1213;histoire;"Histoire oubliée";"Legs de Benjamin Franklin";"Il a laissé mille livres à deux villes en leur interdisant d'y toucher pendant deux siècles; elles ont encaissé des millions en 1990.";
1214;histoire;"Histoire oubliée";"Ligne 501";"Des dizaines de milliers de détenus ont posé une voie ferrée à travers le permafrost sibérien; abandonnée à la mort de Staline, elle n'a jamais servi.";
1215;histoire;"Histoire oubliée";"Llívia";"Un village espagnol est enclavé en France depuis 1659 parce que le traité cédait des villages, et que Llívia avait le statut de ville.";
1216;histoire;"Histoire oubliée";"Locomotive Act";"Une loi anglaise a exigé qu'un homme à pied agitant un drapeau rouge marche devant chaque automobile, limitée à six kilomètres à l'heure, jusqu'en 1896.";
1217;histoire;"Histoire oubliée";"Machine d'Anticythère";"Repêché par des pêcheurs d'éponges, cet engrenage grec prédisait les éclipses et les dates des Jeux olympiques.";
1218;histoire;"Histoire oubliée";"Marcus Garvey";"Il a lu dans la presse sa propre nécrologie, particulièrement sévère, et en est mort d'une attaque quelques jours plus tard.";
1219;histoire;"Histoire oubliée";"Margarine";"Plusieurs États américains ont obligé les fabricants à teindre la margarine en rose vif pour protéger les producteurs de beurre.";
1220;histoire;"Histoire oubliée";"Marie Curie";"Ses carnets de laboratoire sont encore si radioactifs qu'on les consulte en signant une décharge, dans des étuis de plomb.";
1221;histoire;"Histoire oubliée";"Marie-Charles David de Mayréna";"Un aventurier français s'est fait couronner roi des Sedang en Indochine, puis a tenté de vendre son royaume aux Anglais.";
1222;histoire;"Histoire oubliée";"Martin Guerre";"Un homme a pris la place d'un paysan disparu, vécu trois ans avec sa femme, et n'a été démasqué au procès que par le retour du vrai mari unijambiste.";
1223;histoire;"Histoire oubliée";"Mary (éléphante)";"Une éléphante de cirque a été pendue à une grue de chemin de fer devant cinq mille personnes dans le Tennessee, en 1916.";
1224;histoire;"Histoire oubliée";"Mary Mallon";"Une cuisinière en parfaite santé a contaminé des dizaines de personnes et fini ses jours enfermée sur une île pendant vingt-trois ans.";
1225;histoire;"Histoire oubliée";"Mary Toft";"Une servante anglaise a fait croire aux médecins du roi en 1726 qu'elle accouchait de lapins, jusqu'à ce qu'on la surprenne à en acheter.";
1226;histoire;"Histoire oubliée";"Massacre de la Saint-Valentin";"Des tueurs déguisés en policiers ont aligné sept hommes contre un mur, et personne n'a jamais été condamné.";
1227;histoire;"Histoire oubliée";"Mausolée de l'empereur Qin";"Le tombeau n'a jamais été ouvert : les textes anciens y décrivent des rivières de mercure, et le sol alentour en contient vraiment.";
1228;histoire;"Histoire oubliée";"Mignonette (yacht)";"Trois naufragés anglais ont mangé le mousse en 1884, et leur procès a fixé pour toujours que la nécessité n'excuse pas le meurtre.";
1229;histoire;"Histoire oubliée";"Mike (poulet)";"Un coq décapité a vécu dix-huit mois nourri à la pipette, et son propriétaire l'a exhibé dans tout le pays.";
1230;histoire;"Histoire oubliée";"Mokusatsu";"Un mot japonais ambigu dans la réponse à l'ultimatum de Potsdam a peut-être été compris comme un refus méprisant.";
1231;histoire;"Histoire oubliée";"Monténégro";"Oublié lors du traité de Portsmouth, le petit royaume est resté officiellement en guerre avec le Japon pendant plus d'un siècle.";
1232;histoire;"Histoire oubliée";"Moresnet neutre";"Un territoire minuscule ni belge ni prussien a survécu un siècle et a failli devenir le premier État espérantophone du monde.";
1233;histoire;"Histoire oubliée";"Mur de la peste";"Un mur de pierre sèche de vingt-cinq kilomètres a été bâti en Provence en 1721 pour arrêter une épidémie, gardé jour et nuit par des soldats.";
1234;histoire;"Histoire oubliée";"Mutinerie de Spithead";"La flotte britannique s'est mise en grève en 1797 avec des délégués élus, a continué de saluer les officiers, et a obtenu une augmentation et le pardon du roi.";
1235;histoire;"Histoire oubliée";"Mutinerie du Bounty";"Les mutins ont fondé une colonie cachée sur une île mal cartographiée, et on ne l'a retrouvée que dix-huit ans plus tard.";
1236;histoire;"Histoire oubliée";"Mutinerie du HMS Hermione";"L'équipage a jeté à la mer un capitaine si cruel que la Royal Navy a traqué les mutins pendant dix ans à travers le monde.";
1237;histoire;"Histoire oubliée";"Mutineries de 1917";"Des régiments français sont montés en ligne en bêlant comme des moutons; on a fusillé quarante-neuf hommes, puis amélioré les permissions et l'ordinaire.";
1238;histoire;"Histoire oubliée";"Naufrage du Birkenhead";"En 1852, les soldats se sont alignés en rangs sur le pont pendant qu'on évacuait les femmes et les enfants; la règle porte le nom du navire.";
1239;histoire;"Histoire oubliée";"Nikolaï Vavilov";"Ses collègues sont morts de faim en 1942 en protégeant une collection de graines qu'ils refusaient de manger.";
1240;histoire;"Histoire oubliée";"Nobuo Fujita";"Le seul pilote à avoir bombardé le continent américain est revenu vingt ans plus tard offrir le sabre de sa famille à la petite ville visée.";
1241;histoire;"Histoire oubliée";"Notgeld";"Faute de pièces, des villes allemandes ont émis de la monnaie de secours imprimée sur du cuir, de la soie, du bois et même des cartes à jouer.";
1242;histoire;"Histoire oubliée";"Nouvelle-Australie";"Des socialistes australiens ont fondé une colonie utopique au Paraguay en 1893, avec interdiction totale d'alcool; elle a éclaté en quelques mois.";
1243;histoire;"Histoire oubliée";"Nueva Germania";"Une colonie aryenne fondée au Paraguay en 1887 par la sœur de Nietzsche s'est enlisée dans la misère et le suicide de son fondateur.";
1244;histoire;"Histoire oubliée";"Opération Bernhard";"Des prisonniers de Sachsenhausen ont imprimé pour cent trente millions de livres de faux billets britanniques, jetés dans un lac autrichien en 1945.";
1245;histoire;"Histoire oubliée";"Opération Fortitude";"Des chars gonflables et une armée fantôme ont convaincu l'état-major allemand que le débarquement viserait le Pas-de-Calais.";
1246;histoire;"Histoire oubliée";"Opération Gold";"Britanniques et Américains ont creusé un tunnel sous Berlin-Est pour écouter les câbles soviétiques, que Moscou surveillait depuis le premier coup de pioche.";
1247;histoire;"Histoire oubliée";"Opération Mincemeat";"Les Britanniques ont habillé un cadavre en officier, l'ont lâché à la mer avec de faux plans, et Hitler a dégarni la Sicile.";
1248;histoire;"Histoire oubliée";"Opération Mongoose";"Pour ridiculiser Fidel Castro, la CIA a envisagé de saupoudrer ses chaussures de sels de thallium afin de faire tomber sa barbe.";
1249;histoire;"Histoire oubliée";"Ordre des Assassins";"Un ordre médiéval a bâti sa réputation sur des meurtres politiques ciblés, et son nom est devenu un mot commun dans toutes les langues d'Europe.";
1250;histoire;"Histoire oubliée";"Orélie-Antoine de Tounens";"Un avoué du Périgord s'est fait proclamer roi d'Araucanie et de Patagonie en 1860, avec drapeau, constitution, monnaie et ministres.";
1251;histoire;"Histoire oubliée";"Pacte Briand-Kellogg";"Soixante-trois pays ont solennellement mis la guerre hors la loi en 1928, onze ans avant la plus grande guerre de l'histoire.";
1252;histoire;"Histoire oubliée";"Papesse Jeanne";"Une légende tenace raconte qu'une femme a régné sur l'Église au IXe siècle, jusqu'à ce qu'elle accouche en pleine procession.";
1253;histoire;"Histoire oubliée";"Paul von Lettow-Vorbeck";"Le dernier général allemand a appris l'armistice deux semaines plus tard en Afrique et s'est rendu sans avoir jamais été battu.";
1254;histoire;"Histoire oubliée";"Pengő";"En 1946, la Hongrie a imprimé un billet de cent millions de milliards de pengő, et les prix changeaient plusieurs fois par jour.";
1255;histoire;"Histoire oubliée";"Peste de Marseille (1720)";"Le capitaine du Grand-Saint-Antoine a obtenu de décharger sa cargaison de soie malgré la quarantaine, et la moitié de la ville y est passée.";
1256;histoire;"Histoire oubliée";"Peter Strelzyk";"Deux familles est-allemandes ont cousu en secret une montgolfière dans leur grenier et franchi le Rideau de fer en vingt-huit minutes de vol.";
1257;histoire;"Histoire oubliée";"Philibert Aspairt";"Un portier a disparu dans les catacombes de Paris en 1793, et son squelette a été retrouvé onze ans plus tard à quelques mètres d'une sortie.";
1258;histoire;"Histoire oubliée";"Pierre de Rosette";"Le déchiffrement des hiéroglyphes tient à un décret administratif banal recopié en trois écritures.";
1259;histoire;"Histoire oubliée";"Pierre de Scone";"Quatre étudiants écossais ont volé la pierre du couronnement à l'abbaye de Westminster en 1950, l'ont cassée en deux et fait réparer chez un maçon.";
1260;histoire;"Histoire oubliée";"Planeur de Colditz";"Des prisonniers britanniques ont construit un planeur biplace dans les combles du château, avec des draps, du bois de plancher et de la bouillie d'avoine.";
1261;histoire;"Histoire oubliée";"Pont de Londres (Lake Havasu City)";"Un Américain a acheté le pont de Londres en 1968, l'a fait démonter pierre par pierre et remonter dans le désert de l'Arizona.";
1262;histoire;"Histoire oubliée";"Poyais";"Un Écossais a inventé un pays entier d'Amérique centrale, vendu des terres et des obligations, et envoyé des colons mourir sur une côte vide.";
1263;histoire;"Histoire oubliée";"Princesse Caraboo";"Une servante anglaise a inventé une langue et un royaume asiatique fictif, et la haute société l'a hébergée dix semaines comme une princesse naufragée.";
1264;histoire;"Histoire oubliée";"Principauté de Sealand";"Un coup d'État avec prise d'otage a eu lieu sur cette plateforme de quatre cents mètres carrés, et l'Allemagne a envoyé un diplomate négocier.";
1265;histoire;"Histoire oubliée";"Procès d'animaux";"Des tribunaux européens ont jugé des cochons, des rats et des hannetons, avec avocats commis d'office et sentences exécutées publiquement.";
1266;histoire;"Histoire oubliée";"Procès des sorcières de Salem";"Les accusations reposaient sur des « preuves spectrales » : des visions que seules les accusatrices pouvaient voir.";
1267;histoire;"Histoire oubliée";"Prohibition aux États-Unis";"Le gouvernement a délibérément empoisonné l'alcool industriel, tuant des milliers de buveurs pour décourager la contrebande.";
1268;histoire;"Histoire oubliée";"Prohibition de la bière en Islande";"La bière est restée interdite en Islande jusqu'au 1er mars 1989, alors que la vodka était en vente libre depuis des décennies.";
1269;histoire;"Histoire oubliée";"Projet Habbakuk";"Churchill a fait construire un prototype de porte-avions en glace mélangée à de la sciure, et un officier a tiré dessus au revolver pour prouver sa solidité.";
1270;histoire;"Histoire oubliée";"Projet Pigeon";"Un psychologue américain a dressé des pigeons à guider des missiles en picorant la cible sur un écran, et le programme a été financé pendant des années.";
1271;histoire;"Histoire oubliée";"Pure finder";"À Londres, des gens vivaient de la collecte des excréments de chien, revendus aux tanneries pour assouplir le cuir des reliures et des gants.";
1272;histoire;"Histoire oubliée";"R. A. Radford";"Un prisonnier de guerre a décrit l'économie de son camp, où la cigarette servait de monnaie et connaissait inflation, spéculation et faux-monnayeurs.";
1273;histoire;"Histoire oubliée";"Radium Girls";"Des ouvrières taillaient leur pinceau au radium entre leurs lèvres, jusqu'à ce que leurs mâchoires se désagrègent.";
1274;histoire;"Histoire oubliée";"Rai (monnaie)";"Les habitants de Yap payaient avec des disques de pierre de plusieurs tonnes qu'on ne déplaçait jamais, dont un tombé au fond de la mer et toujours dépensé.";
1275;histoire;"Histoire oubliée";"Rationnement au Royaume-Uni";"Les Britanniques ont continué de présenter des tickets de rationnement neuf ans après la fin de la guerre, jusqu'en juillet 1954.";
1276;histoire;"Histoire oubliée";"Rats d'Autun";"Un avocat du XVIe siècle a plaidé que ses clients, des rats dûment convoqués, ne pouvaient se présenter sans traverser un chemin plein de chats.";
1277;histoire;"Histoire oubliée";"Richard Sorge";"Un journaliste allemand en poste à Tokyo a donné à Moscou la date exacte de l'invasion nazie, et Staline a jugé l'information sans intérêt.";
1278;histoire;"Histoire oubliée";"Robert Falcon Scott";"Il est mort à dix-huit kilomètres d'un dépôt de vivres, et son journal s'arrête au milieu d'une phrase.";
1279;histoire;"Histoire oubliée";"Robert Liston";"Ce chirurgien célèbre pour sa vitesse aurait réussi l'unique opération de l'histoire avec un taux de mortalité de trois cents pour cent.";
1280;histoire;"Histoire oubliée";"Robert Smalls";"Un esclave a volé un navire confédéré déguisé en son capitaine, l'a livré à l'Union avec sa famille à bord, et est devenu membre du Congrès.";
1281;histoire;"Histoire oubliée";"Rockall";"Un rocher de trente mètres perdu en Atlantique nord a été annexé par un sergent britannique en 1955, et trois pays s'en disputent encore les fonds marins.";
1282;histoire;"Histoire oubliée";"Roy Sullivan";"Un garde forestier a été frappé sept fois par la foudre en trente-cinq ans, et est mort d'une balle par chagrin d'amour.";
1283;histoire;"Histoire oubliée";"Royaume de Redonda";"Ce rocher caribéen inhabité a une lignée de rois qui sont tous des écrivains, se transmettant le titre par testament.";
1284;histoire;"Histoire oubliée";"Rupture du barrage de Banqiao";"Un barrage conçu pour résister à une crue millénaire a cédé en 1975, tuant des dizaines de milliers de personnes dans un silence officiel de vingt ans.";
1285;histoire;"Histoire oubliée";"Réparations de guerre allemandes";"L'Allemagne a versé le dernier virement des réparations de 1919 le 3 octobre 2010, quatre-vingt-onze ans après le traité.";
1286;histoire;"Histoire oubliée";"République de Cospaia";"Une erreur de tracé de frontière a créé en 1440 une république indépendante de quelques centaines d'habitants, qui a duré trois cent soixante-cinq ans.";
1287;histoire;"Histoire oubliée";"République du Saugeais";"Un préfet plaisantin a demandé son laissez-passer à un aubergiste du Doubs en 1947, et le canton élit depuis une présidente avec hymne et douaniers.";
1288;histoire;"Histoire oubliée";"Résurrectionnistes";"Les familles anglaises montaient la garde sur les tombes fraîches, car les écoles de médecine payaient comptant les cadavres déterrés de la nuit.";
1289;histoire;"Histoire oubliée";"Révolution de Zanzibar";"Un maçon ougandais sans formation militaire a renversé un sultanat vieux de deux siècles en une nuit, avec quelques centaines d'hommes armés de lances.";
1290;histoire;"Histoire oubliée";"Sac de Baltimore";"En 1631, des corsaires barbaresques ont enlevé la population entière d'un village irlandais, et presque personne n'en est jamais revenu.";
1291;histoire;"Histoire oubliée";"Saint Guinefort";"Les paysans du Dombes ont vénéré pendant des siècles un lévrier martyr, et l'Inquisition a dû venir interdire son pèlerinage.";
1292;histoire;"Histoire oubliée";"Salomon August Andrée";"Trois Suédois sont partis au pôle Nord en ballon en 1897 ; on a retrouvé leurs corps et leurs pellicules encore développables trente-trois ans plus tard.";
1293;histoire;"Histoire oubliée";"Siméon le Stylite";"Un ascète syrien a vécu trente-sept ans au sommet d'une colonne de quinze mètres, arbitrant d'en haut les querelles de ses visiteurs.";
1294;histoire;"Histoire oubliée";"Singe de Hartlepool";"Les habitants du port anglais auraient pendu un singe rescapé d'un naufrage, le prenant pour un espion français déguisé.";
1295;histoire;"Histoire oubliée";"Siège d'Ostende";"Trois ans de siège, environ cent mille morts, pour une ville que les vainqueurs ont fini par occuper entièrement rasée.";
1296;histoire;"Histoire oubliée";"Siège de Baler";"Cinquante soldats espagnols ont tenu une église des Philippines pendant 337 jours, refusant de croire que leur guerre était finie depuis des mois.";
1297;histoire;"Histoire oubliée";"Siège de Candie";"Les Ottomans ont assiégé la ville crétoise vingt et un ans d'affilée, ce qui en fait le plus long siège de l'histoire.";
1298;histoire;"Histoire oubliée";"Siège de Ceuta";"Les Marocains ont assiégé Ceuta vingt-six ans sans interruption, pendant que les habitants recevaient courrier et renforts par la mer.";
1299;histoire;"Histoire oubliée";"Sommeil segmenté";"Avant l'éclairage artificiel, on dormait en deux fois, avec une heure de veille au milieu de la nuit pour prier, bavarder ou faire l'amour.";
1300;histoire;"Histoire oubliée";"Stanislav Petrov";"Un officier soviétique a désobéi à son propre système d'alerte en 1983 et empêché seul une riposte nucléaire contre les États-Unis.";
1301;histoire;"Histoire oubliée";"Suette anglaise";"Une maladie qui tuait en quelques heures a frappé l'Angleterre cinq fois puis a disparu à jamais, sans qu'on sache ce que c'était.";
1302;histoire;"Histoire oubliée";"Sultana (bateau à vapeur)";"Le pire naufrage de l'histoire américaine a fait plus de morts que le Titanic, en 1865, et presque personne n'en a parlé.";
1303;histoire;"Histoire oubliée";"Système de Law";"Un Écossais a convaincu la France d'imprimer du papier-monnaie adossé à la Louisiane; en 1720 la rue Quincampoix s'est effondrée et le mot banque est resté suspect un siècle.";
1304;histoire;"Histoire oubliée";"Taxe sur la barbe";"Pierre le Grand a taxé la barbe des Russes et remettait un jeton de cuivre à porter sur soi à ceux qui payaient pour garder la leur.";
1305;histoire;"Histoire oubliée";"Temps décimal";"Pendant dix-sept mois, la journée française a compté dix heures de cent minutes, et les horlogers ont fabriqué des cadrans doubles.";
1306;histoire;"Histoire oubliée";"Tentative de vol du corps d'Abraham Lincoln";"Des faux-monnayeurs ont voulu déterrer Lincoln en 1876 pour échanger son cadavre contre la libération de leur graveur.";
1307;histoire;"Histoire oubliée";"Tersorium";"Les Romains se nettoyaient aux latrines publiques avec une éponge partagée montée sur un bâton, rincée dans une rigole commune.";
1308;histoire;"Histoire oubliée";"The Thing (dispositif d'écoute)";"Des écoliers soviétiques ont offert à l'ambassadeur américain un sceau en bois sculpté qui a espionné son bureau sept ans, sans pile ni fil.";
1309;histoire;"Histoire oubliée";"Thomas Blood";"Un aventurier irlandais a volé les joyaux de la Couronne en 1671, s'est fait prendre, et Charles II lui a accordé une pension à vie.";
1310;histoire;"Histoire oubliée";"Thérèse Humbert";"Une paysanne a emprunté des millions pendant vingt ans sur un héritage enfermé dans un coffre; ouvert en 1902, il contenait une brique et un bouton de culotte.";
1311;histoire;"Histoire oubliée";"Titanic";"L'officier chargé des jumelles de la vigie a été débarqué au dernier moment en emportant par mégarde la clé du coffre qui les contenait.";
1312;histoire;"Histoire oubliée";"Traité de Bréda";"En 1667, les Néerlandais ont préféré garder une minuscule île à muscade des Moluques et laisser Manhattan aux Anglais.";
1313;histoire;"Histoire oubliée";"Traité de Tordesillas";"Deux royaumes ont partagé le monde inconnu avec une ligne tracée sur une carte, et le Brésil parle portugais à cause de cet arbitrage.";
1314;histoire;"Histoire oubliée";"Traité de Waitangi";"Les versions maorie et anglaise du traité ne disent pas la même chose, et le désaccord de traduction dure depuis 1840.";
1315;histoire;"Histoire oubliée";"Troisième guerre punique";"Le maire de Rome et celui de Carthage ont signé un traité de paix en 1985, deux mille cent trente-trois ans après la fin des combats.";
1316;histoire;"Histoire oubliée";"Truie de Falaise";"Une truie a été habillée en vêtements d'homme, jugée pour meurtre et pendue en place publique en 1386, aux frais du bourreau.";
1317;histoire;"Histoire oubliée";"Trêve de Noël";"En décembre 1914, des soldats ennemis sont sortis des tranchées pour échanger du tabac et jouer au football entre les lignes.";
1318;histoire;"Histoire oubliée";"Tsutomu Yamaguchi";"Il était à Hiroshima le 6 août, est rentré chez lui à Nagasaki, et a survécu aux deux bombes atomiques.";
1319;histoire;"Histoire oubliée";"Tulipomanie";"Un seul bulbe de tulipe s'est échangé contre une maison sur un canal d'Amsterdam avant l'effondrement du marché en 1637.";
1320;histoire;"Histoire oubliée";"Tunnel 57";"Cinquante-sept Berlinois de l'Est sont passés à l'Ouest en une nuit de 1964, par un tunnel creusé sous le Mur depuis une boulangerie abandonnée.";
1321;histoire;"Histoire oubliée";"Télégramme Zimmermann";"Un télégramme allemand proposant le Texas au Mexique a fait basculer les États-Unis dans la Première Guerre mondiale.";
1322;histoire;"Histoire oubliée";"U-1206";"Un sous-marin allemand a coulé en 1945 parce que son commandant a mal manœuvré les toilettes à haute pression du bord.";
1323;histoire;"Histoire oubliée";"Umberto Nobile";"Son dirigeable s'est écrasé sur la banquise en 1928, et le sauvetage a coûté la vie à Roald Amundsen, parti chercher un rival qu'il n'aimait pas.";
1324;histoire;"Histoire oubliée";"Unsinkable Sam";"Un chat aurait survécu au naufrage du Bismarck, puis à celui de deux navires britanniques, avant de finir tranquillement sa vie à terre.";
1325;histoire;"Histoire oubliée";"Vasa (navire)";"Le plus beau navire de guerre suédois a coulé après treize cents mètres de navigation, en 1628, devant toute la ville venue l'acclamer.";
1326;histoire;"Histoire oubliée";"Vassili Arkhipov";"Sur un sous-marin soviétique asphyxié pendant la crise de Cuba, un seul homme a refusé de valider le tir d'une torpille nucléaire.";
1327;histoire;"Histoire oubliée";"Vente d'épouse";"Des maris anglais conduisaient leur femme au marché au bout d'une corde et la vendaient publiquement, faute de pouvoir divorcer.";
1328;histoire;"Histoire oubliée";"Vente de la Louisiane";"La France a vendu un tiers des futurs États-Unis pour financer une guerre, et l'acheteur n'était pas sûr d'en avoir le droit constitutionnel.";
1329;histoire;"Histoire oubliée";"Vespasien";"L'empereur a taxé l'urine récoltée dans les pissotières et répondu à son fils dégoûté que l'argent n'a pas d'odeur.";
1330;histoire;"Histoire oubliée";"Victor Lustig";"Il a vendu la tour Eiffel à un ferrailleur en 1925, puis est revenu quelques mois plus tard pour la vendre une seconde fois.";
1331;histoire;"Histoire oubliée";"Ville fortifiée de Kowloon";"Trente-trois mille personnes vivaient dans un bloc sans plan ni police, sur un terrain grand comme quelques terrains de football.";
1332;histoire;"Histoire oubliée";"Violet Jessop";"Infirmière, elle a survécu au naufrage du Titanic, à celui du Britannic et à la collision de l'Olympic.";
1333;histoire;"Histoire oubliée";"Vol 143 Air Canada";"Un Boeing s'est retrouvé sans carburant à onze mille mètres parce que les techniciens avaient confondu livres et kilogrammes.";
1334;histoire;"Histoire oubliée";"Vol 401 Eastern Air Lines";"Tout un équipage s'est concentré sur une ampoule grillée pendant que l'avion descendait doucement vers les Everglades.";
1335;histoire;"Histoire oubliée";"Wardenclyffe";"Tesla a bâti une tour censée transmettre l'électricité sans fil au monde entier; son financier a coupé les vivres et la tour a été dynamitée.";
1336;histoire;"Histoire oubliée";"Wilgeforte";"Une sainte aurait obtenu de Dieu une barbe pour échapper au mariage; son père l'a fait crucifier, et on la priait pour se débarrasser d'un mari.";
1337;histoire;"Histoire oubliée";"Wilhelm Gustloff";"Le naufrage le plus meurtrier de l'histoire a fait environ neuf mille morts en 1945, six fois le Titanic, et presque personne ne le connaît.";
1338;histoire;"Histoire oubliée";"William Bligh";"Abandonné en chaloupe avec dix-huit hommes, il a navigué six mille kilomètres jusqu'au Timor sans perdre un seul marin en mer.";
1339;histoire;"Histoire oubliée";"William Buckland";"Un géologue anglais s'était juré de manger toutes les espèces possibles et aurait avalé le cœur momifié de Louis XIV présenté à sa table.";
1340;histoire;"Histoire oubliée";"Wojtek (ours)";"Un ours brun officiellement engagé comme soldat dans l'armée polonaise portait des caisses d'obus à Monte Cassino et buvait de la bière avec la troupe.";
1341;histoire;"Histoire oubliée";"Yasuke";"Un Africain arrivé avec des jésuites est devenu samouraï au service d'Oda Nobunaga, qui le montrait à sa cour et lui donnait une épée.";
1342;histoire;"Histoire oubliée";"Zarafa";"Une girafe offerte à Charles X a marché de Marseille à Paris en quarante et un jours, en manteau ciré, devant des centaines de milliers de curieux.";
1343;histoire;"Histoire oubliée";"Zong (navire)";"L'équipage a jeté cent trente-deux captifs vivants à la mer pour toucher l'assurance, et le procès n'a porté que sur la valeur de la cargaison.";
1344;histoire;"Histoire oubliée";"Élixir de sulfanilamide";"Un sirop sucré à l'antigel a tué une centaine de personnes en 1937 et forcé les États-Unis à inventer le contrôle des médicaments.";
1345;histoire;"Histoire oubliée";"Éléphant de la Bastille";"Un éléphant géant en plâtre a occupé la place de la Bastille pendant trente ans, rongé par les rats, avant d'être démoli.";
1346;histoire;"Histoire oubliée";"Épidémie dansante de 1518";"À Strasbourg, quatre cents personnes se mettent à danser sans pouvoir s'arrêter. Certaines en meurent.";
1347;histoire;"Histoire oubliée";"Épidémie de rire du Tanganyika";"Un fou rire contagieux parti d'un pensionnat en 1962 a fermé quatorze écoles et duré plusieurs mois.";
1348;histoire;"Histoire oubliée";"Île Hans";"Le Canada et le Danemark se sont disputé un caillou arctique pendant cinquante ans en s'échangeant des bouteilles de whisky et de schnaps.";
1349;histoire;"Histoire oubliée";"Île de Clipperton";"Une garnison mexicaine oubliée sur un atoll a vu son gardien de phare s'autoproclamer roi et terroriser les dernières femmes survivantes.";
1350;histoire;"Histoire oubliée";"Île des Faisans";"Un îlot de trois mille mètres carrés sur la Bidassoa change de nationalité tous les six mois depuis 1659, et personne n'y habite.";
1351;histoire;"Histoire oubliée";"Île des Roses";"Un ingénieur italien a bâti une île artificielle en Adriatique, l'a déclarée indépendante, et l'armée l'a dynamitée en 1969.";
1352;histoire;"Histoire oubliée";"Îlot Persil";"En 2002, l'Espagne a monté une opération militaire pour reprendre à six gendarmes marocains un caillou inhabité peuplé de chèvres.";
1353;mysteres;"Mystères";"Affaire Ben Barka";"Un opposant marocain a été enlevé en plein Paris devant la brasserie Lipp en 1965 ; son corps n'a jamais été retrouvé.";
1354;mysteres;"Mystères";"Affaire Boorn";"Deux frères du Vermont ont été condamnés à mort en 1819 sur la foi d'un rêve, avant que leur prétendue victime ne réapparaisse en pleine forme.";
1355;mysteres;"Mystères";"Affaire Elizabeth Canning";"En 1753, une servante disparue un mois est revenue squelettique en accusant deux femmes ; c'est elle qui fut déportée pour parjure, et le débat dure toujours.";
1356;mysteres;"Mystères";"Affaire Seznec";"Condamné au bagne en 1924 pour un meurtre sans cadavre, sans aveu et sans arme, il a vu ses descendants perdre quatorze demandes de révision.";
1357;mysteres;"Mystères";"Affaire Tamám Shud";"Un homme mort sur une plage australienne, toutes les étiquettes de ses vêtements découpées, un bout de papier cousu dans sa poche : « Tamám Shud », c'est fini.";
1358;mysteres;"Mystères";"Affaire du pain maudit";"En 1951, un village du Gard bascule en une nuit dans l'hallucination collective : cinq morts, des dizaines d'internements, cause toujours débattue.";
1359;mysteres;"Mystères";"Agloe";"Ce village n'existait pas : inventé par des cartographes pour piéger les copieurs, il est devenu réel quand quelqu'un y a bâti un magasin.";
1360;mysteres;"Mystères";"Agroglyphe";"Deux Anglais ont avoué en 1991 avoir tracé les premiers cercles de culture avec une planche et une corde, après quinze ans de mystère mondial.";
1361;mysteres;"Mystères";"Ambrose Bierce";"Il part à soixante et onze ans suivre la révolution mexicaine et écrit dans sa dernière lettre que disparaître ainsi serait une belle façon de finir.";
1362;mysteres;"Mystères";"Anguille d'Europe";"Elle traverse l'Atlantique pour se reproduire dans la mer des Sargasses, et personne n'a jamais observé deux anguilles s'y accoupler.";
1363;mysteres;"Mystères";"Angus Barbieri";"Cet Écossais n'a rien mangé pendant trois cent quatre-vingt-deux jours, sous surveillance médicale, ne buvant que du thé, du café et des vitamines.";
1364;mysteres;"Mystères";"Ann Hodges";"Une météorite a traversé son toit en 1954, rebondi sur sa radio et l'a atteinte à la hanche pendant sa sieste : seul cas humain confirmé.";
1365;mysteres;"Mystères";"Antoine de Saint-Exupéry";"Sa gourmette a été remontée dans un filet de pêche en 1998, et l'épave de son avion identifiée au large de Marseille deux ans plus tard.";
1366;mysteres;"Mystères";"Arbre du Ténéré";"L'arbre le plus isolé du monde, seul acacia sur quatre cents kilomètres de désert, a été renversé en 1973 par un camionneur qui l'a percuté.";
1367;mysteres;"Mystères";"Attaques à l'anthrax de 2001";"Des lettres contenant une poudre blanche ont tué cinq personnes et provoqué la plus grande enquête de l'histoire du FBI, close sans procès.";
1368;mysteres;"Mystères";"B. Traven";"L'auteur du Trésor de la Sierra Madre a passé sa vie à brouiller son nom, sa nationalité et son visage, et il y est parfaitement parvenu.";
1369;mysteres;"Mystères";"Bank of Vernal";"Une banque de l'Utah a été bâtie en 1919 avec quatre-vingt mille briques envoyées par colis postal, cinquante par paquet, parce que c'était moins cher que le fret.";
1370;mysteres;"Mystères";"Banksy";"Il a fait s'autodétruire un tableau en pleine vente aux enchères, et nul ne sait toujours à qui appartenait la main sur la télécommande.";
1371;mysteres;"Mystères";"Bella in the Wych Elm";"En 1943, des enfants trouvent un crâne dans un orme creux ; depuis, des graffitis « Qui a mis Bella dans l'orme ? » réapparaissent régulièrement sur les murs anglais.";
1372;mysteres;"Mystères";"Benjaman Kyle";"Retrouvé nu et amnésique derrière un fast-food en 2004, il a vécu onze ans sans savoir son propre nom avant qu'un test ADN ne le retrouve.";
1373;mysteres;"Mystères";"Bermeja";"Cette île mexicaine figure sur les cartes depuis 1539, mais les campagnes de recherche des années 1990 n'ont trouvé que de l'eau, au beau milieu d'une zone pétrolière.";
1374;mysteres;"Mystères";"Billy Tipton";"Ce pianiste de jazz américain, marié et père adoptif de trois garçons, fut découvert à sa mort en 1989 par les ambulanciers être né femme.";
1375;mysteres;"Mystères";"Bloc de Cascajal";"Cette dalle olmèque porte le plus ancien texte des Amériques, soixante-deux signes qu'aucun spécialiste ne sait déchiffrer.";
1376;mysteres;"Mystères";"Bloop";"Des micros sous-marins ont capté en 1997 un son entendu à cinq mille kilomètres de distance ; la réponse fut un iceberg qui se fissurait.";
1377;mysteres;"Mystères";"Bobby Dunbar";"Un garçon retrouvé en 1912 a grandi dans la famille qui l'avait réclamé ; un test ADN a montré en 2004 qu'il n'était pas leur enfant.";
1378;mysteres;"Mystères";"Boules de pierre du Costa Rica";"Des centaines de sphères de pierre presque parfaites, jusqu'à seize tonnes, dont les alignements ont été détruits avant d'être relevés.";
1379;mysteres;"Mystères";"Bourdonnement de Taos";"Environ deux pour cent des habitants d'une ville du Nouveau-Mexique entendent en permanence un grondement grave que les micros ne captent pas.";
1380;mysteres;"Mystères";"Boy in the Box";"Un enfant battu à mort et abandonné dans un carton en 1957 ; son prénom n'a été retrouvé qu'en 2022, grâce à l'ADN.";
1381;mysteres;"Mystères";"Bunker de Greenbrier";"Un abri destiné à tout le Congrès américain a été construit sous un hôtel de luxe, et les clients ont dansé dessus pendant trente ans sans le savoir.";
1382;mysteres;"Mystères";"Burlington (bunker)";"Une ville souterraine de quatorze hectares avec pub, studio de télévision et lits pour quatre mille personnes est restée secrète sous une carrière anglaise jusqu'en 2004.";
1383;mysteres;"Mystères";"Cambriolage de Hatton Garden";"En 2015, une équipe de retraités de 58 à 76 ans a percé un demi-mètre de béton armé pendant le week-end de Pâques pour vider un coffre-fort londonien.";
1384;mysteres;"Mystères";"Campden Wonder";"Trois personnes ont été pendues en 1660 pour le meurtre d'un homme qui est rentré chez lui deux ans plus tard, vivant, racontant avoir été vendu comme esclave.";
1385;mysteres;"Mystères";"Canular Sokal";"Un physicien a fait publier en 1996 un article volontairement absurde sur la gravité quantique comme construction sociale dans une revue de sciences humaines.";
1386;mysteres;"Mystères";"Carroll A. Deering";"En 1921, ce cinq-mâts s'échoue voiles hautes sur un banc de Caroline du Nord, le repas de l'équipage en préparation dans la cuisine et pas un homme à bord.";
1387;mysteres;"Mystères";"Carte de Vinland";"Cette carte censée prouver que les Vikings avaient cartographié l'Amérique a été déclarée fausse en 2021 : son encre contient du titane du XXe siècle.";
1388;mysteres;"Mystères";"Centralia (Pennsylvanie)";"Un feu de mine allumé en 1962 brûle toujours sous la ville ; il reste une poignée d'habitants et le code postal a été supprimé.";
1389;mysteres;"Mystères";"Cerveau de Heslington";"Dans un crâne coupé enterré il y a 2 600 ans, les archéologues ont trouvé un cerveau encore plissé, seul tissu mou survivant de tout le corps.";
1390;mysteres;"Mystères";"Chaocipher";"Inventé en 1918, ce système est resté secret jusqu'à ce que la famille de son créateur donne ses papiers à un musée en 2010.";
1391;mysteres;"Mystères";"Chiffre de D'Agapeyeff";"Un cryptographe a publié en 1939 un défi chiffré dans son manuel ; il a ensuite avoué avoir oublié comment il l'avait fabriqué.";
1392;mysteres;"Mystères";"Chiffre de Dorabella";"Le compositeur Elgar a envoyé à une amie de vingt ans un billet de 87 symboles que personne, elle comprise, n'a su lire.";
1393;mysteres;"Mystères";"Christian Gerhartsreiter";"Un immigré bavarois s'est fait passer trente ans pour un Rockefeller, épousant une consultante de Harvard qui n'a jamais vu son vrai nom.";
1394;mysteres;"Mystères";"Cicada 3301";"Une énigme postée sur un forum menait à des affiches collées dans quatorze villes du monde ; les organisateurs ne se sont jamais montrés.";
1395;mysteres;"Mystères";"Circleville Letter Writer";"Pendant vingt ans, des milliers de lettres anonymes ont accusé les habitants d'une petite ville de l'Ohio de secrets qu'elles connaissaient vraiment.";
1396;mysteres;"Mystères";"Col Dyatlov";"Neuf randonneurs, une tente ouverte de l'intérieur, des corps retrouvés pieds nus dans la neige.";
1397;mysteres;"Mystères";"Colonie de Roanoke";"Cent quinze colons disparus, un seul mot gravé sur un poteau : CROATOAN.";
1398;mysteres;"Mystères";"Conjecture de Collatz";"Prenez un nombre, divisez-le par deux s'il est pair, sinon triplez-le et ajoutez un : personne ne sait prouver qu'on retombe toujours sur 1.";
1399;mysteres;"Mystères";"Cratère de Darvaza";"Un forage soviétique s'est effondré dans le désert turkmène et on a mis le feu au gaz pour quelques semaines : il brûle depuis un demi-siècle.";
1400;mysteres;"Mystères";"Cratères du Yamal";"En 2014, des éleveurs sibériens ont découvert un trou de trente mètres apparu d'un coup dans le pergélisol, creusé par une explosion de gaz souterraine.";
1401;mysteres;"Mystères";"Cryptogrammes de Beale";"Trois pages chiffrées, une seule déchiffrée : elle décrit un trésor enterré en Virginie que personne n'a jamais retrouvé.";
1402;mysteres;"Mystères";"Crâne de cristal";"Les crânes « précolombiens » des grands musées portent au microscope les traces d'outils rotatifs européens du XIXe siècle.";
1403;mysteres;"Mystères";"Cœlacanthe";"Un poisson que l'on croyait éteint depuis soixante-six millions d'années a été repéré en 1938 sur l'étal d'un pêcheur sud-africain.";
1404;mysteres;"Mystères";"D. B. Cooper";"Il a sauté d'un Boeing en vol avec deux cent mille dollars ; neuf ans plus tard, un enfant a trouvé quelques liasses pourries sur une berge.";
1405;mysteres;"Mystères";"Dahlia noir";"Le corps a été retrouvé sectionné en deux à la taille, entièrement vidé de son sang et disposé dans l'herbe comme une mise en scène.";
1406;mysteres;"Mystères";"Diamant Hope";"En 1958, le plus célèbre diamant du monde a été envoyé au Smithsonian dans un simple paquet brun, affranchi à 2,44 dollars.";
1407;mysteres;"Mystères";"Dighton Rock";"Ce rocher gravé du Massachusetts a été successivement attribué aux Phéniciens, aux Vikings, aux Portugais et aux Amérindiens, depuis 1680.";
1408;mysteres;"Mystères";"Diophante";"Son épitaphe est un problème d'algèbre : il faut le résoudre pour apprendre qu'il est mort à quatre-vingt-quatre ans.";
1409;mysteres;"Mystères";"Disparition d'Agatha Christie";"La reine du crime a disparu onze jours en 1926, retrouvée dans un hôtel thermal inscrite sous le nom de la maîtresse de son mari.";
1410;mysteres;"Mystères";"Disparition d'Amelia Earhart";"Aux trois quarts du tour du monde, ses derniers messages disent qu'elle tourne au-dessus de l'océan sans voir l'île où l'attendaient les secours.";
1411;mysteres;"Mystères";"Disparition de Jimmy Hoffa";"Le patron des camionneurs américains s'est volatilisé d'un parking de restaurant en 1975, et le FBI creuse encore des champs pour le retrouver.";
1412;mysteres;"Mystères";"Disparition de Xavier Dupont de Ligonnès";"Après avoir enterré sa famille sous la terrasse, il a été filmé une dernière fois dans un parking du Var en 2011 et n'a plus jamais été localisé.";
1413;mysteres;"Mystères";"Disparition des enfants Beaumont";"Trois enfants partis seuls à la plage un matin de 1966 à Adélaïde ; un pays entier cherche depuis soixante ans sans un indice décisif.";
1414;mysteres;"Mystères";"Disque de Nebra";"Pillé par deux détecteurs de métaux, ce disque de bronze vieux de 3 600 ans a été récupéré lors d'une souricière policière dans un hôtel de Bâle.";
1415;mysteres;"Mystères";"Disque de Phaistos";"Deux cent quarante et un signes imprimés sur de l'argile il y a trois mille cinq cents ans. Toujours indéchiffrés.";
1416;mysteres;"Mystères";"Donna Griffiths";"Cette adolescente britannique a éternué tous les jours pendant neuf cent soixante-dix-sept jours d'affilée, jusqu'à un million de fois.";
1417;mysteres;"Mystères";"Douglas Corrigan";"Interdit de traverser l'Atlantique, il a décollé de New York vers la Californie en 1938 et atterri en Irlande, jurant s'être trompé de cap.";
1418;mysteres;"Mystères";"Elisa Lam";"Une étudiante a été retrouvée dans un réservoir d'eau sur le toit de son hôtel, dont les clients buvaient l'eau depuis plusieurs jours.";
1419;mysteres;"Mystères";"Emanuela Orlandi";"Le Vatican a ouvert en 2019 deux tombes de son cimetière pour y chercher cette adolescente disparue en 1983 : elles étaient entièrement vides.";
1420;mysteres;"Mystères";"Enfants Sodder";"Un incendie de Noël 1945 emporte la maison en une heure, cinq enfants manquent à l'appel, et les fouilles ne rendront pas un seul ossement.";
1421;mysteres;"Mystères";"Enfants verts de Woolpit";"Deux chroniqueurs médiévaux rapportent qu'un frère et une sœur à la peau verte, ne mangeant que des fèves, sont sortis d'une fosse dans un village anglais.";
1422;mysteres;"Mystères";"Enric Marco";"Il a présidé l'association espagnole des déportés et raconté sa déportation devant le Parlement, avant qu'un historien ne prouve en 2005 qu'il n'y avait jamais mis les pieds.";
1423;mysteres;"Mystères";"Erdstall";"Des milliers de galeries médiévales étroites creusées sous la Bavière et l'Autriche, sans trace d'habitation, sans un écrit, sans usage identifié.";
1424;mysteres;"Mystères";"Ettore Majorana";"Le physicien vide son compte, achète un billet de bateau, écrit deux lettres contradictoires et s'efface ; l'Italie a rouvert l'enquête en 2011.";
1425;mysteres;"Mystères";"Everett Ruess";"Ce jeune artiste vagabond a disparu dans les canyons de l'Utah en 1934, laissant gravé sur une paroi le seul mot « NEMO ».";
1426;mysteres;"Mystères";"Expédition Andrée";"Trois Suédois sont partis vers le pôle Nord en ballon en 1897 ; on a retrouvé leur camp trente-trois ans plus tard, avec des pellicules encore développables.";
1427;mysteres;"Mystères";"Expérience de la goutte de poix";"Commencée en 1927, cette expérience a laissé tomber neuf gouttes en un siècle, et le chercheur qui l'a lancée est mort sans jamais en voir tomber une.";
1428;mysteres;"Mystères";"Femme d'Isdal";"Brûlée dans une vallée norvégienne en 1970, toutes les étiquettes de ses vêtements arrachées, huit faux noms et un carnet codé dans ses valises.";
1429;mysteres;"Mystères";"Forêt tordue de Gryfino";"Quatre cents pins polonais plantés vers 1930 poussent tous avec un coude à quatre-vingt-dix degrés à leur base, orienté dans la même direction.";
1430;mysteres;"Mystères";"Frederick Valentich";"Un pilote de vingt ans décrit à la radio un objet qui le survole, lâche « ce n'est pas un avion », puis un bruit métallique et le silence.";
1431;mysteres;"Mystères";"Frédéric Bourdin";"Ce Français de 23 ans aux yeux bruns s'est fait passer pour un adolescent américain disparu aux yeux bleus, et sa « famille » l'a hébergé cinq mois.";
1432;mysteres;"Mystères";"Fusées fantômes";"En 1946, la Suède a enregistré deux mille signalements d'engins lumineux traversant le ciel, dont plus de deux cents sur ses radars ; l'enquête n'a jamais conclu.";
1433;mysteres;"Mystères";"Futility (roman)";"Un roman de 1898 raconte le naufrage d'un paquebot « insubmersible » nommé Titan, éventré par un iceberg en avril, faute de canots de sauvetage.";
1434;mysteres;"Mystères";"George Mallory";"Son corps est apparu sur l'Everest en 1999, à plat ventre dans la pente, mais l'appareil photo qui dirait s'il a atteint le sommet reste introuvable.";
1435;mysteres;"Mystères";"Georgia Guidestones";"Un inconnu sous pseudonyme a payé en 1979 un monument de granit gravé de dix préceptes en huit langues ; une explosion l'a détruit en 2022.";
1436;mysteres;"Mystères";"Gloria Ramirez";"Aux urgences, l'odeur de son sang a fait s'évanouir une partie du personnel soignant ; l'explication chimique proposée ne convainc pas tout le monde.";
1437;mysteres;"Mystères";"Grand canular de la Lune";"En 1835, un journal new-yorkais a décrit des hommes-chauves-souris vivant sur la Lune, et son tirage a explosé pendant des semaines.";
1438;mysteres;"Mystères";"Grey Owl";"Ce célèbre défenseur canadien de la nature, présenté comme métis apache, s'est révélé à sa mort en 1938 être un Anglais du Sussex.";
1439;mysteres;"Mystères";"Grotte de Naica";"Des mineurs mexicains ont percé une salle remplie de cristaux de douze mètres, où l'on ne survit pas plus de trente minutes sans combinaison.";
1440;mysteres;"Mystères";"Grotte de Son Doong";"Un bûcheron vietnamien a trouvé l'entrée en 1991, l'a perdue, et il a fallu attendre 2009 pour explorer une galerie où passerait un Boeing.";
1441;mysteres;"Mystères";"Guerre anglo-zanzibarite";"La guerre la plus courte de l'histoire a duré environ quarante minutes, et le vaincu a dû payer la facture des obus tirés sur lui.";
1442;mysteres;"Mystères";"Guerre de l'Émeu";"En 1932, l'armée australienne a envoyé des mitrailleuses contre vingt mille émeus ; elle a renoncé après avoir dépensé des milliers de cartouches pour rien.";
1443;mysteres;"Mystères";"Géoglyphes de Nazca";"Des figures de plusieurs centaines de mètres que personne au sol ne peut voir en entier, tracées mille cinq cents ans avant le premier avion.";
1444;mysteres;"Mystères";"Harold Holt";"Le Premier ministre australien se baigne un matin de 1967 et ne revient pas ; on a baptisé une piscine municipale en sa mémoire.";
1445;mysteres;"Mystères";"Hinterkaifeck";"Le tueur a vécu plusieurs jours dans la ferme après avoir massacré la famille : il a nourri le bétail et fait de la fumée dans la cheminée.";
1446;mysteres;"Mystères";"Homme au masque de fer";"Un prisonnier détenu trente-quatre ans, transféré de forteresse en forteresse avec le même geôlier unique, et enterré sous un faux nom.";
1447;mysteres;"Mystères";"Homme de Lindow";"Ce corps de tourbière a été assommé, étranglé et égorgé le même jour, il y a deux mille ans, et son dernier repas contenait du pain brûlé.";
1448;mysteres;"Mystères";"Homme de Tollund";"Deux mille quatre cents ans dans une tourbière, le visage parfaitement paisible, et la corde qui l'a étranglé toujours nouée autour du cou.";
1449;mysteres;"Mystères";"Hyperion (arbre)";"Le plus haut arbre de la planète mesure 116 mètres, et l'accès à son secteur est désormais passible d'amende pour empêcher qu'on l'abîme.";
1450;mysteres;"Mystères";"Hypogée de Ħal Saflieni";"Une salle taillée dans la roche il y a cinq mille ans renvoie la voix grave d'un homme dans tout le sanctuaire souterrain.";
1451;mysteres;"Mystères";"Ilha da Queimada Grande";"Cette île brésilienne interdite abrite une densité folle de vipères dont le venin dissout la chair, et qui n'existent nulle part ailleurs.";
1452;mysteres;"Mystères";"Inscription de Shugborough";"Huit lettres gravées sur un monument anglais du XVIIIe siècle ont résisté à Dickens, à Darwin et aux codeurs de Bletchley Park.";
1453;mysteres;"Mystères";"Intrusion du signal de Max Headroom";"Le 22 novembre 1987, un homme masqué a détourné deux chaînes de Chicago pendant quelques minutes ; il n'a jamais été retrouvé.";
1454;mysteres;"Mystères";"Jack l'Éventreur";"Une des lettres envoyées à la police est arrivée avec la moitié d'un rein humain et cette phrase : l'autre moitié, je l'ai frite et mangée.";
1455;mysteres;"Mystères";"Jakob Bernoulli";"Il voulait une spirale logarithmique gravée sur sa tombe avec « je renais identique » ; le tailleur de pierre s'est trompé et a gravé la mauvaise spirale.";
1456;mysteres;"Mystères";"James Barry (médecin)";"Chirurgien vedette de l'armée britannique pendant quarante ans, il fut découvert au moment de sa toilette mortuaire en 1865 avoir un corps de femme.";
1457;mysteres;"Mystères";"Jean-Claude Romand";"Il a fait croire dix-huit ans qu'il était médecin à l'OMS, partant chaque matin lire des revues sur un parking, avant de tuer toute sa famille.";
1458;mysteres;"Mystères";"Jeanne Calment";"Morte à 122 ans, elle avait vendu son appartement en viager à un notaire de 47 ans, qui est décédé avant elle après lui avoir versé plus que sa valeur.";
1459;mysteres;"Mystères";"Jim Thompson (homme d'affaires)";"Le roi de la soie thaïlandaise est parti se promener après le déjeuner dans les hauteurs malaises en 1967 et n'est jamais revenu, malgré des battues massives.";
1460;mysteres;"Mystères";"Juliane Koepcke";"À dix-sept ans elle tombe d'un avion foudroyé au-dessus de l'Amazonie, encore sanglée à son siège, puis marche onze jours jusqu'à des bûcherons.";
1461;mysteres;"Mystères";"Jumeaux Jim";"Séparés à la naissance et réunis à trente-neuf ans, ils avaient épousé une Linda puis une Betty, nommé leur fils James Alan et leur chien Toy.";
1462;mysteres;"Mystères";"Jérôme de Sandy Cove";"En 1863, un homme aux deux jambes fraîchement amputées est déposé sur une plage de Nouvelle-Écosse ; il vivra 49 ans sans jamais dire d'où il venait.";
1463;mysteres;"Mystères";"Kaspar Hauser";"Un adolescent apparaît sur une place de Nuremberg en 1828, sachant à peine marcher, et meurt poignardé cinq ans plus tard sans avoir été identifié.";
1464;mysteres;"Mystères";"Kaz II";"En 2007, ce catamaran dérive au large de l'Australie moteur allumé, ordinateur portable ouvert et repas servi ; les trois hommes à bord ont disparu.";
1465;mysteres;"Mystères";"Kryptos";"Une sculpture plantée au siège de la CIA depuis 1990 dont le quatrième passage chiffré résiste encore à tous les cryptanalystes.";
1466;mysteres;"Mystères";"L'Inconnue de la Seine";"Le moulage du visage d'une noyée anonyme est devenu celui des mannequins de secourisme : le visage le plus embrassé du monde.";
1467;mysteres;"Mystères";"L-8 (dirigeable)";"En 1942, ce dirigeable de patrouille s'est posé tout seul dans une rue californienne : radio en marche, gilets et parachutes en place, les deux hommes d'équipage envolés.";
1468;mysteres;"Mystères";"La Chouette d'or";"Une chouette de bronze enterrée en France en 1993 a résisté à trente et un ans de chasse acharnée avant d'être enfin déterrée en 2024.";
1469;mysteres;"Mystères";"Lac Roopkund";"Cinq cents squelettes gisent dans un lac himalayen gelé ; l'ADN a montré qu'une partie d'entre eux venaient de Méditerranée orientale.";
1470;mysteres;"Mystères";"Lac Toplitz";"Des plongeurs ont remonté de ce lac autrichien des caisses de faux billets de la Banque d'Angleterre imprimés par les nazis.";
1471;mysteres;"Mystères";"Lady Be Good";"Un bombardier intact retrouvé dans le Sahara seize ans après, thermos encore pleins ; l'équipage avait marché plus de cent kilomètres avant de mourir.";
1472;mysteres;"Mystères";"Lars Mittank";"En 2014, filmé par une caméra d'aéroport bulgare, il jette son sac, saute une clôture et court vers un champ ; on ne l'a plus jamais revu.";
1473;mysteres;"Mystères";"Ludolph van Ceulen";"Il a passé sa vie à calculer trente-cinq décimales de pi et les a fait graver sur sa pierre tombale à Leyde.";
1474;mysteres;"Mystères";"Ludwig Leichhardt";"Cet explorateur a disparu en 1848 en traversant l'Australie ; on n'a retrouvé qu'une plaque de laiton gravée à son nom, un siècle plus tard.";
1475;mysteres;"Mystères";"Lumières de Hessdalen";"Dans une vallée norvégienne, des boules lumineuses apparaissent assez régulièrement pour qu'un laboratoire automatique les photographie depuis des décennies.";
1476;mysteres;"Mystères";"Lyle Stevik";"Un homme s'est pendu dans un motel sous un nom emprunté à un roman ; il a fallu dix-sept ans pour apprendre le vrai.";
1477;mysteres;"Mystères";"Lyubov Orlova";"Ce paquebot russe abandonné a traversé l'Atlantique tout seul en 2013, et ses balises de détresse se sont déclenchées quelque part au milieu de l'océan.";
1478;mysteres;"Mystères";"MV Alta";"Abandonné au large des Bermudes en 2018, ce cargo a navigué seul pendant plus d'un an avant de s'échouer sur la côte irlandaise pendant une tempête.";
1479;mysteres;"Mystères";"MV Joyita";"Retrouvé à demi coulé mais insubmersible en 1955, sans ses vingt-cinq passagers, la radio bloquée sur la fréquence de détresse.";
1480;mysteres;"Mystères";"Mains de Gargas";"Sur les parois de cette grotte pyrénéenne, deux cent trente et une mains négatives ont été soufflées il y a 27 000 ans, et beaucoup ont des doigts incomplets.";
1481;mysteres;"Mystères";"Maison Winchester";"La veuve du fabricant de fusils a fait bâtir sans plan pendant trente-huit ans une maison à escaliers menant au plafond et portes ouvrant sur le vide.";
1482;mysteres;"Mystères";"Manuscrit Copiale";"Ce livre chiffré de cent cinq pages, déchiffré en 2011, s'est révélé être le rituel d'une société secrète allemande obsédée par les yeux.";
1483;mysteres;"Mystères";"Manuscrit de Rohonc";"Quatre cent quarante-huit pages écrites dans un alphabet de près de deux cents signes que personne n'a rattaché à une langue connue.";
1484;mysteres;"Mystères";"Manuscrit de Voynich";"Deux cent quarante pages dans une écriture que personne n'a jamais lue, illustrées de plantes qui n'existent pas.";
1485;mysteres;"Mystères";"Mark Hofmann";"Ce faussaire de documents mormons a posé des bombes artisanales tuant deux personnes quand ses acheteurs ont commencé à douter.";
1486;mysteres;"Mystères";"Marthe de Florian";"Un appartement parisien fermé à clé en 1942 a été rouvert en 2010 avec ses meubles intacts et un portrait inédit vendu plus de deux millions d'euros.";
1487;mysteres;"Mystères";"Mary Celeste";"Retrouvé intact, sous voiles, table mise, sans un seul homme à bord.";
1488;mysteres;"Mystères";"Masquerade (livre)";"Ce livre d'énigmes cachait la position d'un lièvre en or massif, déterré en 1982 par un homme qui trichait grâce à l'ex-compagne de l'auteur.";
1489;mysteres;"Mystères";"Massacre de Villisca";"Huit personnes tuées à la hache dans leur sommeil en 1912, et tous les miroirs de la maison soigneusement recouverts d'un tissu.";
1490;mysteres;"Mystères";"Mathusalem (arbre)";"Ce pin de Californie germait il y a près de cinq mille ans, et sa position exacte est tenue secrète pour le protéger des visiteurs.";
1491;mysteres;"Mystères";"May Pierstorff";"En 1914, une fillette de cinq ans a été expédiée chez sa grand-mère par la poste américaine, timbres collés sur le manteau, au tarif des poussins.";
1492;mysteres;"Mystères";"Mehran Karimi Nasseri";"Il a vécu dix-huit ans sur une banquette du terminal 1 de Roissy, avec ses valises, son courrier et ses journaux soigneusement empilés.";
1493;mysteres;"Mystères";"Michael Rockefeller";"Fils du gouverneur de New York, il a dit « je crois que je peux y arriver » avant de nager vers la côte de Nouvelle-Guinée en 1961 ; on ne l'a plus revu.";
1494;mysteres;"Mystères";"Michel Lotito";"Il a mangé, en morceaux et sur deux ans, un avion léger entier, plus des vélos, des téléviseurs et un cercueil.";
1495;mysteres;"Mystères";"Momie hurlante";"Une momie égyptienne cousue dans une peau de mouton, non éviscérée, bouche grande ouverte : probablement un fils de Ramsès III condamné à mort.";
1496;mysteres;"Mystères";"Monolithe de l'Utah";"Un prisme métallique de trois mètres a été découvert au fond d'un canyon désert en 2020, puis enlevé de nuit quelques jours plus tard par des inconnus.";
1497;mysteres;"Mystères";"Monts de Kong";"Une chaîne de montagnes inventée en 1798 a barré l'Afrique de l'Ouest sur les atlas pendant quatre-vingt-dix ans avant d'être effacée.";
1498;mysteres;"Mystères";"Mort d'Edgar Allan Poe";"Retrouvé délirant dans la rue avec les vêtements d'un autre homme, il meurt quatre jours plus tard en appelant un « Reynolds » que nul n'a identifié.";
1499;mysteres;"Mystères";"Mort de Gareth Williams";"Un mathématicien du renseignement britannique a été retrouvé replié dans un sac de sport cadenassé, posé dans sa baignoire, sans une empreinte à lui dessus.";
1500;mysteres;"Mystères";"Mots croisés du Daily Telegraph de 1944";"Dans les semaines précédant le Débarquement, les grilles d'un instituteur donnèrent Utah, Omaha, Overlord, Mulberry et Neptune ; le MI5 conclut au hasard.";
1501;mysteres;"Mystères";"Moulin à fourmis";"Des fourmis légionnaires qui perdent la piste se mettent à tourner en rond en suivant les phéromones les unes des autres, jusqu'à mourir d'épuisement.";
1502;mysteres;"Mystères";"Nan Madol";"Une centaine d'îlots artificiels bâtis en Micronésie avec sept cent cinquante mille tonnes de colonnes de basalte, sans qu'on sache comment on les a déplacées.";
1503;mysteres;"Mystères";"Nicolas Bourbaki";"Ce mathématicien prolifique n'a jamais existé : c'est un collectif français qui a demandé son adhésion à une société savante et publié son faire-part de mariage.";
1504;mysteres;"Mystères";"Oak Island";"Depuis 1795, des générations creusent le même puits inondé de Nouvelle-Écosse ; six personnes y sont mortes et rien n'a jamais été remonté.";
1505;mysteres;"Mystères";"Or de Yamashita";"Un serrurier philippin a affirmé avoir trouvé un bouddha d'or du butin japonais ; un tribunal lui a accordé des dizaines de millions de dollars pour sa saisie.";
1506;mysteres;"Mystères";"Oxford Electric Bell";"Une sonnerie installée à Oxford en 1840 tinte sans arrêt depuis, environ dix milliards de fois, et personne n'ose ouvrir sa pile pour comprendre.";
1507;mysteres;"Mystères";"Pando";"Cette forêt de quarante-sept mille peupliers de l'Utah est un seul individu partageant une racine unique, vieille de dizaines de milliers d'années.";
1508;mysteres;"Mystères";"Particule Oh-My-God";"En 1991, un seul proton a frappé l'atmosphère avec l'énergie d'une balle de baseball lancée à cent kilomètres-heure.";
1509;mysteres;"Mystères";"Percy Fawcett";"Parti chercher une cité perdue en Amazonie en 1925, il avait laissé pour consigne de n'envoyer surtout personne le secourir.";
1510;mysteres;"Mystères";"Peter Bergmann (affaire)";"En juin 2009, un homme a découpé les étiquettes de ses vêtements, jeté ses affaires dans la mer de Sligo et est mort sur la plage, jamais identifié.";
1511;mysteres;"Mystères";"Phare des Flannan";"Décembre 1900 : les trois gardiens ont disparu, la porte refermée, un ciré resté accroché derrière elle et le journal de bord parfaitement à jour.";
1512;mysteres;"Mystères";"Piano Man (affaire)";"Trouvé trempé en costume sur une plage anglaise en 2005, il n'a pas prononcé un mot pendant des mois et a seulement dessiné un piano à queue.";
1513;mysteres;"Mystères";"Pieds humains de la mer des Salish";"Depuis 2007, une vingtaine de chaussures de sport contenant un pied humain se sont échouées sur les plages entre le Canada et Washington.";
1514;mysteres;"Mystères";"Pierre runique de Kensington";"Un fermier du Minnesota a déterré en 1898 une pierre runique racontant un massacre de Vikings en 1362, en plein cœur de l'Amérique du Nord.";
1515;mysteres;"Mystères";"Pierres mouvantes de la Racetrack Playa";"Des rochers laissent des sillons de centaines de mètres dans le désert ; en 2014, on a filmé de fines plaques de glace qui les poussaient au vent.";
1516;mysteres;"Mystères";"Pigeon voyageur de Bletchley Park";"En 2012, un squelette de pigeon retrouvé dans une cheminée anglaise portait une capsule rouge avec un message chiffré que le GCHQ dit ne pas pouvoir lire.";
1517;mysteres;"Mystères";"Point Nemo";"Au point de l'océan le plus éloigné de toute terre, les humains les plus proches sont souvent les astronautes qui passent quatre cents kilomètres au-dessus.";
1518;mysteres;"Mystères";"Poon Lim";"Torpillé en 1942, il a passé cent trente-trois jours seul sur un radeau, pêchant avec un hameçon fabriqué dans un clou de lampe torche.";
1519;mysteres;"Mystères";"Prometheus (arbre)";"En 1964, un étudiant a abattu un pin dont la carotte avait cassé dans sa tarière ; en comptant les cernes, il a compris qu'il venait de tuer le plus vieil arbre du monde.";
1520;mysteres;"Mystères";"R v Dudley and Stephens";"Des naufragés ont mangé en 1884 un mousse nommé Richard Parker, exactement comme dans un roman d'Edgar Allan Poe publié quarante-six ans plus tôt.";
1521;mysteres;"Mystères";"Ramsès II";"Pour venir se faire soigner à Paris en 1976, la momie du pharaon a reçu un passeport égyptien mentionnant la profession « roi (décédé) ».";
1522;mysteres;"Mystères";"Richey Edwards";"Le guitariste des Manic Street Preachers a laissé sa voiture près d'un pont en 1995 ; déclaré mort en 2008, il n'a jamais été retrouvé.";
1523;mysteres;"Mystères";"Ricky McCormick";"Le corps d'un homme retrouvé dans un champ du Missouri en 1999 avait dans ses poches deux feuilles couvertes d'un code que le FBI a fini par soumettre au public.";
1524;mysteres;"Mystères";"Rocher gravé de Plougastel-Daoulas";"En 2019, une commune bretonne a offert 2 000 euros à qui déchiffrerait une inscription du XVIIIe siècle gravée sur un rocher couvert par la marée.";
1525;mysteres;"Mystères";"Roland T. Owen";"En 1935, un homme sous faux nom est retrouvé ligoté et mourant dans la chambre 1046 d'un hôtel de Kansas City ; un inconnu a payé ses fleurs par téléphone.";
1526;mysteres;"Mystères";"Ronds de sorcière";"Des millions de cercles nus parfaitement ronds parsèment le désert namibien, et biologistes et écologues se disputent encore leur explication.";
1527;mysteres;"Mystères";"Rosalia Lombardo";"Embaumée à deux ans en 1920, elle semble simplement endormie dans les catacombes de Palerme, et le procédé de son embaumeur a été perdu pendant un siècle.";
1528;mysteres;"Mystères";"Runit Dome";"Un dôme de béton posé sur un cratère d'essai nucléaire du Pacifique contient quatre-vingt-cinq mille mètres cubes de déchets, et il se fissure.";
1529;mysteres;"Mystères";"République de la Conque";"En 1982, Key West a fait sécession, déclaré la guerre aux États-Unis, capitulé au bout d'une minute et demandé une aide à la reconstruction.";
1530;mysteres;"Mystères";"SS Waratah";"Ce paquebot de 150 mètres a disparu au large de l'Afrique du Sud en 1909 avec 211 personnes, sans une épave, sans un corps, sans un débris.";
1531;mysteres;"Mystères";"Salvator Mundi (Léonard de Vinci)";"Racheté 1 175 dollars dans une vente de province, ce tableau a été adjugé 450 millions en 2017, et personne ne sait publiquement où il se trouve.";
1532;mysteres;"Mystères";"Satoshi Nakamoto";"L'inventeur du bitcoin a écrit son dernier message en 2011 et n'a jamais touché au million de bitcoins qui dort à son adresse.";
1533;mysteres;"Mystères";"Sculptures de papier d'Édimbourg";"Pendant des mois, des bibliothèques écossaises ont trouvé de minuscules sculptures découpées dans des livres, déposées anonymement avec un mot de remerciement.";
1534;mysteres;"Mystères";"Shoichi Yokoi";"Découvert à Guam en 1972 après vingt-huit ans caché, il a déclaré en rentrant au Japon qu'il avait honte de revenir vivant.";
1535;mysteres;"Mystères";"Silphium";"Cyrène a bâti sa fortune sur une plante médicinale si convoitée qu'elle figurait sur ses pièces, et qu'on a consommée jusqu'à l'extinction.";
1536;mysteres;"Mystères";"Star Dust (avion)";"Le dernier message morse de cet avion disparu en 1947 était le mot « STENDEC », répété trois fois ; l'épave a resurgi d'un glacier cinquante ans plus tard.";
1537;mysteres;"Mystères";"Surtsey";"Une île sortie de la mer en 1963 est interdite à tout visiteur ; une tomate y a poussé un jour et les scientifiques l'ont aussitôt arrachée.";
1538;mysteres;"Mystères";"Syndrome de Kalachi";"Dans un village kazakh, des habitants se sont endormis d'un coup pendant plusieurs jours d'affilée, à répétition, entre 2013 et 2015.";
1539;mysteres;"Mystères";"Sépulture de William Shakespeare";"Sa dalle maudit quiconque déplacerait ses os ; un radar passé en 2016 suggère que le crâne manque déjà.";
1540;mysteres;"Mystères";"Terre de Crocker";"Une expédition de quatre ans est partie explorer une terre arctique qui n'a jamais existé : celui qui l'avait signalée cherchait des financements.";
1541;mysteres;"Mystères";"The Lincolnshire Poacher (station numérique)";"Pendant des décennies, une voix féminine a lu des groupes de cinq chiffres en ondes courtes, précédée d'une chanson folklorique anglaise, sans que personne ne le reconnaisse officiellement.";
1542;mysteres;"Mystères";"The Secret (Byron Preiss)";"Douze coffrets ont été enterrés dans des villes américaines en 1982 ; quarante ans plus tard, seuls trois ont été retrouvés.";
1543;mysteres;"Mystères";"Thomas Jefferson";"Les deux rédacteurs de la Déclaration d'indépendance sont morts le même jour, le 4 juillet 1826, jour du cinquantenaire exact du texte.";
1544;mysteres;"Mystères";"Titine";"Le nom chimique complet de cette protéine humaine compte 189 819 lettres et demande plus de trois heures à prononcer.";
1545;mysteres;"Mystères";"Tombe d'Archimède";"Il avait demandé une sphère dans un cylindre sur sa tombe ; Cicéron l'a retrouvée sous les ronces cent trente ans plus tard, oubliée de tous.";
1546;mysteres;"Mystères";"Toynbee tiles";"Des centaines de dalles incrustées dans l'asphalte d'une vingtaine de villes annoncent la résurrection des morts sur Jupiter ; leur auteur reste inconnu.";
1547;mysteres;"Mystères";"Trésor de Forrest Fenn";"Un antiquaire a caché un coffre d'or dans les Rocheuses en 2010 ; au moins cinq chasseurs sont morts en le cherchant avant sa découverte en 2020.";
1548;mysteres;"Mystères";"Turc mécanique";"L'automate qui battait Napoléon aux échecs cachait un joueur humain replié dans le meuble, et le secret a tenu plus de soixante ans.";
1549;mysteres;"Mystères";"USS Cyclops";"Un navire de cent soixante-cinq mètres et trois cent six hommes s'est évaporé en 1918 sans un message radio ni un débris.";
1550;mysteres;"Mystères";"UVB-76";"Une fréquence russe diffuse le même bourdonnement depuis les années 1970, interrompu de loin en loin par une voix qui lit des mots incompréhensibles.";
1551;mysteres;"Mystères";"Vesna Vulović";"Éjectée dans un fragment de fuselage à plus de dix kilomètres d'altitude en 1972, elle a survécu et a repris l'avion sans jamais avoir peur.";
1552;mysteres;"Mystères";"Vincenzo Peruggia";"En 1911, un ouvrier a passé la nuit dans un placard du Louvre et est ressorti au matin avec la Joconde sous sa blouse ; c'est le vol qui l'a rendue mondialement célèbre.";
1553;mysteres;"Mystères";"Vivian Maier";"Une nounou de Chicago a pris cent mille photos que personne n'a vues de son vivant ; elles ont été rachetées pour quelques centaines de dollars dans un box aux enchères.";
1554;mysteres;"Mystères";"Vol 19";"Cinq bombardiers américains perdus en formation en 1945, puis l'hydravion parti les chercher, disparu à son tour avec treize hommes.";
1555;mysteres;"Mystères";"Vol 370 Malaysia Airlines";"Un Boeing a fait demi-tour, volé sept heures vers le sud et disparu ; on n'en a retrouvé que des morceaux échoués sur des plages africaines.";
1556;mysteres;"Mystères";"Vol 522 Helios Airways";"En 2005, des pilotes de chasse ont vu par le hublot un avion de ligne dont tous les occupants étaient inconscients, volant seul sur pilote automatique.";
1557;mysteres;"Mystères";"Vol de diamants d'Anvers";"En 2003, une équipe a ouvert 123 coffres protégés par dix systèmes de sécurité ; ils ont été confondus par un sandwich jeté dans un bois.";
1558;mysteres;"Mystères";"Vol de la banque centrale de Fortaleza";"En 2005, des voleurs ont creusé un tunnel de soixante-dix-huit mètres sous une banque brésilienne et emporté trois tonnes et demie de billets, jamais retrouvés.";
1559;mysteres;"Mystères";"Vol du musée Isabella-Stewart-Gardner";"Deux faux policiers ont emporté treize œuvres en 1990 ; par testament, les cadres vides restent accrochés au mur à leur place exacte.";
1560;mysteres;"Mystères";"W. Reginald Bray";"Cet Anglais a envoyé par la poste un navet, un chien, un chapeau melon, puis lui-même, pour tester ce que le service acceptait de transporter.";
1561;mysteres;"Mystères";"Wilhelm Voigt";"En 1906, un cordonnier a acheté un uniforme d'officier d'occasion, réquisitionné dix soldats dans la rue, arrêté un maire et emporté la caisse de la ville.";
1562;mysteres;"Mystères";"Xin Zhui";"Cette femme morte il y a 2 100 ans a été exhumée avec la peau souple, les articulations mobiles et du sang liquide dans les veines.";
1563;mysteres;"Mystères";"Yuba County Five";"Cinq hommes rentrant d'un match ont abandonné leur voiture en état de marche pour monter à trente kilomètres dans la montagne enneigée.";
1564;mysteres;"Mystères";"Zodiac (tueur en série)";"Son message de 340 caractères a tenu cinquante et un ans avant d'être cassé par trois amateurs coordonnés par Internet.";
1565;mysteres;"Mystères";"Zone 51";"Le gouvernement américain a nié pendant soixante ans l'existence de la base avant de la reconnaître dans un document déclassifié en 2013.";
1566;mysteres;"Mystères";"Zone rouge (séquelles de guerre)";"Un siècle après Verdun, des villages entiers restent interdits d'habitation et de culture, le sol trop chargé d'obus et d'arsenic.";
1567;mysteres;"Mystères";"Éclair du Catatumbo";"À l'embouchure d'une rivière vénézuélienne, l'orage éclate presque trois cents nuits par an, jusqu'à vingt-huit éclairs par minute.";
1568;mysteres;"Mystères";"Écriture de l'Indus";"Une civilisation de plusieurs millions d'habitants a laissé des milliers d'inscriptions, jamais plus longues que quelques signes, toujours muettes.";
1569;mysteres;"Mystères";"Évasion d'Alcatraz de juin 1962";"Trois hommes ont creusé avec des cuillères, laissé dans leurs lits des têtes en papier mâché coiffées de vrais cheveux, et pris le large.";
1570;mysteres;"Mystères";"Île Sandy";"Cette île figurait sur les cartes marines depuis 1876 ; en 2012, un navire australien s'y est rendu et a trouvé 1 400 mètres d'eau.";
1571;mysteres;"Mystères";"Île de North Sentinel";"Ses habitants refusent tout contact depuis des siècles et l'Inde interdit d'approcher, pour leur survie immunitaire autant que pour la sécurité des visiteurs.";
1572;mysteres;"Mystères";"Ötzi";"Vingt ans après sa découverte, une radio a révélé la pointe de flèche plantée dans son épaule : le plus vieux meurtre documenté d'Europe.";
1573;sciences;"Sciences & Inventions";"1729 (nombre)";"Mourant à l'hôpital, Ramanujan répondit du tac au tac que ce numéro de taxi était le plus petit nombre exprimable de deux façons en somme de cubes.";
1574;sciences;"Sciences & Inventions";"ARPANET";"Le premier message envoyé sur l'ancêtre d'Internet devait dire « login » ; le système a planté après les deux premières lettres.";
1575;sciences;"Sciences & Inventions";"Acier à faible teneur en radionucléides";"Pour équiper certains détecteurs, on découpe encore la coque de navires coulés avant 1945, seul acier au monde non contaminé par les essais atmosphériques.";
1576;sciences;"Sciences & Inventions";"Ada Lovelace";"En 1843, elle a écrit le premier programme de l'histoire pour une machine jamais construite, en prédisant qu'un jour elle composerait de la musique.";
1577;sciences;"Sciences & Inventions";"Affaire Bogdanov";"Deux frères vedettes de la télévision ont décroché des doctorats de physique avec des thèses que des spécialistes ont jugées incompréhensibles.";
1578;sciences;"Sciences & Inventions";"Affaire Sokal";"Un physicien a fait accepter dans une revue prestigieuse un article volontairement dépourvu de sens, puis a révélé la supercherie le jour même de sa parution.";
1579;sciences;"Sciences & Inventions";"Aiguille de Buffon";"En jetant des aiguilles au hasard sur un parquet et en comptant celles qui touchent une rainure, on obtient la valeur de pi.";
1580;sciences;"Sciences & Inventions";"Alan Turing";"Il a posé les fondations de l'informatique et cassé des codes qui ont raccourci une guerre, mais son travail est resté classé secret cinquante ans.";
1581;sciences;"Sciences & Inventions";"Alexander Fleming";"Il a refusé de breveter la pénicilline et annonçait dès 1945 l'apparition de bactéries devenues résistantes par usage négligent.";
1582;sciences;"Sciences & Inventions";"Alfred Russel Wallace";"Une lettre venue d'Indonésie décrivant la sélection naturelle a forcé Darwin à publier en quelques semaines vingt ans de manuscrits gardés au tiroir.";
1583;sciences;"Sciences & Inventions";"Alfred Wegener";"Il a proposé la dérive des continents en 1912, s'est fait rire au nez pendant cinquante ans, et est mort dans les glaces avant d'avoir raison.";
1584;sciences;"Sciences & Inventions";"Algorithme de Karatsuba";"Un étudiant de vingt-trois ans a réfuté en une semaine une conjecture de Kolmogorov et divisé pour toujours le coût de la multiplication.";
1585;sciences;"Sciences & Inventions";"Alhazen";"Emprisonné pour avoir promis de dompter le Nil, il a mis à profit sa réclusion pour fonder l'optique moderne et la méthode expérimentale.";
1586;sciences;"Sciences & Inventions";"Anomalie des neutrinos supraluminiques";"En 2011, une équipe a annoncé des particules plus rapides que la lumière ; le coupable était un connecteur de fibre optique mal vissé.";
1587;sciences;"Sciences & Inventions";"Antoine Lavoisier";"Le fondateur de la chimie moderne a été guillotiné en une matinée, et Lagrange a dit qu'un siècle ne suffirait pas à refaire une telle tête.";
1588;sciences;"Sciences & Inventions";"Antonio Meucci";"Faute des dix dollars nécessaires au renouvellement de son brevet, l'homme qui avait fait parler un fil est mort ruiné à New York.";
1589;sciences;"Sciences & Inventions";"Aqueduc de Nîmes";"Sur cinquante kilomètres, la pente moyenne atteint vingt-cinq centimètres par kilomètre, ajustée sans le moindre instrument optique.";
1590;sciences;"Sciences & Inventions";"Article Alpher-Bethe-Gamow";"Gamow a ajouté un collègue à la liste des auteurs uniquement pour que la signature de l'article ressemble aux trois premières lettres de l'alphabet grec.";
1591;sciences;"Sciences & Inventions";"Astate";"L'élément le plus rare de la croûte terrestre y est présent en moins de trente grammes à tout instant, et personne n'en a jamais vu un morceau.";
1592;sciences;"Sciences & Inventions";"Aérogel";"Ce solide est fait à 99,8 % d'air, ne se sent pas dans la main, et supporte pourtant plusieurs milliers de fois son propre poids.";
1593;sciences;"Sciences & Inventions";"Bakélite";"Le premier plastique entièrement synthétique était si stable qu'il ne refond jamais, ce qui le rend aujourd'hui presque impossible à recycler.";
1594;sciences;"Sciences & Inventions";"Barn (unité)";"Les physiciens nucléaires mesurent les cibles atomiques en granges, parce qu'à leur échelle toucher un noyau revient à viser une porte de grange.";
1595;sciences;"Sciences & Inventions";"Barrage de Malpasset";"La rupture d'un barrage-voûte a vidé cinquante millions de mètres cubes d'eau sur Fréjus en une vingtaine de minutes.";
1596;sciences;"Sciences & Inventions";"Barrage de Vajont";"Le barrage a parfaitement tenu, mais un pan de montagne tombé dans la retenue a projeté une vague de deux cent cinquante mètres par-dessus la crête.";
1597;sciences;"Sciences & Inventions";"Bois transparent";"Du bois débarrassé de sa lignine laisse passer neuf dixièmes de la lumière tout en restant plus résistant que le verre.";
1598;sciences;"Sciences & Inventions";"Boson de Higgs";"Le surnom de « particule de Dieu » vient d'un éditeur qui a refusé le titre d'origine, nettement plus grossier, proposé par l'auteur.";
1599;sciences;"Sciences & Inventions";"Bug (informatique)";"Le premier bug documenté est un vrai papillon de nuit, scotché en 1947 dans le carnet de bord d'un calculateur de Harvard.";
1600;sciences;"Sciences & Inventions";"Bug de la division du Pentium";"Cinq cases fausses dans une table de division ont coûté près d'un demi-milliard de dollars à Intel et fait rappeler des millions de processeurs.";
1601;sciences;"Sciences & Inventions";"Californium";"Un gramme de cet élément vaut plusieurs dizaines de millions de dollars, ce qui en fait la matière la plus chère jamais produite.";
1602;sciences;"Sciences & Inventions";"Carl Wilhelm Scheele";"Il a découvert l'oxygène, le chlore et le manganèse en goûtant systématiquement ses produits, habitude qui l'a probablement tué à quarante-trois ans.";
1603;sciences;"Sciences & Inventions";"Castor affairé";"Il a fallu des centaines d'amateurs coordonnés sur Internet pour prouver qu'une machine à cinq états s'arrête après quarante-sept millions d'étapes.";
1604;sciences;"Sciences & Inventions";"Catastrophe du pont de la Basse-Chaîne";"Un bataillon marchant au pas a mis un pont suspendu d'Angers en résonance, et deux cent vingt-six soldats sont tombés dans la Maine.";
1605;sciences;"Sciences & Inventions";"Catastrophe ferroviaire du pont sur la Tay";"Un pont ferroviaire s'est envolé avec son train un soir de tempête, son concepteur ayant tout simplement omis la pression du vent.";
1606;sciences;"Sciences & Inventions";"Cecilia Payne";"Elle a découvert que les étoiles sont faites d'hydrogène, et on l'a convaincue d'écrire dans sa thèse que ce résultat était sûrement faux.";
1607;sciences;"Sciences & Inventions";"Cellules HeLa";"Prélevées sans consentement en 1951, ces cellules se multiplient encore dans le monde entier et pèsent au total bien plus que la femme dont elles viennent.";
1608;sciences;"Sciences & Inventions";"Centennial Light";"Suspendue dans une caserne californienne, cette ampoule éclaire sans discontinuer depuis 1901 et a survécu à trois webcams chargées de la surveiller.";
1609;sciences;"Sciences & Inventions";"Chambre anéchoïque";"Dans la pièce la plus silencieuse du monde, on entend ses articulations et le sang dans ses oreilles ; presque personne n'y tient une heure.";
1610;sciences;"Sciences & Inventions";"Chambre à brouillard";"Un physicien voulait recréer en laboratoire les brumes vues sur une colline écossaise, et il a fini par photographier les particules elles-mêmes.";
1611;sciences;"Sciences & Inventions";"Charachka";"L'Union soviétique enfermait ses meilleurs ingénieurs dans des laboratoires-prisons où l'on dessinait des avions entre deux interrogatoires.";
1612;sciences;"Sciences & Inventions";"Charles Goodyear";"Il a trouvé la vulcanisation en laissant tomber son mélange sur un poêle brûlant, et est mort en laissant deux cent mille dollars de dettes.";
1613;sciences;"Sciences & Inventions";"Chester Carlson";"Vingt entreprises ont refusé la photocopie, jugée sans avenir puisque le papier carbone existait déjà et ne coûtait rien.";
1614;sciences;"Sciences & Inventions";"Chicago Pile-1";"La première réaction en chaîne contrôlée a été obtenue sous les gradins d'un stade universitaire, en pleine ville, sans aucune enceinte de confinement.";
1615;sciences;"Sciences & Inventions";"Chien-Shiung Wu";"Son expérience a prouvé que l'univers distingue la gauche de la droite ; le Nobel est allé aux deux théoriciens qui étaient venus la solliciter.";
1616;sciences;"Sciences & Inventions";"Chiffre Dorabella";"Le compositeur Edward Elgar a envoyé à une amie un billet de quatre-vingt-sept symboles que personne n'a jamais réussi à lire.";
1617;sciences;"Sciences & Inventions";"Chiffre de Vigenère";"Réputé indéchiffrable pendant trois siècles, il a été cassé en secret par Babbage, qui n'a jamais rien publié de sa méthode.";
1618;sciences;"Sciences & Inventions";"Christiaan Huygens";"Pour dater ses découvertes sans les révéler à ses rivaux, il publiait des anagrammes que personne ne pouvait déchiffrer avant lui.";
1619;sciences;"Sciences & Inventions";"Clair Patterson";"Pour dater la Terre, il a dû inventer la salle blanche, et découvert au passage que la planète entière avait été contaminée au plomb.";
1620;sciences;"Sciences & Inventions";"Classification des groupes simples finis";"La démonstration s'étale sur des dizaines de milliers de pages écrites par une centaine d'auteurs, et une lacune a été comblée trente ans après l'annonce.";
1621;sciences;"Sciences & Inventions";"Clifford Cocks";"La cryptographie à clé publique avait été inventée en secret par les services britanniques quatre ans avant sa découverte publique, et classée vingt-cinq ans.";
1622;sciences;"Sciences & Inventions";"Cloche électrique d'Oxford";"Cette sonnette tinte sans interruption depuis 1840 et personne n'ose ouvrir ses piles pour comprendre enfin de quoi elles sont faites.";
1623;sciences;"Sciences & Inventions";"Colossus (ordinateur)";"Le premier calculateur électronique programmable a été démonté sur ordre et tenu secret trente ans, effaçant l'antériorité britannique de l'histoire.";
1624;sciences;"Sciences & Inventions";"Conjecture d'Euler sur les sommes de puissances";"Une conjecture vieille de deux siècles est tombée en 1966 sur un contre-exemple qu'un ordinateur a trouvé en quelques heures de recherche.";
1625;sciences;"Sciences & Inventions";"Conjecture de Mertens";"On a démontré qu'elle est fausse sans pouvoir exhiber le moindre contre-exemple, tant le premier est astronomiquement lointain.";
1626;sciences;"Sciences & Inventions";"Conjecture de Pólya";"Vraie pour les premiers milliards d'entiers, elle devient fausse à partir d'un nombre de neuf cent six milliards, découvert bien trop tard.";
1627;sciences;"Sciences & Inventions";"Conjecture de Syracuse";"Divisez par deux si c'est pair, triplez et ajoutez un sinon : personne ne sait démontrer qu'on retombe toujours sur 1, quel que soit le départ.";
1628;sciences;"Sciences & Inventions";"Constante de Hubble";"Deux méthodes de mesure de l'expansion de l'Univers donnent des valeurs incompatibles, et l'écart refuse obstinément de se combler.";
1629;sciences;"Sciences & Inventions";"Constante de Kaprekar";"Prenez un nombre de quatre chiffres, soustrayez ses versions rangées dans les deux sens, recommencez : en sept coups au plus, vous tombez sur 6174.";
1630;sciences;"Sciences & Inventions";"Constante de structure fine";"Wolfgang Pauli était obsédé par le nombre 137 ; il est mort dans la chambre d'hôpital qui portait ce numéro.";
1631;sciences;"Sciences & Inventions";"Coudée royale";"Les étalons de coudée des chantiers de pyramides ne varient que de quelques dixièmes de millimètre sur des monuments entiers.";
1632;sciences;"Sciences & Inventions";"Curta";"La plus élégante calculatrice mécanique jamais construite a été conçue par un déporté dans un camp de concentration, pour rester en vie.";
1633;sciences;"Sciences & Inventions";"Cyanoacrylate";"La colle instantanée a été écartée deux fois comme un échec, précisément parce qu'elle collait tout ce qu'elle touchait.";
1634;sciences;"Sciences & Inventions";"Cœur du démon";"La même sphère de plutonium a tué deux physiciens dans deux accidents distincts, dont l'un ne tenait deux hémisphères qu'avec un tournevis.";
1635;sciences;"Sciences & Inventions";"Dernier théorème de Fermat";"Une note griffonnée dans une marge en 1637 a résisté trois siècles et demi, jusqu'à ce qu'un Anglais y consacre sept ans, en secret, dans son grenier.";
1636;sciences;"Sciences & Inventions";"Diamant synthétique";"Le chercheur qui a réussi la première synthèse reproductible de diamants a reçu de son employeur une prime de dix dollars.";
1637;sciences;"Sciences & Inventions";"Dmitri Mendeleïev";"Il a laissé des cases vides dans son tableau et prédit la densité d'éléments inconnus à la décimale près, quinze ans avant leur découverte.";
1638;sciences;"Sciences & Inventions";"Douglas Prasher";"Celui qui avait cloné la protéine fluorescente verte conduisait la navette d'un concessionnaire automobile quand ses collègues ont reçu le Nobel.";
1639;sciences;"Sciences & Inventions";"Démon de Maxwell";"Un être capable de trier les molécules rapides et lentes détruirait la thermodynamique ; il a fallu un siècle pour comprendre que sa mémoire coûte cher.";
1640;sciences;"Sciences & Inventions";"ENIAC";"Six femmes programmaient la machine en rebranchant des câbles, et on les a longtemps prises, sur les photos, pour des modèles décoratifs.";
1641;sciences;"Sciences & Inventions";"Eau surfondue";"De l'eau parfaitement pure peut rester liquide jusqu'à quarante degrés sous zéro, puis geler d'un seul bloc au moindre choc.";
1642;sciences;"Sciences & Inventions";"Edward Lorenz";"Il a relancé une simulation météorologique avec un nombre arrondi à la troisième décimale et obtenu, deux mois plus tard, un temps totalement différent.";
1643;sciences;"Sciences & Inventions";"Edwin Howard Armstrong";"L'inventeur de la radio FM a passé les vingt dernières années de sa vie en procès contre les grandes chaînes et en est mort ruiné.";
1644;sciences;"Sciences & Inventions";"Effet Casimir";"Deux plaques placées à quelques nanomètres l'une de l'autre s'attirent, poussées l'une vers l'autre par le vide lui-même.";
1645;sciences;"Sciences & Inventions";"Effet Leidenfrost";"Une goutte d'eau survit plus longtemps sur une plaque brûlante que sur une plaque tiède, parce qu'elle flotte sur son propre coussin de vapeur.";
1646;sciences;"Sciences & Inventions";"Effet Meissner";"Refroidi sous sa température critique, un supraconducteur expulse tout champ magnétique et reste suspendu en l'air, immobile, comme cloué au vide.";
1647;sciences;"Sciences & Inventions";"Effet Mpemba";"Dans certaines conditions, l'eau chaude gèle plus vite que l'eau froide. Personne ne s'accorde vraiment sur pourquoi.";
1648;sciences;"Sciences & Inventions";"Effet Pauli";"Ses collègues étaient convaincus que les appareils tombaient en panne dès qu'il entrait dans une salle, au point de lui interdire l'accès au laboratoire.";
1649;sciences;"Sciences & Inventions";"Effondrement des passerelles du Hyatt Regency";"Un changement de détail sur une tige filetée a doublé la charge d'un support et tué cent quatorze danseurs.";
1650;sciences;"Sciences & Inventions";"Egas Moniz";"Le prix Nobel de médecine 1949 a récompensé la lobotomie, ensuite pratiquée sur des dizaines de milliers de patients à travers le monde.";
1651;sciences;"Sciences & Inventions";"Elisha Gray";"Il a déposé sa demande de brevet du téléphone le même jour que Bell, quelques heures trop tard, et a perdu le procès du siècle.";
1652;sciences;"Sciences & Inventions";"Emmy Noether";"Son théorème explique pourquoi l'énergie se conserve ; l'université l'a longtemps laissée enseigner gratuitement, sous le nom d'un collègue masculin.";
1653;sciences;"Sciences & Inventions";"Enigma";"Les Alliés lisaient le courrier allemand, mais devaient parfois laisser couler des convois pour ne pas révéler qu'ils savaient le déchiffrer.";
1654;sciences;"Sciences & Inventions";"Enrico Fermi";"Son Nobel de 1938 récompensait des éléments nouveaux qu'il n'avait jamais fabriqués : il avait en réalité cassé des noyaux sans s'en rendre compte.";
1655;sciences;"Sciences & Inventions";"Ernest Rutherford";"Celui qui répétait que toute science hors la physique n'est que collection de timbres a reçu, à sa grande gêne, le prix Nobel de chimie.";
1656;sciences;"Sciences & Inventions";"Expérience Homestake";"Pour compter les neutrinos du Soleil, on a rempli six cents tonnes de liquide de nettoyage à sec au fond d'une mine d'or du Dakota.";
1657;sciences;"Sciences & Inventions";"Expérience de Cavendish";"Avec deux boules de plomb et un fil de torsion dans une cabane, un homme seul a pesé la Terre entière à un pour cent près.";
1658;sciences;"Sciences & Inventions";"Expérience de Fizeau";"Une roue dentée, un miroir à huit kilomètres et une nuit claire ont suffi pour mesurer la vitesse de la lumière depuis un jardin de Suresnes.";
1659;sciences;"Sciences & Inventions";"Expérience de Hafele-Keating";"En 1971, des horloges atomiques embarquées sur des vols de ligne sont revenues avec quelques dizaines de nanosecondes d'écart, exactement comme Einstein l'avait prédit.";
1660;sciences;"Sciences & Inventions";"Expérience de Michelson-Morley";"L'échec le plus fécond de l'histoire : en ne trouvant rien du tout, ces deux hommes ont tué l'éther et ouvert la voie à la relativité.";
1661;sciences;"Sciences & Inventions";"Expérience de Miller-Urey";"Une semaine d'étincelles dans un ballon de verre a fabriqué des acides aminés, et des flacons oubliés en ont livré bien plus cinquante ans après.";
1662;sciences;"Sciences & Inventions";"Expérience de Pound et Rebka";"Le ralentissement du temps par la gravitation a été mesuré sur vingt-deux mètres de hauteur, dans la cage d'escalier d'un bâtiment universitaire.";
1663;sciences;"Sciences & Inventions";"Expérience de Schiehallion";"Pour peser la Terre, on a mesuré la déviation d'un fil à plomb par une montagne écossaise, et l'on a inventé au passage les courbes de niveau.";
1664;sciences;"Sciences & Inventions";"Expérience de Stern et Gerlach";"La trace décisive n'est apparue sur la plaque que parce qu'un des chercheurs fumait des cigares bon marché dont le soufre a révélé l'argent.";
1665;sciences;"Sciences & Inventions";"Expérience de Torricelli";"En retournant un tube de mercure dans une cuve, un élève de Galilée a fabriqué le premier vide artificiel et prouvé que l'air pèse.";
1666;sciences;"Sciences & Inventions";"Expérience de germination de Beal";"En 1879, un botaniste a enterré vingt bouteilles de graines : on en déterre une tous les vingt ans, et certaines germent encore.";
1667;sciences;"Sciences & Inventions";"Expérience de la double fente";"La particule sait si on la regarde.";
1668;sciences;"Sciences & Inventions";"Expérience de la goutte d'huile de Millikan";"Pendant des décennies, la charge mesurée de l'électron a dérivé lentement vers la bonne valeur, chacun n'osant pas trop s'écarter de son prédécesseur.";
1669;sciences;"Sciences & Inventions";"F.D.C. Willard";"Un physicien a inscrit son chat siamois comme coauteur d'un article de physique quantique pour éviter de récrire tous ses « nous ».";
1670;sciences;"Sciences & Inventions";"Ferrofluide";"Un liquide qui se dresse en pointes quand on approche un aimant.";
1671;sciences;"Sciences & Inventions";"Forage supraprofond de Kola";"Le trou le plus profond jamais creusé s'arrête à 12 262 mètres : plus bas, la roche devenait si chaude qu'elle coulait comme du plastique.";
1672;sciences;"Sciences & Inventions";"Foudre en boule";"Des milliers de témoins ont décrit des sphères lumineuses traversant les fenêtres, et l'on n'en a filmé une par hasard qu'en 2012, en Chine.";
1673;sciences;"Sciences & Inventions";"Four à micro-ondes";"L'invention est née d'une barre chocolatée fondue dans la poche d'un ingénieur qui passait devant un radar militaire allumé.";
1674;sciences;"Sciences & Inventions";"Francium";"Il n'existe à chaque instant qu'une trentaine de grammes de cet élément dans toute la croûte terrestre, et personne n'en a jamais vu un morceau.";
1675;sciences;"Sciences & Inventions";"Franz Reichelt";"Un tailleur a sauté du premier étage de la tour Eiffel pour essayer son manteau-parachute, devant une caméra qui a tout enregistré.";
1676;sciences;"Sciences & Inventions";"Frederick Banting";"Il a cédé le brevet de l'insuline pour un dollar symbolique, estimant qu'un remède ne pouvait pas appartenir à quelqu'un.";
1677;sciences;"Sciences & Inventions";"Friedrich August Kekulé";"Il affirmait avoir vu la structure du benzène en somnolant devant sa cheminée, sous la forme d'un serpent qui se mord la queue.";
1678;sciences;"Sciences & Inventions";"Fusion froide";"En 1989, deux chimistes ont annoncé en conférence de presse une énergie illimitée dans un bocal ; des centaines de laboratoires n'ont jamais rien reproduit.";
1679;sciences;"Sciences & Inventions";"GIF";"Un brevet réveillé en 1994 sur l'algorithme de compression a rendu soudain illicite le format d'image le plus répandu du web.";
1680;sciences;"Sciences & Inventions";"Galilée (savant)";"Son majeur droit est exposé sous verre dans un musée de Florence, prélevé sur son cadavre près d'un siècle après sa mort.";
1681;sciences;"Sciences & Inventions";"Gallium";"Une cuillère taillée dans ce métal fond dans une tasse de thé chaud et disparaît sous les yeux de l'invité qui remue son sucre.";
1682;sciences;"Sciences & Inventions";"Georg Cantor";"En prouvant qu'il existe des infinis plus grands que d'autres, il s'est attiré la haine de ses maîtres et a fini en hôpital psychiatrique.";
1683;sciences;"Sciences & Inventions";"George de Hevesy";"Il a dissous deux médailles Nobel en or dans de l'eau régale pour les cacher aux nazis ; le flacon a passé la guerre sur une étagère.";
1684;sciences;"Sciences & Inventions";"Gerhard Domagk";"La Gestapo l'a arrêté pour l'empêcher d'accepter son prix Nobel, qu'il n'a pu recevoir que huit ans plus tard, sans un centime de dotation.";
1685;sciences;"Sciences & Inventions";"Gordon Gould";"L'inventeur du laser a fait certifier son cahier de notes chez un buraliste et s'est battu trente ans devant les tribunaux avant d'être reconnu.";
1686;sciences;"Sciences & Inventions";"Gorilla Glass";"Un verre inventé en 1960 est resté cinquante ans dans un entrepôt sans client, jusqu'à ce que les téléphones le rendent indispensable.";
1687;sciences;"Sciences & Inventions";"Grace Hopper";"Pour faire sentir ce qu'est une nanoseconde, elle distribuait des bouts de fil de trente centimètres : la distance que parcourt un signal pendant ce temps.";
1688;sciences;"Sciences & Inventions";"Grand Chiffre";"Le code de Louis XIV, fort de cinq cent quatre-vingt-sept symboles, a résisté deux siècles avant qu'un cryptologue ne le brise en trois mois.";
1689;sciences;"Sciences & Inventions";"Grand collisionneur de hadrons";"La machine la plus complexe jamais construite a été mise à l'arrêt une fois par une fouine et une autre fois par un morceau de pain tombé d'un oiseau.";
1690;sciences;"Sciences & Inventions";"Grande inondation de mélasse";"Un réservoir éventré a lâché huit millions de litres de mélasse filant à trente-cinq kilomètres par heure dans les rues de Boston.";
1691;sciences;"Sciences & Inventions";"Graphène";"Ses découvreurs l'ont isolé en arrachant des couches de mine de crayon avec du ruban adhésif, un vendredi soir de bricolage récompensé par un Nobel.";
1692;sciences;"Sciences & Inventions";"Gravity Probe B";"Ses gyroscopes de quartz sont les objets les plus sphériques jamais usinés, à quelques dizaines de couches d'atomes près.";
1693;sciences;"Sciences & Inventions";"Grigori Perelman";"Il a résolu l'un des sept problèmes du millénaire, refusé le million de dollars et la médaille Fields, puis disparu vivre chez sa mère.";
1694;sciences;"Sciences & Inventions";"Guerre des courants";"Pour discréditer le courant alternatif de son rival, le camp d'Edison a organisé des électrocutions publiques d'animaux devant la presse.";
1695;sciences;"Sciences & Inventions";"Hans le Malin";"Ce cheval savait compter et lire l'heure, jusqu'à ce qu'on découvre qu'il déchiffrait les micro-mouvements involontaires de son propre maître.";
1696;sciences;"Sciences & Inventions";"Hedy Lamarr";"Vedette de cinéma le jour, elle a breveté un système de saut de fréquences qui se trouve aujourd'hui au cœur du Wi-Fi et du Bluetooth.";
1697;sciences;"Sciences & Inventions";"Hennig Brand";"En faisant bouillir des tonneaux d'urine pour fabriquer de l'or, un alchimiste a découvert un élément qui brille tout seul dans le noir.";
1698;sciences;"Sciences & Inventions";"Henri Becquerel";"Il a découvert la radioactivité parce qu'un ciel couvert l'a forcé à ranger ses sels d'uranium dans un tiroir, sur des plaques photo neuves.";
1699;sciences;"Sciences & Inventions";"Henri Moissan";"Isoler le fluor lui a valu le Nobel, après avoir empoisonné, aveuglé ou tué plusieurs chimistes qui s'y étaient essayés avant lui.";
1700;sciences;"Sciences & Inventions";"Hippase de Métaponte";"La légende veut que les pythagoriciens aient jeté à la mer celui qui démontra que la racine de deux n'est aucune fraction.";
1701;sciences;"Sciences & Inventions";"Horloge atomique optique";"Les meilleures horloges ne dériveraient pas d'une seconde en plusieurs milliards d'années et détectent la gravité qui change quand on les monte de trente centimètres.";
1702;sciences;"Sciences & Inventions";"Horloge de Beverly";"Depuis 1864, cette horloge néo-zélandaise avance sans qu'on l'ait jamais remontée, alimentée par les seules variations de la pression atmosphérique.";
1703;sciences;"Sciences & Inventions";"Horloge du Long Maintenant";"Une horloge enterrée dans une montagne du Texas est conçue pour sonner une fois par siècle pendant dix mille ans.";
1704;sciences;"Sciences & Inventions";"Hydrogène métallique";"La seule parcelle jamais fabriquée, en 2017, a disparu du laboratoire quelques semaines plus tard, sans qu'on sache si elle s'était brisée ou volatilisée.";
1705;sciences;"Sciences & Inventions";"Hélium superfluide";"Refroidi sous 2,17 kelvins, ce liquide grimpe tout seul le long des parois de son récipient et s'en échappe par le haut.";
1706;sciences;"Sciences & Inventions";"Hémisphères de Magdebourg";"En 1654, seize chevaux tirant en sens inverse n'ont pas réussi à séparer deux demi-sphères de cuivre que rien ne retenait, sinon le vide.";
1707;sciences;"Sciences & Inventions";"Hôtel de Hilbert";"Un hôtel aux chambres infinies et complet peut toujours loger un client de plus, et même accueillir un autobus infini de nouveaux arrivants.";
1708;sciences;"Sciences & Inventions";"IBM 350";"Le premier disque dur pesait une tonne, se livrait par avion-cargo et contenait cinq mégaoctets, soit une seule photo d'aujourd'hui.";
1709;sciences;"Sciences & Inventions";"Ida Noddack";"Elle a décrit la fission du noyau d'uranium cinq ans avant tout le monde, dans un article que la communauté a poliment ignoré.";
1710;sciences;"Sciences & Inventions";"Ignace Philippe Semmelweis";"Il avait raison sur ce qui tuait les mères. On l'a interné, et il est mort battu dans un asile.";
1711;sciences;"Sciences & Inventions";"Isaac Newton";"Pour comprendre la vision, il s'est glissé une aiguille à tricoter entre l'œil et l'os de l'orbite afin d'en déformer le fond.";
1712;sciences;"Sciences & Inventions";"James Prescott Joule";"En voyage de noces, il a passé ses journées à mesurer la température en haut et en bas des cascades, pour prouver que la chute chauffe l'eau.";
1713;sciences;"Sciences & Inventions";"Jan Hendrik Schön";"Ce physicien publiait un article tous les huit jours, jusqu'à ce qu'on remarque que la même courbe de bruit servait dans des expériences différentes.";
1714;sciences;"Sciences & Inventions";"Jeu de la vie";"Quatre règles sur une grille de cases suffisent à construire un ordinateur complet, et son inventeur détestait qu'on ne lui parle que de ça.";
1715;sciences;"Sciences & Inventions";"Jocelyn Bell Burnell";"Elle a repéré le premier pulsar à l'œil sur des kilomètres de papier millimétré ; le Nobel a récompensé son directeur de thèse.";
1716;sciences;"Sciences & Inventions";"Johannes Fibiger";"Un Nobel a couronné la découverte d'un ver provoquant le cancer, dont on a établi ensuite qu'il ne provoquait rien du tout.";
1717;sciences;"Sciences & Inventions";"Johannes Kepler";"Il a interrompu ses travaux sur les orbites planétaires pour défendre pendant six ans sa propre mère, jugée pour sorcellerie.";
1718;sciences;"Sciences & Inventions";"John Hancock Tower";"Les vitres de la tour se décrochaient et s'écrasaient dans la rue : il a fallu remplacer les dix mille panneaux de la façade.";
1719;sciences;"Sciences & Inventions";"John Harrison";"Il a passé quarante ans à construire une horloge de marine capable de donner la longitude, et n'a été payé qu'après avoir supplié le roi, à quatre-vingts ans.";
1720;sciences;"Sciences & Inventions";"John Paul Stapp";"Il s'est sanglé sur un chariot-fusée et a encaissé quarante-six fois son poids pour prouver qu'un pilote pouvait survivre à un choc.";
1721;sciences;"Sciences & Inventions";"Joseph Priestley";"Une foule a incendié sa maison et son laboratoire à cause de ses opinions politiques, et il a fini sa vie exilé en Pennsylvanie.";
1722;sciences;"Sciences & Inventions";"Julius Edgar Lilienfeld";"Le transistor à effet de champ avait été breveté dès 1925, ce qui a empêché les laboratoires Bell de breveter le leur vingt ans plus tard.";
1723;sciences;"Sciences & Inventions";"János Bolyai";"Il a inventé une géométrie sans le postulat des parallèles, et Gauss lui a répondu qu'il ne pouvait pas le féliciter puisqu'il avait tout trouvé avant.";
1724;sciences;"Sciences & Inventions";"Kevlar";"La chimiste qui l'a créé a failli jeter à l'évier une solution trouble que le technicien de la machine à filer refusait de traiter.";
1725;sciences;"Sciences & Inventions";"Kurt Gödel";"Il a démontré qu'aucune mathématique ne pourra jamais tout démontrer, puis s'est laissé mourir de faim en refusant toute nourriture que sa femme n'avait pas goûtée.";
1726;sciences;"Sciences & Inventions";"LIGO";"Ce détecteur mesure, sur des bras de quatre kilomètres, des variations de longueur mille fois plus petites qu'un proton.";
1727;sciences;"Sciences & Inventions";"LK-99";"Un supraconducteur à température ambiante annoncé en 2023 a électrisé la planète pendant trois semaines avant de se révéler être une simple impureté.";
1728;sciences;"Sciences & Inventions";"Laboratoire souterrain de Modane";"Les physiciens y travaillent sous mille sept cents mètres de roche pour que la matière ordinaire cesse enfin de faire du bruit.";
1729;sciences;"Sciences & Inventions";"Larme batavique";"La goutte du prince Rupert : indestructible au marteau, elle se pulvérise entièrement si l'on pince sa queue.";
1730;sciences;"Sciences & Inventions";"Lene Hau";"Elle a ralenti la lumière à dix-sept mètres par seconde, allure d'un cycliste, avant de l'arrêter complètement dans un nuage d'atomes glacés.";
1731;sciences;"Sciences & Inventions";"Lenna";"Pendant quarante ans, les algorithmes d'image du monde entier ont été testés sur la photo scannée à la hâte d'un magazine pour adultes.";
1732;sciences;"Sciences & Inventions";"Leonhard Euler";"Devenu totalement aveugle, il a doublé sa production et dicté tant de mémoires qu'on en publiait encore cinquante ans après sa mort.";
1733;sciences;"Sciences & Inventions";"Lise Meitner";"Elle a compris et nommé la fission nucléaire depuis son exil suédois, mais le prix Nobel est allé au seul collègue resté à Berlin.";
1734;sciences;"Sciences & Inventions";"Loi de Benford";"Dans les données réelles, le chiffre 1 ouvre près de trente pour cent des nombres, et les enquêteurs s'en servent pour repérer les comptes truqués.";
1735;sciences;"Sciences & Inventions";"Loi de Murphy";"La formule est née sur une piste d'essai où un technicien avait monté à l'envers les seize capteurs d'une expérience de décélération.";
1736;sciences;"Sciences & Inventions";"Loi de Stigler";"Une loi affirme qu'aucune découverte scientifique ne porte le nom de son véritable auteur, et elle-même avait été énoncée avant Stigler.";
1737;sciences;"Sciences & Inventions";"Loi de l'Indiana sur le nombre pi";"En 1897, une assemblée d'État a failli voter une valeur fausse de pi, sauvée in extremis par un professeur présent ce jour-là par hasard.";
1738;sciences;"Sciences & Inventions";"Ludwig Boltzmann";"Moqué toute sa vie pour avoir soutenu que les atomes existaient vraiment, il s'est pendu juste avant qu'on lui donne raison ; sa formule orne sa tombe.";
1739;sciences;"Sciences & Inventions";"Lyssenkisme";"Un agronome soviétique a fait interdire la génétique pendant trente ans, et les biologistes qui le contredisaient finissaient au camp.";
1740;sciences;"Sciences & Inventions";"Lévitation diamagnétique";"Un physicien a fait léviter une grenouille vivante dans un champ magnétique, décroché un Ig Nobel pour cette blague, puis le vrai Nobel dix ans après.";
1741;sciences;"Sciences & Inventions";"Machine analytique";"Conçue en 1837, cette machine à vapeur possédait déjà mémoire, processeur, boucles et branchements conditionnels, un siècle avant le premier ordinateur.";
1742;sciences;"Sciences & Inventions";"Margaret Hamilton";"Son logiciel a ignoré une avalanche d'alarmes pendant l'alunissage et sauvé la mission ; c'est elle qui a inventé l'expression « génie logiciel ».";
1743;sciences;"Sciences & Inventions";"Marteau et plume sur la Lune";"En 1971, un astronaute a lâché un marteau et une plume devant les caméras : les deux ont touché le sol lunaire ensemble.";
1744;sciences;"Sciences & Inventions";"Masque jetable";"Le seul chiffrement mathématiquement incassable existe depuis 1917, mais exige une clé aussi longue que le message et jamais réemployée.";
1745;sciences;"Sciences & Inventions";"Mauvéine";"À dix-huit ans, en ratant la synthèse d'un antipaludique, un étudiant a obtenu un résidu violet et fondé l'industrie mondiale des colorants.";
1746;sciences;"Sciences & Inventions";"Millennium Bridge (Londres)";"Le pont s'est mis à osciller latéralement sous les piétons dès son ouverture et a été refermé deux jours plus tard, pour deux ans de travaux.";
1747;sciences;"Sciences & Inventions";"Monoxyde de dihydrogène";"Une pétition pour interdire une substance mortelle par inhalation et corrodant les métaux a recueilli des milliers de signatures : c'était l'eau.";
1748;sciences;"Sciences & Inventions";"Monstre (mathématiques)";"Le plus grand groupe sporadique compte plus d'éléments qu'il n'y a d'atomes sur Terre, et se relie mystérieusement à une fonction d'analyse.";
1749;sciences;"Sciences & Inventions";"Mémoire de l'eau";"Un immunologiste français a affirmé que l'eau gardait la trace de molécules qu'elle ne contenait plus ; l'expérience refaite sous contrôle n'a rien montré.";
1750;sciences;"Sciences & Inventions";"Méthode de Monte-Carlo";"Un mathématicien convalescent a inventé la simulation aléatoire en jouant aux réussites, et l'a baptisée du nom du casino où son oncle se ruinait.";
1751;sciences;"Sciences & Inventions";"Nicolas Léonard Sadi Carnot";"Mort du choléra à trente-six ans, ses papiers ont été brûlés par précaution sanitaire, emportant l'essentiel d'une œuvre à peine commencée.";
1752;sciences;"Sciences & Inventions";"Niels Henrik Abel";"La lettre lui offrant enfin le poste qu'il attendait est arrivée deux jours après sa mort, à vingt-six ans.";
1753;sciences;"Sciences & Inventions";"Nils Bohlin";"Volvo a offert au monde entier le brevet de la ceinture à trois points, sans doute le brevet qui a sauvé le plus de vies humaines.";
1754;sciences;"Sciences & Inventions";"Nitinol";"Tordez ce fil métallique en boule, plongez-le dans l'eau chaude : il reprend seul, en une seconde, la forme qu'on lui avait apprise.";
1755;sciences;"Sciences & Inventions";"Nombre d'Erdős";"Ce mathématicien sans domicile a cosigné quinze cents articles en dormant chez ses collègues, et les chercheurs mesurent encore leur distance à lui.";
1756;sciences;"Sciences & Inventions";"Nombre de Graham";"Ce nombre est si grand qu'un cerveau capable de le contenir s'effondrerait en trou noir, et pourtant on en connaît les derniers chiffres.";
1757;sciences;"Sciences & Inventions";"Nombre de Skewes";"On sait qu'une inégalité finit par s'inverser quelque part, sans savoir où, et la borne proposée fut longtemps le plus grand nombre jamais utilisé.";
1758;sciences;"Sciences & Inventions";"Nombre premier de Mersenne";"Le plus grand nombre premier connu compte plus de quarante millions de chiffres : l'imprimer remplirait plusieurs dizaines de milliers de pages serrées.";
1759;sciences;"Sciences & Inventions";"Nombre premier illégal";"Des militants ont construit un nombre premier qui encode un programme interdit, rendant l'arithmétique elle-même passible de poursuites.";
1760;sciences;"Sciences & Inventions";"Oak Ridge (Tennessee)";"Une ville de soixante-quinze mille habitants a été bâtie en secret et ne figurait sur aucune carte, ses habitants ignorant ce qu'ils fabriquaient.";
1761;sciences;"Sciences & Inventions";"Observatoire d'Arecibo";"Le radiotélescope resté le plus grand du monde pendant cinquante ans s'est effondré sur lui-même quand ses câbles ont lâché un à un.";
1762;sciences;"Sciences & Inventions";"Oganesson";"Quelques atomes à peine ont été produits depuis sa découverte, et chacun s'est désintégré en moins d'une milliseconde.";
1763;sciences;"Sciences & Inventions";"Paire de Perko";"Deux nœuds inscrits dans toutes les tables de mathématiques pendant soixante-quinze ans n'étaient en réalité que le même, replié autrement.";
1764;sciences;"Sciences & Inventions";"Papier bulle";"Il a d'abord été vendu comme papier peint, puis comme isolant de serre, avant qu'un fabricant d'ordinateurs n'en fasse un emballage.";
1765;sciences;"Sciences & Inventions";"Paradoxe de Banach-Tarski";"On peut mathématiquement découper une boule en cinq morceaux et les réassembler, sans rien ajouter, en deux boules identiques à celle de départ.";
1766;sciences;"Sciences & Inventions";"Paradoxe de Braess";"Ajouter une route peut ralentir tout un réseau, et en fermer une peut le fluidifier ; on l'a vérifié à Séoul comme à New York.";
1767;sciences;"Sciences & Inventions";"Paradoxe des anniversaires";"Dans une pièce de vingt-trois personnes, il y a plus d'une chance sur deux que deux d'entre elles soient nées le même jour.";
1768;sciences;"Sciences & Inventions";"Paradoxe du littoral";"La longueur des côtes de Bretagne n'a pas de valeur : plus la règle employée est petite, plus la mesure grandit, sans jamais se stabiliser.";
1769;sciences;"Sciences & Inventions";"Park Grass Experiment";"Ce champ anglais reçoit exactement le même engrais depuis 1856, ce qui en fait la plus vieille expérience écologique encore en cours au monde.";
1770;sciences;"Sciences & Inventions";"Passage au calendrier grégorien";"En octobre 1582, le lendemain du jeudi 4 fut le vendredi 15 : dix jours entiers ont été rayés du calendrier d'un trait de plume.";
1771;sciences;"Sciences & Inventions";"Paul Dirac";"Il a déduit l'existence de l'antimatière d'un simple signe moins dans son équation, trois ans avant qu'on ne la détecte réellement.";
1772;sciences;"Sciences & Inventions";"Pendule de Foucault";"En 1851, un pendule suspendu sous le dôme du Panthéon a montré à l'œil nu que la Terre tourne, sans regarder le ciel.";
1773;sciences;"Sciences & Inventions";"Percival Lowell";"Un astronome fortuné a cartographié pendant vingt ans des centaines de canaux martiens qui n'existaient que dans les vaisseaux de son propre œil.";
1774;sciences;"Sciences & Inventions";"Peste de l'étain";"Sous le froid, l'étain se désagrège spontanément en poudre grise, ce qui aurait fait tomber les boutons des uniformes en pleine campagne de Russie.";
1775;sciences;"Sciences & Inventions";"Philo Farnsworth";"Un adolescent a eu l'idée de la télévision électronique en labourant un champ de pommes de terre en sillons parallèles.";
1776;sciences;"Sciences & Inventions";"Phlogistique";"La chimie a expliqué la combustion pendant cent ans par une substance à masse parfois négative, avant qu'on ne pense simplement à peser l'air.";
1777;sciences;"Sciences & Inventions";"Photo 51";"Un cliché de diffraction montré sans l'accord de celle qui l'avait obtenu a livré la structure de l'ADN à deux concurrents.";
1778;sciences;"Sciences & Inventions";"Pierre Méchain";"Chargé de mesurer le mètre le long du méridien, il a découvert une erreur dans ses relevés, l'a cachée toute sa vie et en est mort de chagrin.";
1779;sciences;"Sciences & Inventions";"Pitch drop experiment";"L'expérience la plus longue du monde : une goutte tombe tous les dix ans. Personne n'en avait jamais vu tomber une avant 2013.";
1780;sciences;"Sciences & Inventions";"Play-Doh";"La pâte à modeler était un produit de nettoyage pour papier peint, devenu inutile le jour où l'on a cessé de se chauffer au charbon.";
1781;sciences;"Sciences & Inventions";"Polytétrafluoroéthylène";"Un chimiste a trouvé sa bonbonne de gaz vide mais toujours aussi lourde : dedans, une poudre blanche sur laquelle absolument rien ne colle.";
1782;sciences;"Sciences & Inventions";"Polywater";"Dans les années 1960, on a craint que l'eau puisse polymériser en un sirop capable de contaminer tous les océans ; c'était de la sueur.";
1783;sciences;"Sciences & Inventions";"Pont de Québec";"Deux effondrements successifs ont tué quatre-vingt-huit ouvriers, et l'acier du désastre sert de bague aux ingénieurs canadiens diplômés.";
1784;sciences;"Sciences & Inventions";"Pont de Tacoma";"Un pont neuf s'est mis à onduler comme un ruban dans un vent modéré avant de se disloquer, filmé, quatre mois après son inauguration.";
1785;sciences;"Sciences & Inventions";"Problème de Monty Hall";"Quand une chroniqueuse a donné la bonne réponse dans un magazine, un millier de titulaires de doctorat lui ont écrit pour la traiter d'ignorante.";
1786;sciences;"Sciences & Inventions";"Problème de l'an 2038";"Des millions de machines croiront se réveiller en 1901 quand un compteur de secondes lancé en 1970 débordera un mardi de janvier.";
1787;sciences;"Sciences & Inventions";"Problème de l'arrêt";"Il est démontré qu'aucun programme, aussi puissant soit-il, ne pourra jamais dire de tout programme s'il finira par s'arrêter.";
1788;sciences;"Sciences & Inventions";"Problème des 100 prisonniers";"Cent prisonniers doivent retrouver leur numéro dans cinquante boîtes ; une stratégie fait passer leurs chances de quasiment zéro à plus de trente pour cent.";
1789;sciences;"Sciences & Inventions";"Problème des sept ponts de Königsberg";"En prouvant qu'une simple promenade était impossible, Euler a inventé une branche entière des mathématiques sans jamais utiliser la moindre distance.";
1790;sciences;"Sciences & Inventions";"Problème des triplets pythagoriciens booléens";"La démonstration produite par ordinateur pèse deux cents téraoctets, et aucun être humain ne pourra jamais la lire.";
1791;sciences;"Sciences & Inventions";"Problème du secrétaire";"La stratégie optimale consiste à écarter systématiquement les trente-sept premiers pour cent des candidats, puis à prendre le premier qui les surpasse tous.";
1792;sciences;"Sciences & Inventions";"Procédé Haber-Bosch";"La moitié des atomes d'azote de votre corps sont passés par cette réaction industrielle qui fabrique de l'engrais à partir de l'air.";
1793;sciences;"Sciences & Inventions";"Projet Avogadro";"On a taillé dans du silicium la sphère la plus parfaite jamais fabriquée : agrandie à la taille de la Terre, ses reliefs feraient quelques mètres.";
1794;sciences;"Sciences & Inventions";"Projet Venona";"Des télégrammes soviétiques réputés inviolables ont été lus parce qu'un atelier surchargé avait imprimé deux fois les mêmes pages de clés.";
1795;sciences;"Sciences & Inventions";"Prototype international du kilogramme";"L'étalon du kilogramme a mystérieusement perdu cinquante microgrammes en un siècle, obligeant le monde à redéfinir la masse à partir d'une constante quantique.";
1796;sciences;"Sciences & Inventions";"Quark";"Le nom de la brique élémentaire de la matière est tiré d'une phrase absurde d'un roman de James Joyce, lue par hasard.";
1797;sciences;"Sciences & Inventions";"RSA-129";"Un défi que l'on croyait imprenable avant quarante quadrillions d'années a été résolu en dix-sept ans par six cents volontaires reliés par Internet.";
1798;sciences;"Sciences & Inventions";"Racine carrée inverse rapide";"Un fragment de code de jeu vidéo calcule une racine à l'aide d'une constante magique dont personne ne sait vraiment qui l'a trouvée.";
1799;sciences;"Sciences & Inventions";"Radithor";"Une eau au radium vendue en pharmacie a tué un industriel américain dont on a rouvert le cercueil : ses os étaient encore radioactifs.";
1800;sciences;"Sciences & Inventions";"Ralph Steinman";"Le comité Nobel a appris trois jours trop tard que son lauréat était mort, et a maintenu le prix pour la première fois de son histoire.";
1801;sciences;"Sciences & Inventions";"Rayon de charge du proton";"Une mesure faite avec des muons a donné un proton quatre pour cent plus petit que prévu, plongeant la physique dans une décennie de doute.";
1802;sciences;"Sciences & Inventions";"Rayons N";"Un physicien français réputé a découvert un rayonnement confirmé par trois cents articles, jusqu'à ce qu'un visiteur retire discrètement un prisme sans que rien ne change.";
1803;sciences;"Sciences & Inventions";"Robert Hooke";"Aucun portrait de ce savant n'a survécu, et l'on soupçonne son rival le plus puissant d'y avoir personnellement veillé.";
1804;sciences;"Sciences & Inventions";"Ruban de Möbius";"La surface à une seule face a été trouvée la même année par deux mathématiciens allemands qui ne se connaissaient pas.";
1805;sciences;"Sciences & Inventions";"Réacteur nucléaire naturel d'Oklo";"Il y a deux milliards d'années, au Gabon, des veines d'uranium se sont mises à fonctionner toutes seules comme des réacteurs pendant des centaines de milliers d'années.";
1806;sciences;"Sciences & Inventions";"SCIgen";"Un logiciel du MIT fabrique des articles scientifiques aléatoires, et plus de cent d'entre eux ont été acceptés par des revues et des conférences.";
1807;sciences;"Sciences & Inventions";"Saccharine";"Un chimiste a découvert l'édulcorant en dînant sans s'être lavé les mains après sa journée de laboratoire.";
1808;sciences;"Sciences & Inventions";"Seconde intercalaire";"Le monde ajoute parfois une soixante et unième seconde à une minute, et les États ont voté de renoncer à cette bizarrerie d'ici 2035.";
1809;sciences;"Sciences & Inventions";"Silly Putty";"Un caoutchouc de synthèse raté, jugé sans aucun usage industriel, est devenu l'un des jouets les plus vendus du siècle.";
1810;sciences;"Sciences & Inventions";"Slinky";"Un ressort tombé d'une étagère de laboratoire naval a fait la fortune de l'ingénieur qui l'a simplement regardé descendre.";
1811;sciences;"Sciences & Inventions";"Smoot";"Un pont de Boston est gradué en unités valant la taille d'un étudiant qu'on a fait rouler sur le tablier en 1958, et la police s'en sert encore.";
1812;sciences;"Sciences & Inventions";"Sonoluminescence";"Une bulle d'air piégée dans l'eau par des ultrasons émet un éclair de lumière et atteint en son centre des dizaines de milliers de degrés.";
1813;sciences;"Sciences & Inventions";"Sophie Germain";"Interdite d'université, elle a correspondu des années avec Gauss sous un nom d'homme, et il n'a appris la vérité que bien plus tard.";
1814;sciences;"Sciences & Inventions";"Souris (informatique)";"Le brevet de la souris a expiré avant que l'objet ne se vende, et son inventeur n'a jamais touché la moindre royaltie.";
1815;sciences;"Sciences & Inventions";"Srinivasa Ramanujan";"Un employé de bureau de Madras a envoyé à Cambridge des dizaines de formules sans démonstration, dont certaines n'ont été prouvées qu'un siècle après.";
1816;sciences;"Sciences & Inventions";"Starlite";"Un coiffeur anglais a inventé un matériau qui résiste à un chalumeau pendant des minutes, et il est mort sans jamais en révéler la composition.";
1817;sciences;"Sciences & Inventions";"Stronzo Bestiale";"Un chercheur a inventé un coauteur italien dont le nom est une insulte grossière, et deux revues ont publié l'article sans sourciller.";
1818;sciences;"Sciences & Inventions";"Subrahmanyan Chandrasekhar";"Ridiculisé en public par le plus grand astrophysicien de son temps, il a attendu cinquante ans que son calcul sur les étoiles mortes lui vaille un Nobel.";
1819;sciences;"Sciences & Inventions";"Suite de Goodstein";"Une suite d'entiers grimpe de façon vertigineuse puis retombe toujours à zéro, ce qui est indémontrable dans l'arithmétique ordinaire.";
1820;sciences;"Sciences & Inventions";"Super-Kamiokande";"En 2001, l'implosion d'un seul capteur a déclenché une onde de choc qui a détruit sept mille photomultiplicateurs en quelques secondes.";
1821;sciences;"Sciences & Inventions";"Synthèse de l'urée";"En fabriquant par accident une molécule du vivant à partir de minéraux, un chimiste a fait s'effondrer l'idée d'une force vitale.";
1822;sciences;"Sciences & Inventions";"Système d'unités FFF";"Une unité de vitesse parfaitement définie existe en furlongs par quinzaine, ce qui fait à peu près un millimètre par minute.";
1823;sciences;"Sciences & Inventions";"Technétium";"Le premier élément fabriqué par l'homme occupe dans le tableau périodique une case où la nature terrestre n'a laissé pratiquement rien.";
1824;sciences;"Sciences & Inventions";"Température absolue négative";"Certains systèmes atteignent des températures inférieures au zéro absolu, et sont alors plus chauds que n'importe quelle température positive imaginable.";
1825;sciences;"Sciences & Inventions";"Therac-25";"Un appareil de radiothérapie délivrait cent fois la dose prévue lorsque l'opérateur tapait sa correction trop vite au clavier.";
1826;sciences;"Sciences & Inventions";"Thomas Midgley";"Il a inventé l'essence au plomb puis les gaz qui ont troué la couche d'ozone, avant d'être étranglé par le système de poulies de son lit.";
1827;sciences;"Sciences & Inventions";"Théière de l'Utah";"Une théière achetée dans un magasin de Salt Lake City est devenue l'objet de référence de toute l'imagerie de synthèse mondiale.";
1828;sciences;"Sciences & Inventions";"Théorème de Borsuk-Ulam";"À chaque instant, il existe sur Terre deux points diamétralement opposés ayant exactement la même température et la même pression.";
1829;sciences;"Sciences & Inventions";"Théorème de la boule chevelue";"Il est mathématiquement impossible de coiffer une sphère sans épi, ce qui garantit qu'il existe toujours un point sans vent sur Terre.";
1830;sciences;"Sciences & Inventions";"Théorème des quatre couleurs";"Première grande démonstration confiée à une machine, elle a passé en revue des milliers de configurations qu'aucun humain n'a jamais vérifiées entièrement à la main.";
1831;sciences;"Sciences & Inventions";"Théorème du point fixe de Brouwer";"Quand on remue son café, il existe forcément un point du liquide qui se retrouve exactement à sa position de départ.";
1832;sciences;"Sciences & Inventions";"Théorème du sandwich au jambon";"Où qu'on jette le pain, le jambon et le fromage dans la pièce, un unique coup de couteau plat les coupe tous les trois en deux.";
1833;sciences;"Sciences & Inventions";"Tom's Diner";"Le format MP3 a été réglé en réécoutant des milliers de fois la même chanson a cappella jusqu'à ce qu'elle sonne enfin juste.";
1834;sciences;"Sciences & Inventions";"Tonneau de Pascal";"Un tube fin rempli de quelques litres d'eau, planté dans le couvercle d'un tonneau plein, suffit à le faire éclater.";
1835;sciences;"Sciences & Inventions";"Tour Citicorp";"Alerté par une étudiante, l'ingénieur a compris qu'un vent oblique pouvait coucher son gratte-ciel, et l'a fait ressouder la nuit, en secret, pendant trois mois.";
1836;sciences;"Sciences & Inventions";"Tour de Pise";"Pour redresser la tour de quarante centimètres sans la faire tomber, on a retiré du sol quarante mètres cubes de terre, cuillerée par cuillerée.";
1837;sciences;"Sciences & Inventions";"Tour de Wardenclyffe";"Tesla a dressé une tour de cinquante-sept mètres pour distribuer l'électricité sans fil, avant que son financier ne comprenne qu'on ne pourrait rien facturer.";
1838;sciences;"Sciences & Inventions";"Transformée de Fourier rapide";"L'algorithme qui a fait la révolution numérique en 1965 dormait depuis 1805 dans un carnet de Gauss, rédigé en latin et jamais publié.";
1839;sciences;"Sciences & Inventions";"Tri stupide";"Un algorithme sérieusement étudié mélange les cartes au hasard jusqu'à ce qu'elles tombent en ordre, et peut ne jamais terminer.";
1840;sciences;"Sciences & Inventions";"Triboluminescence";"Dérouler un ruban adhésif ordinaire dans le vide produit assez de rayons X pour radiographier un doigt humain.";
1841;sciences;"Sciences & Inventions";"Trichite (métallurgie)";"Des poils métalliques microscopiques poussent tout seuls sur l'étain et ont provoqué la perte de satellites entiers par court-circuit.";
1842;sciences;"Sciences & Inventions";"Tycho Brahe";"Il a perdu son nez dans un duel de mathématiciens, portait une prothèse métallique, et possédait un élan apprivoisé mort ivre dans un escalier.";
1843;sciences;"Sciences & Inventions";"Urbain Le Verrier";"Il a découvert Neptune sans jamais lever les yeux vers le ciel, uniquement en calculant où une planète invisible devait forcément se trouver.";
1844;sciences;"Sciences & Inventions";"Vague scélérate";"Longtemps prises pour des histoires de marins, ces vagues ont été prouvées le 1er janvier 1995 par un capteur de plateforme qui en a mesuré une de vingt-six mètres.";
1845;sciences;"Sciences & Inventions";"Vantablack";"Un noir qui absorbe 99,965 % de la lumière : un objet peint avec disparaît, il ne reste qu'une silhouette.";
1846;sciences;"Sciences & Inventions";"Velcro";"Un ingénieur suisse agacé par les bardanes accrochées au poil de son chien a passé huit ans à copier leurs crochets vus au microscope.";
1847;sciences;"Sciences & Inventions";"Ver Morris";"Un programme lâché par curiosité en 1988 a paralysé un dixième d'Internet parce que son auteur avait mal réglé une seule probabilité.";
1848;sciences;"Sciences & Inventions";"Verre métallique";"Refroidi assez brutalement, un métal devient un verre dans lequel une bille rebondit presque indéfiniment au lieu de s'arrêter.";
1849;sciences;"Sciences & Inventions";"Victor Ninov";"La découverte de l'élément 118 a été annoncée au monde entier avant que le laboratoire ne découvre que son auteur avait inventé les données.";
1850;sciences;"Sciences & Inventions";"Vol 501 d'Ariane 5";"Trente-sept secondes après le décollage, la fusée s'est autodétruite à cause d'un code recyclé qui logeait un grand nombre dans une case trop petite.";
1851;sciences;"Sciences & Inventions";"Wilhelm Röntgen";"La première radiographie de l'histoire montre la main de son épouse, qui s'écria en voyant ses propres os : j'ai vu ma mort.";
1852;sciences;"Sciences & Inventions";"William Sealy Gosset";"Le test statistique le plus utilisé au monde porte le pseudonyme d'un employé de brasserie à qui Guinness interdisait de signer de son vrai nom.";
1853;sciences;"Sciences & Inventions";"William Thomson (Lord Kelvin)";"Il a calculé que la Terre avait cent millions d'années au plus, ignorant la radioactivité, et jugeait le vol motorisé définitivement impossible.";
1854;sciences;"Sciences & Inventions";"Wilson Greatbatch";"En se trompant de résistance dans un montage, il a obtenu un circuit qui battait comme un cœur : le stimulateur cardiaque implantable était né.";
1855;sciences;"Sciences & Inventions";"YInMn Blue";"Un bleu inédit est sorti d'un four en 2009 alors que l'équipe cherchait tout autre chose : c'est le premier bleu nouveau depuis deux siècles.";
1856;sciences;"Sciences & Inventions";"Yitang Zhang";"Sans poste et longtemps comptable pour une chaîne de sandwicheries, il a fait tomber à cinquante-huit ans un verrou centenaire sur les nombres premiers.";
1857;sciences;"Sciences & Inventions";"Yoshitaka Fujii";"Un anesthésiste japonais détient le record mondial de rétractations, avec cent quatre-vingt-trois articles retirés d'un seul coup.";
1858;sciences;"Sciences & Inventions";"Z3 (ordinateur)";"Le premier calculateur programmable automatique a été assemblé dans le salon des parents de son inventeur, puis pulvérisé par un bombardement.";
1859;sciences;"Sciences & Inventions";"Échelle Fahrenheit";"Le zéro de l'échelle correspond à un mélange de glace, d'eau et de sel, et le corps humain devait tomber pile sur quatre-vingt-seize degrés.";
1860;sciences;"Sciences & Inventions";"Éolipyle";"Une turbine à vapeur tournait déjà à Alexandrie au premier siècle ; on l'a rangée au rayon des jouets pendant mille sept cents ans.";
1861;sciences;"Sciences & Inventions";"Ératosthène";"Avec un simple bâton planté dans le sol et l'ombre de midi, il a calculé la circonférence de la Terre il y a vingt-deux siècles.";
1862;sciences;"Sciences & Inventions";"Éther luminifère";"Toute l'optique du XIXe siècle reposait sur un milieu invisible, sans masse et pourtant plus rigide que l'acier, qui n'existait pas.";
1863;sciences;"Sciences & Inventions";"Évariste Galois";"Il a jeté sur le papier, la veille du duel qui le tua à vingt ans, une théorie que les mathématiciens ont mis quarante ans à comprendre.";
1864;terre;"Terre & Océans";"Anak Krakatoa";"Un flanc du volcan s'est effondré dans la mer un soir de décembre 2018 : le tsunami a frappé sans le moindre séisme annonciateur.";
1865;terre;"Terre & Océans";"Anneau de cénotes";"Un demi-cercle parfait de puits naturels au Yucatán dessine encore en surface le bord du cratère qui a tué les dinosaures.";
1866;terre;"Terre & Océans";"Année sans été";"En 1816, il a neigé en juin dans le Vermont et gelé en août, ruinant les récoltes de tout l'hémisphère nord.";
1867;terre;"Terre & Océans";"Anomalie magnétique de Koursk";"Le minerai de fer y perturbe tellement le champ terrestre que les boussoles deviennent inutilisables sur des kilomètres.";
1868;terre;"Terre & Océans";"Anomalie magnétique de l'Atlantique Sud";"Une brèche dans le bouclier magnétique terrestre fait tomber les ordinateurs des satellites qui la survolent, et les engins éteignent leurs instruments.";
1869;terre;"Terre & Océans";"Aogashima";"Cent soixante personnes vivent au fond d'un cratère volcanique lui-même niché dans un cratère plus grand, à 350 kilomètres de Tokyo.";
1870;terre;"Terre & Océans";"Arc circumhorizontal";"Un pan de ciel prend les couleurs de l'arc-en-ciel à l'horizontale et donne l'illusion parfaite d'un nuage en flammes.";
1871;terre;"Terre & Océans";"Ashfall Fossil Beds";"Des troupeaux entiers de rhinocéros gisent exactement là où ils sont morts asphyxiés par la cendre d'un volcan situé à seize cents kilomètres.";
1872;terre;"Terre & Océans";"Asperitas";"Ce ciel de vagues retournées a dû attendre 2017 pour entrer dans l'atlas officiel des nuages, une première depuis plus de cinquante ans.";
1873;terre;"Terre & Océans";"Aïn Séfra";"Il a neigé sur les dunes du Sahara algérien à plusieurs reprises depuis 2016, après trente-sept ans sans un seul flocon.";
1874;terre;"Terre & Océans";"Baba Gurgur";"Ce bouquet de flammes brûle depuis plus de deux mille cinq cents ans ; on y voit la fournaise du livre de Daniel.";
1875;terre;"Terre & Océans";"Badain Jaran";"Des dunes de près de cinq cents mètres de haut, immobiles, avec des lacs permanents nichés entre elles au cœur du désert.";
1876;terre;"Terre & Océans";"Baie d'Hudson";"On y pèse légèrement moins qu'ailleurs : la croûte ne s'est pas encore relevée du glacier disparu il y a dix mille ans.";
1877;terre;"Terre & Océans";"Baie de Fundy";"La marée y monte de seize mètres deux fois par jour, soit la hauteur d'un immeuble de cinq étages.";
1878;terre;"Terre & Océans";"Baie de Lituya";"Un éboulement a soulevé en 1958 une vague de cinq cent vingt-quatre mètres, qui a rasé la forêt jusqu'à cette hauteur.";
1879;terre;"Terre & Océans";"Baie du Commonwealth";"Le vent y souffle en moyenne à quatre-vingts kilomètres-heure toute l'année, ce qui en fait l'endroit le plus venteux de la planète.";
1880;terre;"Terre & Océans";"Ball's Pyramid";"Sur ce pic océanique de 562 mètres, on a retrouvé vivant un insecte géant déclaré éteint depuis quatre-vingts ans.";
1881;terre;"Terre & Océans";"Barrage de Koyna";"Remplir un réservoir indien a déclenché un séisme de magnitude 6,3 qui a tué près de deux cents personnes en 1967.";
1882;terre;"Terre & Océans";"Barrage des Trois-Gorges";"La masse d'eau retenue est assez grande pour avoir très légèrement ralenti la rotation de la Terre.";
1883;terre;"Terre & Océans";"Base Vostok";"On y a relevé moins quatre-vingt-neuf degrés en juillet 1983 : respirer trop vite y gèle les poumons.";
1884;terre;"Terre & Océans";"Bassin de Sudbury";"Une grande partie du nickel utilisé sur Terre vient d'un astéroïde tombé au Canada il y a 1,85 milliard d'années.";
1885;terre;"Terre & Océans";"Berezniki";"Des dolines géantes s'ouvrent régulièrement dans cette ville russe au-dessus d'une mine de potasse inondée, dont une juste sous la voie ferrée.";
1886;terre;"Terre & Océans";"Berkeley Pit";"Cette ancienne mine du Montana s'est remplie d'une eau aussi acide que du jus de citron, qui a tué des milliers d'oies migratrices en une nuit.";
1887;terre;"Terre & Océans";"Big Hole";"Des chercheurs de diamants sud-africains ont creusé à la pioche et à la pelle un trou de deux cent quinze mètres de profondeur.";
1888;terre;"Terre & Océans";"Bingham Canyon";"Le plus grand trou creusé par l'homme se voit depuis l'orbite et a produit en 2013 le plus gros glissement de terrain non volcanique de l'histoire américaine.";
1889;terre;"Terre & Océans";"Blizzard de 1972 en Iran";"Huit mètres de neige en une semaine ont effacé des villages entiers et tué environ quatre mille personnes.";
1890;terre;"Terre & Océans";"Blood Falls";"Un glacier antarctique saigne un liquide rouge sang venu d'un lac scellé sous la glace depuis plus d'un million d'années.";
1891;terre;"Terre & Océans";"Boiling Lake";"Ce lac de la Dominique bout littéralement à son centre, atteignant quatre-vingt-douze degrés au bord, et s'est parfois vidé sans prévenir.";
1892;terre;"Terre & Océans";"Bridgmanite";"Le minéral le plus abondant de la planète n'a reçu un nom qu'en 2014, faute d'avoir jamais pu en tenir un grain dans la main.";
1893;terre;"Terre & Océans";"Brinicle";"Sous la banquise, un doigt de glace descend jusqu'au fond marin et pétrifie sur place tout ce qu'il touche.";
1894;terre;"Terre & Océans";"Caldeira de Yellowstone";"Le sol du parc se soulève et s'affaisse de plusieurs centimètres par an au-dessus d'une poche de magma grande comme un département.";
1895;terre;"Terre & Océans";"Campi Flegrei";"Le sol de cette caldeira napolitaine monte et descend de plusieurs mètres, soulevant parfois un port entier hors de l'eau.";
1896;terre;"Terre & Océans";"Canicule européenne de 2003";"Un seul été a causé environ soixante-dix mille morts supplémentaires en Europe et fait perdre un mètre d'épaisseur aux glaciers alpins.";
1897;terre;"Terre & Océans";"Carbonado";"Ces diamants noirs ne se trouvent qu'au Brésil et en Centrafrique, deux régions jadis collées, et pourraient bien venir de l'espace.";
1898;terre;"Terre & Océans";"Cataractes du détroit du Danemark";"La plus grande chute d'eau du monde est invisible : sous l'Atlantique, de l'eau froide tombe de trois mille cinq cents mètres.";
1899;terre;"Terre & Océans";"Catastrophe d'Aberfan";"Un terril détrempé a glissé sur une école galloise un matin d'octobre 1966 et tué cent seize enfants en classe.";
1900;terre;"Terre & Océans";"Catastrophe d'Armero";"Une calotte de glace fondue par l'éruption a envoyé une coulée de boue qui a enseveli vingt-trois mille dormeurs à cinquante kilomètres du volcan.";
1901;terre;"Terre & Océans";"Catastrophe du Vajont";"Un versant entier est tombé dans la retenue en 1963 ; la vague a sauté par-dessus le barrage intact et tué près de deux mille personnes.";
1902;terre;"Terre & Océans";"Caño Cristales";"Pendant quelques semaines par an, une plante aquatique teint le lit de la rivière en rouge vif entre le jaune du sable et le vert des mousses.";
1903;terre;"Terre & Océans";"Cenote Angelita";"À trente mètres de fond, une nappe d'hydrogène sulfuré forme une rivière qui coule à l'intérieur même de l'eau.";
1904;terre;"Terre & Océans";"Cercles de fées";"Des millions de disques nus parfaitement ronds ponctuent l'herbe du désert namibien, et personne ne s'accorde encore sur leur origine.";
1905;terre;"Terre & Océans";"Champ gazier de Groningue";"Le plus grand gisement de gaz d'Europe a été fermé parce que le pomper fissurait les maisons à coups de petits séismes.";
1906;terre;"Terre & Océans";"Champ hydrothermal de Beebe";"Les cheminées les plus profondes des Caraïbes crachent une eau à 401 °C qui reste liquide sous le poids de l'océan.";
1907;terre;"Terre & Océans";"Champ hydrothermal de Lost City";"Des cheminées calcaires de soixante mètres crachent une eau alcaline depuis trente mille ans, sans volcan pour les alimenter.";
1908;terre;"Terre & Océans";"Champagne Pool";"Cette source néo-zélandaise à 74 °C pétille de gaz carbonique et dépose sur ses bords un précipité orange d'arsenic et d'antimoine.";
1909;terre;"Terre & Océans";"Channeled Scablands";"Un géologue a mis quarante ans à convaincre ses confrères que ce paysage avait été taillé en quelques jours et non en millions d'années.";
1910;terre;"Terre & Océans";"Chant des dunes";"Certaines dunes émettent un bourdonnement grave qu'on entend à plusieurs kilomètres, produit par le glissement synchronisé des grains.";
1911;terre;"Terre & Océans";"Chaussée des Géants";"Quarante mille colonnes de basalte hexagonales se sont emboîtées toutes seules en refroidissant, comme un dallage taillé.";
1912;terre;"Terre & Océans";"Chimborazo";"Son sommet est le point de la surface terrestre le plus éloigné du centre de la planète, deux kilomètres plus loin que l'Everest.";
1913;terre;"Terre & Océans";"Chuquicamata";"Un siècle d'extraction a évidé une montagne chilienne sur plus d'un kilomètre de profondeur et cinq kilomètres de long.";
1914;terre;"Terre & Océans";"Chute de grêle de Gopalganj";"Des grêlons gros comme des melons ont tué deux cent quarante-six personnes au Bangladesh en 1986.";
1915;terre;"Terre & Océans";"Chutes de Guaíra";"Le grondement de ces chutes s'entendait à trente kilomètres ; un barrage les a noyées en 1982 et on a dynamité les roches restantes.";
1916;terre;"Terre & Océans";"Chutes du Niagara";"En 1848, un embâcle de glace a coupé l'alimentation en eau et les chutes se sont tues toute une nuit.";
1917;terre;"Terre & Océans";"Cratère Hiawatha";"Un cratère de trente et un kilomètres de diamètre a été repéré en 2018 sous un kilomètre de glace du Groenland.";
1918;terre;"Terre & Océans";"Cratère de Batagaïka";"Le dégel du pergélisol a ouvert une plaie d'un kilomètre qui s'agrandit chaque année et recrache des carcasses vieilles de milliers d'années.";
1919;terre;"Terre & Océans";"Cratère de Chicxulub";"On a repéré l'astéroïde qui a tué les dinosaures grâce à un demi-cercle de puits naturels dessiné dans la jungle du Yucatán.";
1920;terre;"Terre & Océans";"Cratère de Kaali";"Une météorite s'est écrasée sur une île estonienne à l'âge du bronze, sous les yeux des habitants, et son lac est devenu un lieu sacré.";
1921;terre;"Terre & Océans";"Cratère de Popigai";"L'astéroïde a converti le graphite sibérien en trillions de carats de diamants, gisement gardé secret par l'URSS pour ne pas effondrer le marché.";
1922;terre;"Terre & Océans";"Cratère de Vredefort";"Le plus grand cratère d'impact de la planète mesure trois cents kilomètres de large et a deux milliards d'années.";
1923;terre;"Terre & Océans";"Cratère de Yamal";"Des cratères parfaitement ronds apparaissent en Sibérie sans témoin : des poches de méthane sous pression font sauter le sol gelé.";
1924;terre;"Terre & Océans";"Creux de l'océan Indien";"La mer y est cent six mètres plus basse qu'ailleurs sur le globe, aspirée par un défaut de gravité grand comme un continent.";
1925;terre;"Terre & Océans";"Crise messinienne";"La Méditerranée s'est presque entièrement évaporée, puis s'est remplie par le détroit de Gibraltar en quelques années à peine.";
1926;terre;"Terre & Océans";"Crystal Geyser (Utah)";"Ce geyser jaillit à froid, propulsé par du gaz carbonique, à cause d'un forage pétrolier raté en 1936.";
1927;terre;"Terre & Océans";"Cueva de Villa Luz";"Des stalactites vivantes de bactéries y suintent un acide sulfurique assez fort pour trouer les vêtements des explorateurs.";
1928;terre;"Terre & Océans";"Cueva de los Cristales";"Des cristaux de gypse de onze mètres, dans un air à cinquante-huit degrés saturé d'humidité : on n'y tient que quelques minutes.";
1929;terre;"Terre & Océans";"Cyclone Bhola";"La montée des eaux d'une nuit de novembre 1970 a tué environ trois cent mille personnes et précipité la naissance d'un pays.";
1930;terre;"Terre & Océans";"Cyclone Freddy";"Il a traversé tout l'océan Indien et vécu trente-six jours en se réintensifiant sept fois de suite.";
1931;terre;"Terre & Océans";"Cyclone Hyacinthe";"En quinze jours de 1980, ce cyclone a déversé plus de six mètres d'eau sur La Réunion, record mondial absolu.";
1932;terre;"Terre & Océans";"Dahala Khagrabari";"Un champ indien se trouvait dans une enclave bangladaise, elle-même dans une enclave indienne, elle-même au cœur du Bangladesh.";
1933;terre;"Terre & Océans";"Dallol";"Des mares jaune fluo à des températures qui rongent la peau : c'est le lieu habité le plus chaud de la planète en moyenne annuelle.";
1934;terre;"Terre & Océans";"Davemaoite";"Ce minéral ne peut exister qu'à sept cents kilomètres de profondeur et n'a été vu qu'emprisonné dans un diamant du Botswana.";
1935;terre;"Terre & Océans";"Devil's Kettle";"La moitié d'une chute du Minnesota disparaît dans un trou, et il a fallu attendre 2017 pour comprendre où elle ressortait.";
1936;terre;"Terre & Océans";"Devils Hole";"Dans ce puits du Nevada survit un poisson unique au monde, et les séismes lointains y déclenchent des vagues qui balaient sa seule frayère.";
1937;terre;"Terre & Océans";"Devils Tower";"Ce moignon de magma solidifié domine la plaine du Wyoming de deux cent soixante mètres, mis à nu par l'érosion de tout ce qui l'entourait.";
1938;terre;"Terre & Océans";"Doggerland";"Les chalutiers de mer du Nord remontent régulièrement des outils et des ossements d'un pays peuplé, aujourd'hui sous quarante mètres d'eau.";
1939;terre;"Terre & Océans";"Doline de Guatemala";"En 2010, un trou parfaitement circulaire de vingt mètres de large et trente de profondeur a avalé un immeuble de trois étages en pleine ville.";
1940;terre;"Terre & Océans";"Donauversinkung";"Le Danube s'engouffre dans des fissures et ressort douze kilomètres plus loin dans un autre fleuve, qui se jette dans une autre mer.";
1941;terre;"Terre & Océans";"Dune du Pilat";"Cent milliards de grains de sable avancent de quelques mètres par an vers l'intérieur, engloutissant lentement blockhaus et pins.";
1942;terre;"Terre & Océans";"Dust Bowl";"Un nuage de poussière large de centaines de kilomètres a changé le jour en nuit en 1935 et déposé de la terre des Plaines sur les navires de l'Atlantique.";
1943;terre;"Terre & Océans";"Dépression de Qattara";"On a sérieusement envisagé d'y faire couler la Méditerranée par un canal pour produire de l'électricité pendant des siècles.";
1944;terre;"Terre & Océans";"Dépression de Tourfan";"Ce trou du désert chinois descend à cent cinquante-quatre mètres sous le niveau de la mer et dépasse cinquante degrés en été.";
1945;terre;"Terre & Océans";"Dépression de l'Afar";"En 2005, le sol s'est ouvert sur soixante kilomètres en quelques jours : un océan est en train de naître à la vitesse d'un ongle qui pousse.";
1946;terre;"Terre & Océans";"Dépression du Bodélé";"Un ancien fond de lac tchadien envoie chaque année des millions de tonnes de poussière fertiliser la forêt amazonienne.";
1947;terre;"Terre & Océans";"Désert d'Atacama";"Certaines stations n'ont jamais enregistré la moindre pluie, et des sols y sont restés secs pendant plus de vingt millions d'années.";
1948;terre;"Terre & Océans";"Désert du Lout";"Les satellites ont mesuré une surface à quatre-vingts degrés, si stérile qu'aucune bactérie n'y survit.";
1949;terre;"Terre & Océans";"Dôme A";"Des satellites ont relevé -98 °C à la surface du plateau antarctique, une température où respirer suffit à blesser les poumons.";
1950;terre;"Terre & Océans";"Eisriesenwelt";"Quarante-deux kilomètres de grotte autrichienne dont la glace ne fond jamais, entretenue par un courant d'air qui ne souffle qu'en hiver.";
1951;terre;"Terre & Océans";"El Azizia";"Le record mondial de chaleur détenu par cette ville libyenne pendant quatre-vingt-dix ans a été annulé en 2012 pour cause de thermomètre mal lu.";
1952;terre;"Terre & Océans";"El Tatio";"À 4 300 mètres d'altitude, quatre-vingts geysers dressent à l'aube des colonnes de vapeur qui gèlent instantanément dans l'air du désert.";
1953;terre;"Terre & Océans";"Eldfell";"Les habitants ont arrosé la coulée de lave à l'eau de mer pendant cinq mois et ont réussi à sauver leur port.";
1954;terre;"Terre & Océans";"Erta Ale";"Ce lac de lave éthiopien est resté à ciel ouvert plus d'un siècle, l'un des rares endroits où l'on regarde l'intérieur de la Terre.";
1955;terre;"Terre & Océans";"Eternal Flame Falls";"Derrière le rideau d'eau de cette petite cascade, une flamme brûle en permanence, alimentée par du méthane qui suinte de la roche.";
1956;terre;"Terre & Océans";"Excursion de Laschamp";"Il y a quarante-deux mille ans, le champ magnétique terrestre s'est effondré à quelques pour cent de sa force pendant plusieurs siècles.";
1957;terre;"Terre & Océans";"Eyjafjallajökull";"Un volcan islandais a cloué au sol dix millions de passagers en 2010 sans faire une seule victime.";
1958;terre;"Terre & Océans";"Fani Maoré";"Mayotte s'est mise à trembler et à s'enfoncer en 2018 : on a fini par découvrir un volcan de huit cents mètres né au large, sous la mer.";
1959;terre;"Terre & Océans";"Farfadet (physique)";"Des éclairs rouges de cinquante kilomètres de haut jaillissent au-dessus des orages, et on n'a réussi à les photographier qu'en 1989.";
1960;terre;"Terre & Océans";"Fata Morgana";"Des navires et des falaises apparaissent suspendus en l'air, retournés, à des dizaines de kilomètres au-delà de l'horizon.";
1961;terre;"Terre & Océans";"Flevopolder";"La plus grande île artificielle du monde a été créée en vidant purement et simplement une mer intérieure néerlandaise.";
1962;terre;"Terre & Océans";"Fly Geyser";"Un forage raté dans les années soixante a laissé jaillir une eau chaude qui a bâti, seule, une tour multicolore de plusieurs mètres.";
1963;terre;"Terre & Océans";"Forage superprofond de Kola";"Les Soviétiques ont percé douze mille deux cent soixante-deux mètres avant d'abandonner : la roche y était trop chaude et coulait comme du plastique.";
1964;terre;"Terre & Océans";"Formation de Qomolangma";"Le sommet de l'Everest est fait de calcaire marin bourré de fossiles d'animaux qui vivaient au fond d'un océan.";
1965;terre;"Terre & Océans";"Fosse des Mariannes";"Au fond, la pression atteint mille fois celle de la surface, et des amphipodes y vivent malgré des sacs plastiques échoués.";
1966;terre;"Terre & Océans";"Fossile des dinosaures combattants";"Un vélociraptor et un protocératops ont été retrouvés enlacés, tués en plein duel par l'effondrement d'une dune.";
1967;terre;"Terre & Océans";"Fulgurite";"Quand la foudre frappe le sable, elle le fond en une racine de verre qui garde la forme exacte du trajet de l'éclair.";
1968;terre;"Terre & Océans";"Geamăna";"Un village roumain a été noyé sous les boues d'une mine de cuivre ; seule la pointe du clocher émerge encore de la vase.";
1969;terre;"Terre & Océans";"Geyser Steamboat";"Le plus haut geyser actif du monde projette de l'eau à plus de quatre-vingt-dix mètres, mais peut aussi rester muet pendant cinquante ans.";
1970;terre;"Terre & Océans";"Glacier Hubbard";"Ce glacier d'Alaska avance assez vite pour barrer un fjord et transformer un bras de mer en lac, ce qu'il a fait deux fois en vingt ans.";
1971;terre;"Terre & Océans";"Glacier Thwaites";"On le surnomme le glacier de l'apocalypse : sa disparition entraînerait ses voisins et relèverait le niveau des mers de plus de trois mètres.";
1972;terre;"Terre & Océans";"Glissement de Storegga";"Un pan de plateau continental norvégien s'est effondré il y a huit mille ans et le tsunami a définitivement séparé la Grande-Bretagne du continent.";
1973;terre;"Terre & Océans";"Glossopteris";"Des fougères fossiles ramassées en Antarctique ont prouvé que ce continent gelé était autrefois collé à l'Inde et à l'Afrique.";
1974;terre;"Terre & Océans";"Graine (Terre)";"Le noyau solide de la Terre tourne à sa propre vitesse et semble avoir ralenti puis reculé par rapport à la surface.";
1975;terre;"Terre & Océans";"Grand Prismatic Spring";"Les anneaux orange de la plus grande source chaude des États-Unis sont des tapis de bactéries qui changent de couleur selon la saison.";
1976;terre;"Terre & Océans";"Grand smog de Londres";"Un brouillard de fumée de charbon a tué jusqu'à douze mille personnes en cinq jours de décembre 1952.";
1977;terre;"Terre & Océans";"Grand trou bleu";"Ce puits sous-marin de cent vingt mètres était une grotte sèche à l'ère glaciaire ; ses stalactites sont restées, penchées, sous l'eau.";
1978;terre;"Terre & Océans";"Grande Oxydation";"L'apparition de l'oxygène a été la plus massive pollution de l'histoire et a exterminé la quasi-totalité de la vie d'alors.";
1979;terre;"Terre & Océans";"Grande province à faible vitesse de cisaillement";"Deux masses de roche inconnue, grandes comme des continents, reposent à 2 900 kilomètres de profondeur sous l'Afrique et le Pacifique.";
1980;terre;"Terre & Océans";"Grande tempête de 1987";"Quinze millions d'arbres sont tombés en une nuit en Angleterre, après qu'un présentateur eut assuré à l'antenne qu'il n'y aurait pas d'ouragan.";
1981;terre;"Terre & Océans";"Grotte Veryovkina";"On y descend à plus de deux mille deux cents mètres sous terre, et une crue soudaine a piégé une équipe au fond en 2018.";
1982;terre;"Terre & Océans";"Grotte de Kitum";"Des éléphants y entrent la nuit depuis des générations pour gratter le sel des parois, creusant eux-mêmes la grotte sur des centaines de mètres.";
1983;terre;"Terre & Océans";"Grotte de Krubera";"Il faut près d'un mois sous terre à une expédition pour atteindre le fond de ce gouffre géorgien, à plus de deux kilomètres de profondeur.";
1984;terre;"Terre & Océans";"Grotte de Lascaux";"Quatre adolescents cherchant leur chien ont trouvé en 1940 une chapelle peinte il y a dix-sept mille ans ; leur souffle a fini par l'abîmer.";
1985;terre;"Terre & Océans";"Grotte de Lechuguilla";"Elle n'a pas été creusée par l'eau de pluie mais rongée par l'acide sulfurique, depuis le bas, sur plus de deux cents kilomètres.";
1986;terre;"Terre & Océans";"Grotte de Movile";"Un écosystème coupé du soleil depuis cinq millions d'années, où trente-trois espèces inconnues vivent de bactéries mangeuses de soufre.";
1987;terre;"Terre & Océans";"Grotte de Postojna";"On y observe un amphibien aveugle capable de jeûner dix ans et de vivre un siècle sans jamais voir le jour.";
1988;terre;"Terre & Océans";"Grotte de glace de Dobšiná";"Une cave slovaque où la glace atteint vingt-six mètres d'épaisseur et ne fond jamais, même au plus fort de l'été.";
1989;terre;"Terre & Océans";"Grotte du Chien";"Près de Naples, une nappe de gaz carbonique au ras du sol tuait les chiens qu'on y jetait tandis que leurs maîtres respiraient sans gêne.";
1990;terre;"Terre & Océans";"Grêlon de Vivian";"Un grêlon de vingt centimètres de diamètre et de près d'un kilo est tombé sur le Dakota du Sud en 2010.";
1991;terre;"Terre & Océans";"Hang Sơn Đoòng";"La galerie est si vaste qu'un gratte-ciel y tiendrait, avec sa propre jungle, sa rivière et des nuages qui se forment à l'intérieur.";
1992;terre;"Terre & Océans";"Herculanum";"La chaleur du nuage volcanique a été telle que le cerveau d'une victime s'est transformé en verre noir.";
1993;terre;"Terre & Océans";"Hunga Tonga-Hunga Haʻapai";"L'explosion de 2022 a projeté un panache à cinquante-sept kilomètres d'altitude et son onde de choc a fait plusieurs fois le tour du globe.";
1994;terre;"Terre & Océans";"Iceberg A-68";"Un morceau de banquise grand comme la Corse a dérivé mille kilomètres avant de fondre en libérant un milliard de tonnes d'eau douce par jour.";
1995;terre;"Terre & Océans";"Iceberg B-15";"Un iceberg plus grand que la Jamaïque s'est détaché en 2000 et a dérivé pendant dix-huit ans avant de fondre.";
1996;terre;"Terre & Océans";"Incendie de Peshtigo";"Le feu le plus meurtrier de l'histoire américaine a tué quinze cents personnes le soir même du grand incendie de Chicago, qui a volé toute l'attention.";
1997;terre;"Terre & Océans";"Inondations de 1931 en Chine";"La pire catastrophe naturelle jamais enregistrée a noyé une surface grande comme l'Angleterre et tué jusqu'à quatre millions de personnes.";
1998;terre;"Terre & Océans";"Inondations de Missoula";"Un lac glaciaire s'est vidé des dizaines de fois en quelques jours, avec des vagues de cent mètres de haut qui ont raboté l'est de l'État de Washington.";
1999;terre;"Terre & Océans";"Inversion de Brunhes-Matuyama";"Il y a 780 000 ans, le nord et le sud magnétiques ont échangé leurs places, et cela s'est déjà produit des centaines de fois.";
2000;terre;"Terre & Océans";"Jacuzzi of Despair";"Au fond du golfe du Mexique, un lac de saumure tue tout ce qui y tombe et conserve les cadavres presque intacts.";
2001;terre;"Terre & Océans";"Jadarite";"Un minéral découvert en Serbie en 2006 possède exactement la formule chimique attribuée à la kryptonite dans les films.";
2002;terre;"Terre & Océans";"Jharia";"Des dizaines de foyers souterrains rongent le bassin houiller depuis 1916 ; le sol s'ouvre parfois sous les maisons encore habitées.";
2003;terre;"Terre & Océans";"Jökulhlaup";"Quand un volcan islandais fond sous son glacier, le déluge qui en sort charrie brièvement plus d'eau que l'Amazone.";
2004;terre;"Terre & Océans";"Katavothres";"La mer s'engouffre dans des gouffres de Céphalonie, traverse toute l'île sous terre et ressort quinze jours plus tard de l'autre côté.";
2005;terre;"Terre & Océans";"Kawah Ijen";"La nuit, le soufre enflammé y coule en rivières de flammes bleues, et des porteurs remontent quatre-vingts kilos sur le dos sans masque.";
2006;terre;"Terre & Océans";"Kilauea";"En 2018, une fissure s'est ouverte dans un lotissement hawaïen, a englouti sept cents maisons et vidé un lac de lave de cinq cents mètres de profondeur.";
2007;terre;"Terre & Océans";"Kjeragbolten";"Un rocher coincé entre deux parois surplombe un fjord norvégien de près de mille mètres, et les visiteurs viennent poser dessus.";
2008;terre;"Terre & Océans";"Kolka-Karmadon";"En 2002, un glacier caucasien s'est décroché et a dévalé vingt kilomètres à 180 km/h, ensevelissant un village et toute une équipe de tournage.";
2009;terre;"Terre & Océans";"La Brea Tar Pits";"Du bitume suinte encore en plein Los Angeles et a piégé des millions d'ossements, avec parfois quarante prédateurs pour une seule proie.";
2010;terre;"Terre & Océans";"Lac Abraham";"Des milliers de bulles de méthane figées empilées sous la glace ; il suffit d'un trou et d'une allumette pour qu'une flamme jaillisse.";
2011;terre;"Terre & Océans";"Lac Assal";"Le point le plus bas d'Afrique est un lac dix fois plus salé que l'océan, bordé d'une croûte de sel qui ressemble à de la banquise.";
2012;terre;"Terre & Océans";"Lac Baïkal";"Il contient un cinquième de l'eau douce liquide de la planète, plonge à mille six cent quarante-deux mètres et gèle en glace transparente.";
2013;terre;"Terre & Océans";"Lac Chagan";"Les Soviétiques ont creusé ce lac à la bombe nucléaire en 1965, puis filmé des officiels s'y baignant pour rassurer la population.";
2014;terre;"Terre & Océans";"Lac Eyre";"Le plus grand lac d'Australie est un désert de sel qui ne se remplit entièrement que trois ou quatre fois par siècle.";
2015;terre;"Terre & Océans";"Lac Hillier";"Un lac australien d'un rose bonbon opaque, qui garde sa couleur même dans un verre, et dont l'origine exacte reste discutée.";
2016;terre;"Terre & Océans";"Lac Kaindy";"Une forêt d'épicéas noyée par un séisme se dresse toujours, droite et intacte, sous trente mètres d'eau glacée.";
2017;terre;"Terre & Océans";"Lac Karachaï";"Rester une heure au bord de ce petit lac soviétique suffisait à recevoir une dose de radiation mortelle ; on l'a comblé de béton.";
2018;terre;"Terre & Océans";"Lac Kivu";"Trois cents kilomètres cubes de gaz dissous dorment au fond, sous deux millions de riverains qui ne peuvent pas déménager.";
2019;terre;"Terre & Océans";"Lac Lonar";"Ce lac de cratère indien a viré au rose vif en quelques jours pendant l'été 2020.";
2020;terre;"Terre & Océans";"Lac Mono";"Ses eaux trois fois plus salées que l'océan font pousser des tours de calcaire qui émergent dès que le niveau baisse.";
2021;terre;"Terre & Océans";"Lac Monoun";"Une nuit d'août 1984, le lac a exhalé un nuage de gaz carbonique qui a asphyxié trente-sept personnes sur la route voisine.";
2022;terre;"Terre & Océans";"Lac Natron";"Son eau momifie les animaux qui y tombent.";
2023;terre;"Terre & Océans";"Lac Nyos";"Le lac a soufflé une nuit d'août 1986. Mille sept cent quarante-six personnes dormaient.";
2024;terre;"Terre & Océans";"Lac Ongeim'l Tketau";"Des millions de méduses y traversent le lac d'est en ouest chaque jour, et leur venin a presque disparu faute de prédateurs.";
2025;terre;"Terre & Océans";"Lac Ounianga";"Au cœur du Sahara le plus sec, une chaîne de lacs permanents survit grâce à une nappe fossile, malgré une évaporation démesurée.";
2026;terre;"Terre & Océans";"Lac Peigneur";"Une foreuse a percé le plafond d'une mine de sel sous le lac en 1980 : l'eau s'est engouffrée et le lac tout entier a disparu dans le trou.";
2027;terre;"Terre & Océans";"Lac Poopó";"Le deuxième lac de Bolivie, grand comme un département français, s'est totalement asséché en 2015.";
2028;terre;"Terre & Océans";"Lac Sarez";"Un séisme de 1911 a bâti un barrage naturel de six cents mètres de haut dont la rupture menacerait cinq millions de personnes.";
2029;terre;"Terre & Océans";"Lac Tchad";"Le lac a perdu près de 90 % de sa surface en un demi-siècle, sous les yeux de quarante millions de riverains.";
2030;terre;"Terre & Océans";"Lac Toba";"La supéruption d'il y a soixante-quatorze mille ans a laissé un lac de cent kilomètres de long et peut-être réduit l'humanité à quelques milliers d'individus.";
2031;terre;"Terre & Océans";"Lac Vostok";"Sous quatre kilomètres de glace dort un lac de la taille de la Corse, coupé du monde depuis quinze millions d'années.";
2032;terre;"Terre & Océans";"Laki";"La fissure islandaise a craché du gaz pendant huit mois en 1783, tuant un cinquième des Islandais et empoisonnant les récoltes européennes.";
2033;terre;"Terre & Océans";"Lençóis Maranhenses";"Ce désert de dunes brésilien se remplit chaque année de milliers de lagunes d'eau douce où nagent des poissons.";
2034;terre;"Terre & Océans";"Long Valley";"Cette caldeira californienne s'est gonflée de vingt-cinq centimètres, tuant des hectares de forêt par asphyxie au gaz carbonique remontant du sol.";
2035;terre;"Terre & Océans";"Lonsdaléite";"Ce diamant hexagonal né du choc des météorites serait jusqu'à 58 % plus dur que le diamant ordinaire.";
2036;terre;"Terre & Océans";"Lumière sismique";"Des lueurs bleues et des boules lumineuses sont filmées dans le ciel quelques secondes avant certaines grandes secousses.";
2037;terre;"Terre & Océans";"Lusi";"Un forage gazier indonésien a percé une poche de boue en 2006 ; elle jaillit encore, a englouti des villages et pourrait couler des décennies.";
2038;terre;"Terre & Océans";"Lytton";"Ce village canadien a battu le record national de chaleur avec 49,6 °C, puis a entièrement brûlé le lendemain.";
2039;terre;"Terre & Océans";"Macellum de Pouzzoles";"Des mollusques marins ont perforé les colonnes à six mètres de hauteur : le monument a plongé sous la mer puis en est ressorti.";
2040;terre;"Terre & Océans";"Mammoth Cave";"Plus de six cent quatre-vingts kilomètres de galeries y ont été cartographiés, et on n'a toujours pas trouvé la fin.";
2041;terre;"Terre & Océans";"Mascaret de la Qiantang";"Deux fois par mois, une vague de neuf mètres remonte le fleuve à quarante kilomètres à l'heure et emporte parfois les curieux.";
2042;terre;"Terre & Océans";"Massif Tamu";"Ce volcan endormi sous le Pacifique couvre une surface comparable à celle des îles Britanniques.";
2043;terre;"Terre & Océans";"Mauna Kea";"Mesurée depuis sa base posée au fond du Pacifique, cette montagne hawaïenne dépasse l'Everest de plus de mille mètres.";
2044;terre;"Terre & Océans";"Mauritia";"Sous les plages de l'île Maurice dorment des cristaux vieux de trois milliards d'années, restes d'un continent englouti.";
2045;terre;"Terre & Océans";"Mawsynram";"Il y tombe près de douze mètres de pluie par an, et les habitants insonorisent leurs toits pour pouvoir dormir.";
2046;terre;"Terre & Océans";"Mer Caspienne";"Le plus grand lac du monde se trouve vingt-huit mètres sous le niveau de la mer et cinq pays ont mis des décennies à s'entendre sur son statut.";
2047;terre;"Terre & Océans";"Mer Morte";"Sa surface baisse d'un mètre par an, et le retrait ouvre des milliers de trous qui avalent routes et bâtiments sans prévenir.";
2048;terre;"Terre & Océans";"Mer Noire";"Sous deux cents mètres, l'eau est privée d'oxygène : des navires antiques y reposent avec leurs cordages et leurs mâts intacts.";
2049;terre;"Terre & Océans";"Mer d'Aral";"En cinquante ans, la quatrième mer intérieure du monde a presque disparu, laissant des chalutiers rouillés au milieu du désert.";
2050;terre;"Terre & Océans";"Mer de Salton";"Ce lac californien est né en 1905 d'une vanne d'irrigation mal fermée qui a détourné tout le Colorado pendant seize mois.";
2051;terre;"Terre & Océans";"Mer des Sargasses";"La seule mer du monde sans aucune côte est délimitée par de simples courants, et les anguilles d'Europe traversent l'Atlantique pour y pondre.";
2052;terre;"Terre & Océans";"Mine de Mirny";"Un cratère de diamants si profond que l'espace aérien au-dessus est fermé : les courants d'air y aspiraient les hélicoptères.";
2053;terre;"Terre & Océans";"Mine de Mponeng";"À quatre kilomètres sous terre, la roche atteint soixante degrés et il faut souffler de la glace pilée pour que les mineurs tiennent.";
2054;terre;"Terre & Océans";"Mine de sel de Wieliczka";"Des mineurs polonais ont creusé dans le sel une cathédrale souterraine complète, avec autel, bas-reliefs et lustres taillés dans le sel.";
2055;terre;"Terre & Océans";"Mont Erebus";"Le volcan antarctique projette des cristaux d'or minuscules, dispersés sur des dizaines de kilomètres de glace.";
2056;terre;"Terre & Océans";"Mont Roraima";"Ce plateau isolé par des falaises de mille mètres abrite des plantes qui n'existent nulle part ailleurs sur Terre.";
2057;terre;"Terre & Océans";"Mont Thor";"Sa paroi tombe à la verticale sur mille deux cent cinquante mètres : un objet lâché du sommet ne touche rien avant le sol.";
2058;terre;"Terre & Océans";"Mont Unzen";"La nuée ardente de 1991 a tué quarante-trois personnes, dont les deux volcanologues français qui filmaient à quelques centaines de mètres.";
2059;terre;"Terre & Océans";"Mont Washington (New Hampshire)";"Un vent de 372 km/h y a été mesuré en 1934 par des observateurs qui s'attendaient à voir leur bâtiment décoller.";
2060;terre;"Terre & Océans";"Mont Wingen";"Sous cette colline australienne, une veine de charbon brûle sans interruption depuis environ six mille ans, avançant d'un mètre par an.";
2061;terre;"Terre & Océans";"Mont Yamantaou";"Sous cette montagne de l'Oural se creuse depuis des décennies un complexe souterrain dont la Russie n'a jamais expliqué la fonction.";
2062;terre;"Terre & Océans";"Morning Glory (nuage)";"Un rouleau de nuage de mille kilomètres de long traverse le nord de l'Australie au petit matin, et les planeurs viennent le surfer.";
2063;terre;"Terre & Océans";"Mégaéclair";"Un seul éclair a été mesuré sur 768 kilomètres de long, traversant le ciel du Texas au Mississippi.";
2064;terre;"Terre & Océans";"Météorite de Hoba";"Soixante tonnes de fer tombées en Namibie n'ont jamais été déplacées : c'est le plus gros bloc de métal naturel connu à la surface.";
2065;terre;"Terre & Océans";"Nauru";"L'extraction du phosphate a transformé 80 % de l'île en un champ de pinacles calcaires où plus rien ne peut pousser.";
2066;terre;"Terre & Océans";"Nazaré (Portugal)";"Un canyon sous-marin concentre la houle et fabrique les plus grosses vagues jamais surfées, jusqu'à vingt-six mètres de haut.";
2067;terre;"Terre & Océans";"Nishinoshima";"Une éruption a fait naître une île en 1973 puis une autre en 2013 ; la nouvelle a avalé l'ancienne et continue de grandir.";
2068;terre;"Terre & Océans";"Novarupta";"La plus grosse éruption du XXe siècle a créé une vallée de dix mille fumerolles dans un coin d'Alaska si vide qu'elle n'a fait aucun mort.";
2069;terre;"Terre & Océans";"Nuage noctulescent";"Les nuages les plus hauts du monde brillent à quatre-vingts kilomètres d'altitude, en pleine nuit, longtemps après le coucher du soleil.";
2070;terre;"Terre & Océans";"Nutty Putty Cave";"Un spéléologue s'est coincé la tête en bas dans un boyau en 2009 ; après vingt-sept heures, on a renoncé et scellé la grotte avec lui dedans.";
2071;terre;"Terre & Océans";"Nyiragongo";"Sa lave, presque aussi fluide que de l'huile, dévale à soixante kilomètres à l'heure vers une ville d'un million d'habitants.";
2072;terre;"Terre & Océans";"Odoptu OP-11";"Un puits russe file sur plus de douze kilomètres presque à l'horizontale sous le Pacifique pour aller chercher du pétrole.";
2073;terre;"Terre & Océans";"Okinotorishima";"Le Japon a coulé du béton autour de deux rochers grands comme des lits pour conserver quatre cent mille kilomètres carrés d'océan.";
2074;terre;"Terre & Océans";"Ol Doinyo Lengai";"Sa lave, unique au monde, coule noire à cinq cents degrés seulement et blanchit comme de la neige en quelques heures.";
2075;terre;"Terre & Océans";"Ouragan Catarina";"En 2004, un ouragan a frappé le Brésil alors que les manuels affirmaient que l'Atlantique Sud n'en produisait jamais.";
2076;terre;"Terre & Océans";"Ouragan Patricia";"Ses vents ont atteint 345 km/h, record mondial, après s'être renforcés de plus de 100 km/h en une seule journée.";
2077;terre;"Terre & Océans";"Oïmiakon";"Mille personnes vivent là où le thermomètre est descendu à moins soixante-sept degrés ; on laisse les moteurs tourner toute la nuit.";
2078;terre;"Terre & Océans";"Painite";"Pendant quarante ans, ce minéral birman n'a existé qu'à trois exemplaires connus dans le monde entier.";
2079;terre;"Terre & Océans";"Palais des beaux-arts de Mexico";"Le bâtiment s'est enfoncé de plusieurs mètres dans le lit de l'ancien lac asséché sur lequel la ville tout entière repose.";
2080;terre;"Terre & Océans";"Paricutín";"En 1943, un paysan mexicain a vu son champ de maïs se fendre et cracher un volcan ; en un an, il mesurait plus de trois cents mètres.";
2081;terre;"Terre & Océans";"Perito Moreno";"Tous les quelques années, le glacier bouche un bras du lac jusqu'à ce que la pression fasse s'effondrer un pont de glace devant des milliers de spectateurs.";
2082;terre;"Terre & Océans";"Picher";"Des montagnes de résidus toxiques hautes comme des immeubles ont forcé l'évacuation totale de cette ville minière d'Oklahoma.";
2083;terre;"Terre & Océans";"Pinatubo";"L'éruption de 1991 a injecté tant de soufre dans la stratosphère que la température moyenne du globe a baissé d'un demi-degré pendant deux ans.";
2084;terre;"Terre & Océans";"Plate-forme de Larsen";"Une plaque de glace vieille de dix mille ans et grande comme un département s'est disloquée en trente-cinq jours en 2002.";
2085;terre;"Terre & Océans";"Pluie de poissons de Yoro";"Depuis plus d'un siècle, les habitants ramassent des poissons vivants dans les champs après certains orages de printemps.";
2086;terre;"Terre & Océans";"Pluies rouges du Kerala";"Pendant deux mois en 2001, une pluie couleur sang a taché les vêtements ; les particules ressemblaient à des cellules sans ADN identifiable.";
2087;terre;"Terre & Océans";"Plymouth (Montserrat)";"Ensevelie sous des mètres de cendres et totalement vide, cette ville reste officiellement la capitale d'un territoire britannique.";
2088;terre;"Terre & Océans";"Pororoca";"Une vague de quatre mètres remonte l'Amazone sur des centaines de kilomètres et se surfe pendant une demi-heure d'affilée.";
2089;terre;"Terre & Océans";"Porte de l'Enfer (Turkménistan)";"Un cratère de gaz allumé en 1971 « pour quelques jours ». Il brûle toujours.";
2090;terre;"Terre & Océans";"Projet Mohole";"En 1961, des Américains ont tenté d'atteindre le manteau terrestre depuis un navire maintenu en position au-dessus de quatre kilomètres d'eau.";
2091;terre;"Terre & Océans";"Puits de Barhout";"Les habitants juraient que ce puits yéménite était une prison à djinns ; des spéléologues sont descendus en 2021 et ont trouvé des perles de grotte.";
2092;terre;"Terre & Océans";"Puits pétrifiant de Knaresborough";"On y suspend nounours et chapeaux : quelques mois plus tard, ils sont changés en pierre par le calcaire de la source.";
2093;terre;"Terre & Océans";"Pyrocumulonimbus";"Un incendie assez violent fabrique son propre orage, dont la foudre allume à son tour de nouveaux feux à des kilomètres de là.";
2094;terre;"Terre & Océans";"Pénitent (glace)";"En altitude, la neige se dresse en lames de glace alignées de plusieurs mètres de haut, comme une foule agenouillée face au soleil.";
2095;terre;"Terre & Océans";"Période humide africaine";"Il y a six mille ans, le Sahara était vert, parcouru d'hippopotames et couvert de lacs grands comme des mers.";
2096;terre;"Terre & Océans";"Pôle nord magnétique";"Il a quitté le Canada et file vers la Sibérie à cinquante kilomètres par an, obligeant à corriger d'urgence les cartes du monde entier.";
2097;terre;"Terre & Océans";"Racetrack Playa";"Des rochers de plusieurs centaines de kilos se déplacent seuls en laissant des sillons ; il a fallu un siècle pour comprendre pourquoi.";
2098;terre;"Terre & Océans";"Ringwoodite";"Un diamant remonté du Brésil contenait un minéral gorgé d'eau, preuve que l'équivalent d'un océan est piégé à cinq cents kilomètres sous nos pieds.";
2099;terre;"Terre & Océans";"Rio Hamza";"Sous l'Amazone coule, à quatre kilomètres de profondeur, une nappe large de centaines de kilomètres qui avance de quelques mètres par an.";
2100;terre;"Terre & Océans";"Rio Tinto";"Un fleuve rouge sang, aussi acide que du vinaigre fort, où prolifèrent des microbes que la NASA étudie comme modèle martien.";
2101;terre;"Terre & Océans";"Rivière Chicago";"Des ingénieurs ont inversé le sens d'écoulement d'un fleuve en 1900 pour que la ville cesse de boire ses propres égouts.";
2102;terre;"Terre & Océans";"Rivière Slims";"En 2016, la fonte d'un glacier a détourné une rivière entière vers un autre océan en l'espace de quatre jours.";
2103;terre;"Terre & Océans";"Rochers de Moeraki";"Des sphères de pierre de deux mètres, presque parfaites, émergent d'une plage néo-zélandaise après soixante millions d'années de croissance.";
2104;terre;"Terre & Océans";"Roopkund";"Un lac himalayen jonché de centaines de squelettes ; l'analyse des crânes montre des impacts arrondis, sans doute des grêlons géants.";
2105;terre;"Terre & Océans";"Réservoir Manicouagan";"L'œil du Québec est un anneau d'eau de cent kilomètres de diamètre creusé par un astéroïde il y a 214 millions d'années.";
2106;terre;"Terre & Océans";"Sakurajima";"Ce volcan japonais explose des centaines de fois par an au-dessus d'une ville de six cent mille habitants dont les écoliers portent un casque.";
2107;terre;"Terre & Océans";"Salar d'Uyuni";"Cette croûte de sel est si plate que les satellites l'utilisent pour se calibrer ; sous la pluie, elle devient un miroir de dix mille kilomètres carrés.";
2108;terre;"Terre & Océans";"Sandy Island";"Cette île figurait sur les cartes marines depuis 1876 ; un navire est allé voir en 2012 et n'a trouvé que mille quatre cents mètres d'eau.";
2109;terre;"Terre & Océans";"Shanay-timpishka";"Une rivière amazonienne coule à quatre-vingts degrés sur six kilomètres, sans volcan aux environs, et ébouillante les animaux qui y tombent.";
2110;terre;"Terre & Océans";"Sistema Sac Actun";"Le plus long réseau de grottes noyées du monde relie trois cent soixante-dix kilomètres de galeries sous la jungle du Yucatán.";
2111;terre;"Terre & Océans";"Stromatolithe";"Ces cailloux vivants bâtis par des bactéries sont l'exacte copie de ceux qui ont rempli l'atmosphère d'oxygène il y a trois milliards d'années.";
2112;terre;"Terre & Océans";"Structure de Richat";"Un œil de cinquante kilomètres dessiné dans le Sahara, si visible depuis l'orbite qu'il a servi de repère aux astronautes.";
2113;terre;"Terre & Océans";"Séisme de 1556 au Shaanxi";"Huit cent trente mille morts : la plupart dormaient dans des habitations creusées dans le lœss, qui se sont refermées sur eux.";
2114;terre;"Terre & Océans";"Séisme de 1908 à Messine";"Le détroit s'est vidé puis est revenu en vagues de douze mètres, tuant quatre-vingt mille personnes avant le lever du jour.";
2115;terre;"Terre & Océans";"Séisme de 1950 en Assam";"La secousse a fait sonner les sismographes du monde entier, changé le lit de fleuves et fait remonter des collines au milieu des rizières.";
2116;terre;"Terre & Océans";"Séisme de 1964 en Alaska";"La terre a tremblé quatre minutes et le sol s'est soulevé de onze mètres par endroits, s'affaissant de deux mètres ailleurs.";
2117;terre;"Terre & Océans";"Séisme de 2004 dans l'océan Indien";"La rupture a couru sur mille six cents kilomètres, redistribué assez de masse pour raccourcir la journée et fait plus de deux cent mille morts.";
2118;terre;"Terre & Océans";"Séisme de 2011 de la côte Pacifique du Tōhoku";"La secousse a déplacé la côte japonaise de deux mètres et demi vers l'est et décalé l'axe de rotation de la Terre.";
2119;terre;"Terre & Océans";"Séisme de 2011 à Christchurch";"La liquéfaction du sol a fait remonter des centaines de milliers de tonnes de boue à travers les rues, les jardins et les pelouses.";
2120;terre;"Terre & Océans";"Séisme de Cascadia de 1700";"Un tsunami arrivé au Japon sans le moindre séisme japonais a permis de dater à l'heure près une secousse américaine antérieure à tout témoignage écrit.";
2121;terre;"Terre & Océans";"Séisme de Tangshan";"Une ville chinoise d'un million d'habitants a été rasée en vingt-trois secondes une nuit de juillet 1976.";
2122;terre;"Terre & Océans";"Séisme de Valdivia de 1960";"Magnitude neuf virgule cinq : la planète entière a vibré comme une cloche pendant des jours et le tsunami a tué au Japon.";
2123;terre;"Terre & Océans";"Séisme des Grands Bancs de 1929";"Un glissement sous-marin a sectionné douze câbles télégraphiques les uns après les autres, révélant du même coup l'existence des courants de turbidité.";
2124;terre;"Terre & Océans";"Séismes de New Madrid";"Les secousses de 1811 ont fait remonter le Mississippi à contre-courant et sonner des cloches d'église à mille cinq cents kilomètres.";
2125;terre;"Terre & Océans";"Séismes induits en Oklahoma";"Un État presque sans tremblements de terre en a subi plus de neuf cents en un an après l'injection souterraine d'eaux usées pétrolières.";
2126;terre;"Terre & Océans";"Sótano de las Golondrinas";"Un gouffre mexicain où l'on chute librement pendant plus de trois cents mètres avant que la corde ne serve, et où des oiseaux tournent en spirale.";
2127;terre;"Terre & Océans";"Taam Ja'";"Ce trou bleu mexicain a été sondé à plus de quatre cent vingt mètres sans que l'on touche le fond.";
2128;terre;"Terre & Océans";"Tanis (site paléontologique)";"Des poissons du Dakota ont dans les branchies les billes de verre retombées le jour même de l'impact qui a tué les dinosaures.";
2129;terre;"Terre & Océans";"Tempête géomagnétique de mars 1989";"Six millions de Québécois se sont réveillés sans électricité à cause d'une éruption survenue à la surface du Soleil.";
2130;terre;"Terre & Océans";"Terre Marie Byrd";"Un million et demi de kilomètres carrés d'Antarctique que pas un seul pays au monde ne revendique.";
2131;terre;"Terre & Océans";"Terre boule de neige";"Les glaces auraient atteint l'équateur et enveloppé la planète entière pendant des millions d'années.";
2132;terre;"Terre & Océans";"Tonlé Sap";"Chaque mousson, la rivière cambodgienne inverse son cours et fait gonfler le lac jusqu'à cinq fois sa taille.";
2133;terre;"Terre & Océans";"Tornade d'El Reno";"La tornade la plus large jamais mesurée faisait 4,2 kilomètres de bord à bord et a tué les chasseurs d'orages venus l'étudier.";
2134;terre;"Terre & Océans";"Tornade de Daulatpur-Saturia";"La tornade la plus meurtrière jamais recensée a fait treize cents morts en une heure au Bangladesh en 1989.";
2135;terre;"Terre & Océans";"Tornade de feu";"À Tokyo en 1923, un tourbillon de flammes a tué trente-huit mille personnes réfugiées sur une même place en un quart d'heure.";
2136;terre;"Terre & Océans";"Tornade tri-État";"En 1925, une tornade a couru trois cent cinquante kilomètres au sol pendant trois heures et demie, tuant six cent quatre-vingt-quinze personnes.";
2137;terre;"Terre & Océans";"Tremblement de terre de 1755 à Lisbonne";"La ville s'est effondrée un matin de Toussaint, puis a brûlé, puis a été noyée par un tsunami, ébranlant la philosophie de toute l'Europe.";
2138;terre;"Terre & Océans";"Trinitite";"Le sable du Nouveau-Mexique a été vitrifié en un minéral vert qui n'existait nulle part sur Terre avant le 16 juillet 1945.";
2139;terre;"Terre & Océans";"Tristan da Cunha";"En 1961, un volcan a forcé l'évacuation de toute la population vers l'Angleterre ; deux ans plus tard, presque tous sont rentrés.";
2140;terre;"Terre & Océans";"Trou bleu de Dean";"Des apnéistes descendent à plus de cent mètres dans ce puits marin des Bahamas sur une seule inspiration.";
2141;terre;"Terre & Océans";"Trovant";"Ces pierres roumaines gonflent après la pluie et bourgeonnent, ce qui leur a valu la réputation de rochers vivants.";
2142;terre;"Terre & Océans";"Typhon Tip";"Ce cyclone couvrait à lui seul près de la moitié des États-Unis, avec un diamètre de 2 200 kilomètres.";
2143;terre;"Terre & Océans";"Vague de Draupner";"Le 1er janvier 1995, une plateforme a mesuré une muraille d'eau de vingt-six mètres, prouvant que les vagues scélérates existent vraiment.";
2144;terre;"Terre & Océans";"Vallée de la Mort";"Le thermomètre y a affiché cinquante-six degrés et sept dixièmes en 1913, record mondial jamais égalé depuis.";
2145;terre;"Terre & Océans";"Vallée de la Mort (Kamtchatka)";"Ours, renards et aigles meurent en quelques minutes dans ce vallon où s'accumulent des gaz volcaniques invisibles et inodores.";
2146;terre;"Terre & Océans";"Vallées sèches de McMurdo";"Il n'y a pas plu ici depuis environ deux millions d'années, et le vent y momifie des phoques égarés depuis des siècles.";
2147;terre;"Terre & Océans";"Verkhoïansk";"La même ville sibérienne est descendue à -67 °C et montée à 38 °C, un écart de plus de cent degrés au-dessus du cercle polaire.";
2148;terre;"Terre & Océans";"Verre du désert Libyque";"Le scarabée du pectoral de Toutânkhamon est taillé dans un verre né d'une explosion cosmique il y a vingt-neuf millions d'années.";
2149;terre;"Terre & Océans";"Volcan Havre";"Une éruption sous-marine inaperçue a fait flotter en 2012 un radeau de pierre ponce de vingt-six mille kilomètres carrés.";
2150;terre;"Terre & Océans";"Volcan Poás";"Son lac de cratère a affiché un pH proche de zéro, une eau plus corrosive que l'acide d'une batterie de voiture.";
2151;terre;"Terre & Océans";"Vulcan Point";"Cet îlot est une île dans un lac, posé sur une île dans un lac, lui-même sur une île des Philippines.";
2152;terre;"Terre & Océans";"Wadi Al-Hitan";"En plein désert égyptien reposent des centaines de squelettes de baleines qui possédaient encore des pattes arrière.";
2153;terre;"Terre & Océans";"Waimangu";"Le plus haut geyser jamais observé projetait de l'eau à quatre cent soixante mètres ; en 1903, il a tué quatre spectateurs.";
2154;terre;"Terre & Océans";"Wave Rock";"Une falaise australienne a exactement la forme d'une vague de quinze mètres sur le point de déferler, figée dans un granite de 2,7 milliards d'années.";
2155;terre;"Terre & Océans";"Whakaari";"Quarante-sept touristes se promenaient dans le cratère de cette île néo-zélandaise quand elle a explosé, en décembre 2019.";
2156;terre;"Terre & Océans";"Wittenoom";"Cette ville australienne a été rayée des cartes et privée d'électricité parce que son sol est saturé de fibres d'amiante bleue.";
2157;terre;"Terre & Océans";"Xiaozhai tiankeng";"Cette bouche s'ouvre sur six cent soixante mètres de vide, avec une rivière au fond et une forêt entière poussant à l'intérieur.";
2158;terre;"Terre & Océans";"Yanartaş";"Des flammes jaillissent de la roche nue sans combustible visible depuis l'Antiquité, et les marins antiques s'en servaient comme phare.";
2159;terre;"Terre & Océans";"Yungay (Pérou)";"Un séisme a détaché un pan du glacier voisin ; l'avalanche de glace et de roche a effacé la ville en trois minutes en 1970.";
2160;terre;"Terre & Océans";"Zalzala Koh";"Un séisme pakistanais de 2013 a fait sortir une île de la mer ; quatre ans plus tard, les vagues l'avaient entièrement effacée.";
2161;terre;"Terre & Océans";"Zealandia";"Un huitième continent de cinq millions de kilomètres carrés a été reconnu en 2017 : il est immergé à 94 %.";
2162;terre;"Terre & Océans";"Éclairs du Catatumbo";"Au-dessus de l'embouchure d'un fleuve vénézuélien, la foudre tombe environ deux cent soixante nuits par an, jusqu'à vingt-huit fois par minute.";
2163;terre;"Terre & Océans";"Éruption de l'Ilopango";"Une éruption salvadorienne du VIe siècle a couvert l'Amérique centrale d'une cendre blanche qui a vidé la région pour des décennies.";
2164;terre;"Terre & Océans";"Éruption de la montagne Pelée en 1902";"Une nuée ardente a effacé une ville de trente mille habitants en quelques minutes ; un prisonnier enfermé au cachot a survécu.";
2165;terre;"Terre & Océans";"Éruption du Cumbre Vieja de 2021";"Trois mois de lave ont enseveli mille bâtiments aux Canaries tout en agrandissant l'île de cinquante hectares gagnés sur l'océan.";
2166;terre;"Terre & Océans";"Éruption du Huaynaputina en 1600";"Une éruption péruvienne a refroidi l'hémisphère nord au point de déclencher, en Russie, une famine qui a tué deux millions de personnes.";
2167;terre;"Terre & Océans";"Éruption du Krakatoa en 1883";"La détonation a été entendue à près de cinq mille kilomètres, et les baromètres du monde entier ont enregistré l'onde sept fois.";
2168;terre;"Terre & Océans";"Éruption du Samalas en 1257";"Les glaces polaires gardaient la trace de la plus grosse éruption du millénaire, mais le volcan coupable n'a été identifié qu'en 2013.";
2169;terre;"Terre & Océans";"Éruption du Tambora en 1815";"Le volcan a volé la moitié de sa hauteur et provoqué, à l'autre bout du monde, une année sans été et des famines.";
2170;terre;"Terre & Océans";"Éruption du Taupo";"Vers l'an 232, le ciel est devenu rouge sang au-dessus de Rome et de la Chine, et personne n'a jamais su pourquoi sur le moment.";
2171;terre;"Terre & Océans";"Éruption du mont Saint Helens en 1980";"Le versant nord de la montagne a glissé d'un bloc, libérant une explosion latérale qui a couché des forêts sur trois cents kilomètres carrés.";
2172;terre;"Terre & Océans";"Éruption minoenne";"L'explosion de Santorin a vidé le centre d'une île entière et projeté des cendres jusqu'en Égypte, vers 1600 avant notre ère.";
2173;terre;"Terre & Océans";"Étang Don Juan";"Huit fois plus salée que l'océan, cette flaque antarctique reste liquide par moins cinquante degrés.";
2174;terre;"Terre & Océans";"Étang de Bayou Corne";"L'effondrement d'une caverne de sel en 2012 a ouvert un gouffre qui a englouti des cyprès entiers debout, en quelques secondes.";
2175;terre;"Terre & Océans";"Île Bouvet";"Sur cet îlot glacé, le plus isolé du monde, une expédition a trouvé en 1964 un canot abandonné et jamais identifié.";
2176;terre;"Terre & Océans";"Île Ferdinandea";"Cette île sicilienne a surgi de la mer en 1831, a été revendiquée par trois pays, puis a coulé avant que le conflit ne soit tranché.";
2177;terre;"Terre & Océans";"Île New Moore";"L'Inde et le Bangladesh se disputaient cette île jusqu'à ce que la montée des eaux règle le litige en l'engloutissant.";
2178;terre;"Terre & Océans";"Île de Kaffeklubben";"La terre ferme la plus septentrionale du monde est un caillou entouré de bancs de gravier qui apparaissent et disparaissent d'un été à l'autre.";
2179;terre;"Terre & Océans";"Îles Diomède";"Quatre kilomètres séparent ces deux îles, mais vingt et une heures les séparent sur le calendrier.";
2180;vivant;"Le Vivant";"Abeille africanisée";"Vingt-six reines africaines échappées d'un laboratoire brésilien en 1957 ont produit une lignée qui a colonisé un continent entier.";
2181;vivant;"Le Vivant";"Acanthaspis petax";"Cette punaise assassine colle sur son dos les cadavres vidés des fourmis qu'elle a tuées, jusqu'à vingt, pour se déguiser en tas d'ordures.";
2182;vivant;"Le Vivant";"Aepyornis";"Cet oiseau malgache de trois mètres pondait des œufs de neuf litres, capables de contenir le contenu de cent cinquante œufs de poule.";
2183;vivant;"Le Vivant";"Agra schwarzeneggeri";"Ce coléoptère du Costa Rica a été nommé d'après l'acteur en raison des cuisses médianes anormalement renflées du mâle.";
2184;vivant;"Le Vivant";"Albatros hurleur";"Il fait le tour de l'océan Austral en quarante-six jours en planant presque sans battre des ailes, ses épaules bloquées par un tendon qui lui évite tout effort.";
2185;vivant;"Le Vivant";"Aleiodes shakirae";"Cette guêpe parasite fait onduler le ventre de sa chenille hôte, d'où son nom donné en hommage à la chanteuse.";
2186;vivant;"Le Vivant";"Alex (perroquet)";"Ce perroquet gris répondait « aucun » quand deux objets ne différaient par rien, une notion de zéro qu'on croyait hors de portée d'un cerveau d'oiseau.";
2187;vivant;"Le Vivant";"Alpheidae";"En refermant sa pince, cette crevette crée une bulle dont l'effondrement atteint brièvement des milliers de degrés et émet un flash de lumière.";
2188;vivant;"Le Vivant";"Alvinella pompejana";"Ce ver vit collé à des cheminées volcaniques sous-marines avec la queue à environ quatre-vingts degrés et la tête à vingt.";
2189;vivant;"Le Vivant";"Amorphophallus titanum";"Sa fleur de trois mètres chauffe son sommet à la température du corps humain pour propulser une odeur de cadavre à des kilomètres, quelques heures tous les sept ans.";
2190;vivant;"Le Vivant";"Amphioctopus marginatus";"Ce poulpe transporte des demi-coquilles de noix de coco sous son corps, ce qui le ralentit, pour s'en faire un abri plus tard.";
2191;vivant;"Le Vivant";"Amphiprion";"Chez ces poissons, c'est le mâle dominant qui devient femelle à la mort de celle-ci, l'inverse exact du scénario de Nemo.";
2192;vivant;"Le Vivant";"Ampulex compressa";"Cette guêpe pique deux fois, la seconde dans un ganglion précis du cerveau, puis conduit la blatte docile par une antenne jusqu'au terrier, comme un chien en laisse.";
2193;vivant;"Le Vivant";"Anableps";"Chacun de ses yeux est divisé en deux moitiés avec deux pupilles et deux focales : il voit net au-dessus et en dessous de l'eau simultanément.";
2194;vivant;"Le Vivant";"Angraecum sesquipedale";"Devant son éperon de trente centimètres, Darwin a prédit l'existence d'un papillon à trompe démesurée ; on l'a trouvé quarante et un ans après sa mort.";
2195;vivant;"Le Vivant";"Anguille électrique";"Six cents volts, produits par un animal, dans l'eau.";
2196;vivant;"Le Vivant";"Anomalocaris";"Ses trois parties ont été décrites comme trois animaux distincts : une crevette, une méduse et une éponge, pendant près d'un siècle.";
2197;vivant;"Le Vivant";"Anophthalmus hitleri";"Ce coléoptère aveugle des grottes slovènes est menacé par les collectionneurs de souvenirs nazis, qui paient des milliers d'euros par exemplaire.";
2198;vivant;"Le Vivant";"Antechinus";"Le mâle s'accouple sans dormir pendant quatorze heures d'affilée, jusqu'à ce que son système immunitaire s'effondre : toute la génération mâle meurt en quelques semaines.";
2199;vivant;"Le Vivant";"Antilope saïga";"En trois semaines de 2015, une bactérie inoffensive devenue mortelle sous l'effet de la chaleur a tué deux cent mille individus, soit deux tiers de l'espèce.";
2200;vivant;"Le Vivant";"Aphelocoma californica";"Devant le cadavre d'un congénère, ces geais appellent bruyamment, se rassemblent et cessent de se nourrir dans la zone pendant plus d'une journée.";
2201;vivant;"Le Vivant";"Apis cerana japonica";"Les abeilles japonaises entourent le frelon intrus par centaines et vibrent jusqu'à quarante-sept degrés : elles supportent cette chaleur, lui non.";
2202;vivant;"Le Vivant";"Apis mellifera capensis";"Les ouvrières de cette abeille peuvent pondre des clones femelles et envahir d'autres ruches comme un parasite social, jusqu'à les faire mourir.";
2203;vivant;"Le Vivant";"Argonauta argo";"Le mâle, quinze fois plus petit, détache son bras sexuel qui nage seul jusqu'à la femelle ; on l'a d'abord décrit comme un ver parasite.";
2204;vivant;"Le Vivant";"Argyroneta aquatica";"Cette araignée vit sous l'eau dans une cloche de soie qu'elle remplit d'air, et qui fonctionne comme une branchie en captant l'oxygène dissous.";
2205;vivant;"Le Vivant";"Armillaria ostoyae";"Un seul individu de ce champignon couvre neuf kilomètres carrés de forêt de l'Oregon sous terre et pèse peut-être des centaines de tonnes.";
2206;vivant;"Le Vivant";"Aspidoscelis neomexicanus";"Cette espèce ne compte aucun mâle : les femelles se clonent, mais simulent l'accouplement entre elles pour déclencher la ponte.";
2207;vivant;"Le Vivant";"Axolotl";"Il reste larve toute sa vie, se reproduit sans jamais devenir adulte et repousse ses pattes, sa mâchoire, son cœur et des morceaux de son cerveau sans cicatrice.";
2208;vivant;"Le Vivant";"Aye-aye";"Il tapote le bois avec un doigt squelettique désarticulé, écoute l'écho pour repérer une larve, perce l'écorce et va la chercher avec ce même doigt.";
2209;vivant;"Le Vivant";"Ayumu";"Ce jeune chimpanzé mémorise la position de neuf chiffres affichés deux dixièmes de seconde, tâche à laquelle aucun humain testé n'arrive.";
2210;vivant;"Le Vivant";"Bactérie câble";"Ces bactéries s'alignent en filaments de plusieurs centimètres qui transportent un courant électrique du fond de la vase jusqu'à la surface.";
2211;vivant;"Le Vivant";"Bactérie magnétotactique";"Ces bactéries fabriquent une chaîne de cristaux d'aimant dans leur corps et s'alignent sur le champ magnétique terrestre comme des boussoles vivantes.";
2212;vivant;"Le Vivant";"Baleine boréale";"Des pointes de harpon du XIXe siècle ont été retrouvées dans des individus vivants : certaines dépassent deux cents ans sans presque développer de cancer.";
2213;vivant;"Le Vivant";"Baleine à 52 hertz";"Depuis 1989, un chant de baleine est enregistré sur une fréquence qu'aucune autre baleine n'utilise ni, semble-t-il, n'entend.";
2214;vivant;"Le Vivant";"Baleine à bec de Cuvier";"Un individu a plongé à 2 992 mètres et un autre est resté trois heures quarante-deux sous l'eau sans respirer une seule fois.";
2215;vivant;"Le Vivant";"Baleine à bosse";"Tous les mâles d'un océan chantent la même chanson, qui se modifie ensemble chaque année et voyage d'ouest en est comme une mode.";
2216;vivant;"Le Vivant";"Barge rousse";"Une jeune barge baguée a volé de l'Alaska à la Tasmanie sans se poser une seule fois : 13 560 kilomètres en onze jours sans manger ni boire.";
2217;vivant;"Le Vivant";"Basilosaurus";"Ce nom signifie « roi lézard » : on avait pris pour un reptile marin une baleine de vingt mètres aux petites pattes arrière inutiles.";
2218;vivant;"Le Vivant";"Bathynomus giganteus";"Ce cloporte marin de cinquante centimètres peut jeûner plus de cinq ans, comme celui d'un aquarium japonais qui a refusé toute nourriture jusqu'à sa mort.";
2219;vivant;"Le Vivant";"Batrachochytrium dendrobatidis";"Ce champignon microscopique a causé le déclin de plus de cinq cents espèces d'amphibiens et l'extinction de quatre-vingt-dix d'entre elles, la pire épidémie animale connue.";
2220;vivant;"Le Vivant";"Birgus latro";"Ce crabe grimpe aux cocotiers, se noie dans l'eau de mer, et sa pince serre avec une force comparable à la morsure d'un lion.";
2221;vivant;"Le Vivant";"Blastophaga psenes";"Chaque figue que vous mangez est une fleur inversée dans laquelle une guêpe est entrée, a perdu ses ailes, a pondu et est morte, digérée par le fruit.";
2222;vivant;"Le Vivant";"Bonellia viridis";"La larve qui se pose sur le fond devient une femelle de dix centimètres, celle qui touche une femelle devient un mâle microscopique qui vivra dans son corps.";
2223;vivant;"Le Vivant";"Boquila trifoliolata";"Cette liane chilienne imite la forme, la taille et la couleur des feuilles de l'arbre qu'elle escalade, et change de modèle si elle change de support.";
2224;vivant;"Le Vivant";"Bothrops insularis";"Sur une île brésilienne interdite, la densité atteint un serpent par mètre carré, et leur venin est cinq fois plus puissant que celui du continent.";
2225;vivant;"Le Vivant";"Boulengerula taitanus";"La mère développe une peau grasse spéciale que ses petits arrachent et dévorent par lambeaux, avec des dents faites pour ça.";
2226;vivant;"Le Vivant";"Bouquetin des Alpes";"Ces bouquetins escaladent la paroi presque verticale d'un barrage italien pour lécher le sel de la maçonnerie, à des dizaines de mètres du sol.";
2227;vivant;"Le Vivant";"Bourdon terrestre";"Il sent le champ électrique des fleurs avec ses poils et sait ainsi, avant de se poser, si une abeille est déjà passée vider le nectar.";
2228;vivant;"Le Vivant";"Bradypus variegatus";"Il descend de son arbre une fois par semaine pour déféquer au sol, au péril de sa vie, parce que des papillons vivant dans son pelage ont besoin de ce tas.";
2229;vivant;"Le Vivant";"Brassica oleracea";"Le chou, le brocoli, le chou-fleur, le chou de Bruxelles et le chou-rave sont tous la même espèce, remodelée organe par organe.";
2230;vivant;"Le Vivant";"Bucardo";"Cette chèvre a été la première espèce ressuscitée par clonage : le clone est né en 2003 et a vécu sept minutes.";
2231;vivant;"Le Vivant";"Cacatoès de Goffin";"Sans jamais l'avoir appris, ce perroquet taille des bandes de carton à la bonne longueur pour atteindre une noix hors de portée.";
2232;vivant;"Le Vivant";"Cachalot";"Ses clics dépassent deux cent trente décibels, il dort à la verticale par groupes flottants, et chaque clan possède son propre dialecte de codas.";
2233;vivant;"Le Vivant";"Calao bicorne";"La femelle s'emmure dans un tronc avec de la boue et ses fientes, laissant une fente par laquelle le mâle la nourrit pendant des mois.";
2234;vivant;"Le Vivant";"Calyptra";"Ce papillon nocturne perce la peau des mammifères avec sa trompe et boit leur sang, comportement dérivé de la consommation de fruits.";
2235;vivant;"Le Vivant";"Camponotus saundersi";"Face à un ennemi, cette fourmi contracte violemment son abdomen jusqu'à se déchirer et asperge l'agresseur d'une colle toxique : elle explose pour la colonie.";
2236;vivant;"Le Vivant";"Candidatus Desulforudis audaxviator";"Dans une mine sud-africaine à près de trois kilomètres de fond vit un écosystème complet composé d'une seule espèce, qui tire son énergie de la radioactivité des roches.";
2237;vivant;"Le Vivant";"Cassenoix d'Amérique";"Il enterre plus de trente mille graines dans des milliers de cachettes à l'automne, et les retrouve sous la neige neuf mois plus tard.";
2238;vivant;"Le Vivant";"Cataglyphis";"Cette fourmi du désert compte ses pas à l'aller ; si on lui colle des échasses, elle dépasse son nid d'exactement la distance ajoutée.";
2239;vivant;"Le Vivant";"Caulerpa taxifolia";"Cette algue est une cellule unique de plusieurs mètres, et la souche échappée de l'aquarium de Monaco a colonisé des milliers d'hectares de Méditerranée.";
2240;vivant;"Le Vivant";"Ceratioidei";"Le mâle, minuscule, mord la femelle, fusionne avec elle jusqu'à partager sa circulation sanguine, puis se dissout en une simple paire de testicules greffés.";
2241;vivant;"Le Vivant";"Ceratocaryum argenteum";"Cette plante produit des graines rondes et brunes qui imitent l'odeur des crottes d'antilope, pour que les bousiers les enterrent.";
2242;vivant;"Le Vivant";"Channichthyidae";"Ces poissons antarctiques ont un sang blanc et transparent : ils sont les seuls vertébrés à vivre sans une seule molécule d'hémoglobine.";
2243;vivant;"Le Vivant";"Chaser";"Cette chienne connaissait le nom propre de mille vingt-deux jouets différents et déduisait le nouveau mot par élimination.";
2244;vivant;"Le Vivant";"Cheirogaleus medius";"Ce petit lémurien est le seul primate à hiberner sept mois par an, dans un tronc, en laissant sa température suivre celle de l'air.";
2245;vivant;"Le Vivant";"Chlamydera nuchalis";"Ce jardinier dispose ses cailloux du plus petit au plus grand pour créer une illusion de perspective, et refait l'agencement si on le dérange.";
2246;vivant;"Le Vivant";"Chrysomallon squamiferum";"Cet escargot des sources hydrothermales blinde son pied d'écailles de sulfure de fer et sa coquille contient de la pyrite.";
2247;vivant;"Le Vivant";"Chrysopelea";"Ce serpent se jette d'une branche, aplatit son corps en ruban concave et ondule dans le vide pour planer sur une vingtaine de mètres.";
2248;vivant;"Le Vivant";"Cimex lectularius";"Le mâle ne cherche pas l'orifice génital : il perfore l'abdomen de la femelle et y injecte son sperme directement dans la cavité corporelle.";
2249;vivant;"Le Vivant";"Cladosporium sphaerospermum";"Ce champignon noir colonise les murs du réacteur de Tchernobyl et pousse plus vite vers les sources radioactives : il semble se nourrir des rayonnements.";
2250;vivant;"Le Vivant";"Clathrus archeri";"Ce champignon sort d'un œuf gélatineux, déploie quatre à huit tentacules rouges gluants et attire les mouches en imitant la viande pourrie.";
2251;vivant;"Le Vivant";"Claviceps purpurea";"Ce champignon du seigle a provoqué des épidémies de convulsions et d'hallucinations au Moyen Âge, et c'est de lui qu'a été tiré le LSD.";
2252;vivant;"Le Vivant";"Coléoptère bombardier";"Il fabrique une explosion chimique à 100 °C dans son abdomen et la projette sur ce qui l'attaque.";
2253;vivant;"Le Vivant";"Condylure à nez étoilé";"Ses vingt-deux tentacules nasaux touchent douze endroits par seconde et il décide de manger ou non une proie en huit millisecondes, plus vite qu'un influx nerveux ordinaire.";
2254;vivant;"Le Vivant";"Conus geographus";"Ce cône libère un nuage d'insuline dans l'eau pour faire chuter la glycémie du poisson, qui s'engourdit et se laisse avaler entier.";
2255;vivant;"Le Vivant";"Copidosoma floridanum";"Un seul œuf de cette guêpe se divise en environ trois mille clones dans la chenille, dont une caste de sœurs soldates stériles qui tuent les rivales.";
2256;vivant;"Le Vivant";"Corneille d'Amérique";"Elle mémorise le visage d'un humain qui l'a menacée, le transmet à ses congénères, et le harcèle encore cinq ans plus tard.";
2257;vivant;"Le Vivant";"Cornus canadensis";"Sa fleur s'ouvre en moins d'un demi-millième de seconde et catapulte son pollen à dix fois l'accélération d'un astronaute au décollage.";
2258;vivant;"Le Vivant";"Corvus moneduloides";"Un corbeau nommé Betty, sans l'avoir jamais appris, a plié un fil de fer droit en crochet pour extraire un seau de nourriture d'un tube.";
2259;vivant;"Le Vivant";"Coryanthes";"Cette orchidée fabrique un seau de liquide dans lequel l'abeille tombe, et dont elle ne peut ressortir que par un tunnel qui la colle au pollen.";
2260;vivant;"Le Vivant";"Coucou gris";"Le poussin, à peine éclos et encore aveugle, hisse un à un les œufs de ses hôtes sur son dos pour les jeter hors du nid.";
2261;vivant;"Le Vivant";"Crepidula fornicata";"Ces mollusques s'empilent en colonnes vivantes : les individus du dessous sont femelles, ceux du dessus mâles, et chacun change en montant dans la pile.";
2262;vivant;"Le Vivant";"Crocuta crocuta";"Les femelles urinent, s'accouplent et mettent bas par un pseudo-pénis, et beaucoup de premiers-nés meurent étouffés dans ce conduit.";
2263;vivant;"Le Vivant";"Cupriavidus metallidurans";"Cette bactérie avale des composés d'or toxiques et les recrache sous forme de minuscules pépites d'or métallique pur.";
2264;vivant;"Le Vivant";"Cuscute";"Cette plante sans feuilles renifle l'air, choisit sa victime à l'odeur parmi plusieurs voisines, puis pousse en spirale dans sa direction pour la percer.";
2265;vivant;"Le Vivant";"Cymothoa exigua";"Ce crustacé dévore la langue d'un poisson, s'ancre au moignon et devient lui-même la langue de l'animal, qui s'en sert normalement jusqu'à sa mort.";
2266;vivant;"Le Vivant";"Dactylopius coccus";"Il faut écraser environ soixante-dix mille de ces insectes pour obtenir un kilo de colorant rouge, longtemps aussi précieux que l'argent.";
2267;vivant;"Le Vivant";"Danaus plexippus";"Aucun individu ne fait l'aller-retour : il faut quatre générations pour remonter au Canada, et la dernière retrouve les mêmes arbres mexicains que ses arrière-grands-parents.";
2268;vivant;"Le Vivant";"Deinococcus radiodurans";"Cette bactérie encaisse trois mille fois la dose de radiations qui tue un humain, puis recolle ses chromosomes pulvérisés en quelques heures.";
2269;vivant;"Le Vivant";"Demodex";"Presque tous les adultes hébergent ces acariens dans les follicules du visage ; ils n'ont pas d'anus et accumulent leurs déchets jusqu'à leur mort.";
2270;vivant;"Le Vivant";"Dendrocnide moroides";"Ses poils de silice injectent une toxine si stable que la douleur peut revenir des mois plus tard, sous une simple douche froide.";
2271;vivant;"Le Vivant";"Dermatobia hominis";"Cette mouche colle ses œufs sur un moustique, qui les dépose sur un humain ; la larve grandit sous la peau en respirant par un trou.";
2272;vivant;"Le Vivant";"Dicrocoelium dendriticum";"Cette douve force chaque soir la fourmi infectée à grimper au sommet d'un brin d'herbe et à s'y accrocher par les mandibules jusqu'à ce qu'un mouton la broute.";
2273;vivant;"Le Vivant";"Dictyostelium discoideum";"Quand la nourriture manque, ces amibes solitaires fusionnent en une limace mobile, puis un cinquième d'entre elles se sacrifient en tige morte pour lancer les autres au vent.";
2274;vivant;"Le Vivant";"Dimetrodon";"Malgré sa voile dorsale, cet animal n'est pas un dinosaure et se trouve plus proche de nous, humains, que de n'importe quel reptile.";
2275;vivant;"Le Vivant";"Dionée attrape-mouche";"Elle compte : un contact ne fait rien, deux referment le piège, cinq déclenchent la digestion, et elle garde ce décompte en mémoire une trentaine de secondes.";
2276;vivant;"Le Vivant";"Dolania americana";"La femelle adulte de cette éphémère vit moins de cinq minutes : elle mue, s'accouple et pond dans le temps qu'il faut pour lire cette phrase cent fois.";
2277;vivant;"Le Vivant";"Dolly";"Née d'une cellule de mamelle congelée, elle prouve qu'une cellule adulte spécialisée peut redevenir un embryon entier.";
2278;vivant;"Le Vivant";"Dracunculus medinensis";"Ce ver d'un mètre sort lentement de la jambe par une cloque, et on l'extrait depuis l'Antiquité en l'enroulant sur un bâtonnet, quelques centimètres par jour.";
2279;vivant;"Le Vivant";"Dragon de Komodo";"Des femelles isolées dans des zoos européens ont pondu des œufs fécondés sans avoir jamais vu de mâle, et tous les petits nés étaient des mâles.";
2280;vivant;"Le Vivant";"Drosera glanduligera";"Ses tentacules extérieurs catapultent la proie vers le centre de la feuille en soixante-quinze millisecondes, mouvement à usage unique.";
2281;vivant;"Le Vivant";"Drosophila bifurca";"Cette mouche de trois millimètres produit des spermatozoïdes de près de six centimètres, enroulés en pelote.";
2282;vivant;"Le Vivant";"Dryococelus australis";"Vingt-quatre survivants de ce phasme géant ont été retrouvés sous un unique buisson, sur un piton rocheux vertical, quatre-vingts ans après leur extinction supposée.";
2283;vivant;"Le Vivant";"Eciton burchellii";"Ces fourmis légionnaires bâtissent avec leurs propres corps des ponts vivants qui se déplacent tout seuls pour raccourcir le trajet de la colonne.";
2284;vivant;"Le Vivant";"Elusor macrurus";"Cette tortue australienne tire jusqu'à soixante-dix pour cent de son oxygène par le cloaque et porte souvent une chevelure d'algues vertes.";
2285;vivant;"Le Vivant";"Elysia chlorotica";"Cette limace de mer arrache les chloroplastes de ses algues, les garde vivants dans sa peau et vit ensuite des mois de photosynthèse, comme une feuille qui rampe.";
2286;vivant;"Le Vivant";"Encephalartos woodii";"Il n'existe qu'un seul individu de cette plante, un mâle prélevé en 1895 et cloné partout : aucune femelle n'a jamais été trouvée.";
2287;vivant;"Le Vivant";"Entomophthora muscae";"La mouche infectée grimpe en hauteur, déploie ses ailes et meurt dans une posture d'invitation sexuelle, si convaincante que les mâles s'accouplent avec le cadavre.";
2288;vivant;"Le Vivant";"Eunice aphroditois";"Ce ver de trois mètres attend enfoui, cinq antennes dehors, et referme ses mâchoires si vite qu'il coupe parfois un poisson en deux.";
2289;vivant;"Le Vivant";"Euprymna scolopes";"Ce petit calmar cultive des bactéries lumineuses dans un organe dédié et règle leur éclat pour effacer son ombre sous la lune, puis en expulse la moitié chaque matin.";
2290;vivant;"Le Vivant";"Expérience d'évolution à long terme d'Escherichia coli";"Douze populations identiques sont cultivées depuis 1988 ; après trente et un mille générations, une seule a inventé la capacité de digérer le citrate.";
2291;vivant;"Le Vivant";"Frégate";"Cet oiseau reste jusqu'à deux mois en l'air sans se poser, dort quelques secondes à la fois en planant, et se noierait s'il tombait à l'eau.";
2292;vivant;"Le Vivant";"Furcifer labordi";"Ce caméléon passe les deux tiers de son existence dans l'œuf et ne vit ensuite que quatre ou cinq mois, record de brièveté chez les vertébrés.";
2293;vivant;"Le Vivant";"Geogemma barossii";"Cette archée des sources hydrothermales se reproduit encore à cent vingt et un degrés, température utilisée pour stériliser le matériel médical.";
2294;vivant;"Le Vivant";"Georges le solitaire";"Dernier de sa sous-espèce, il a refusé pendant quarante ans toutes les femelles qu'on lui présentait et l'a emportée avec lui en 2012.";
2295;vivant;"Le Vivant";"Ginkgo biloba";"Six de ces arbres poussaient à moins de deux kilomètres de l'explosion d'Hiroshima : ils ont bourgeonné dès le printemps suivant et sont toujours debout.";
2296;vivant;"Le Vivant";"Girafe";"Son nerf laryngé descend jusqu'au cœur avant de remonter au larynx, soit un détour de plus de quatre mètres pour vingt centimètres utiles.";
2297;vivant;"Le Vivant";"Glaucus atlanticus";"Ce petit mollusque bleu mange la physalie, stocke ses cellules urticantes intactes dans ses propres appendices et devient plus venimeux que sa proie.";
2298;vivant;"Le Vivant";"Glyptapanteles";"Les chenilles vidées par ces guêpes ne meurent pas : elles montent la garde devant les cocons de leurs bourreaux et frappent les prédateurs qui approchent.";
2299;vivant;"Le Vivant";"Grand dauphin";"Chaque individu invente dans sa jeunesse un sifflement unique qui lui sert de nom propre, et les autres l'utilisent pour l'appeler.";
2300;vivant;"Le Vivant";"Grand indicateur";"Cet oiseau sauvage répond à un cri précis des chasseurs de miel africains, les guide jusqu'à la ruche, attend qu'ils l'ouvrent et prend la cire en salaire.";
2301;vivant;"Le Vivant";"Grand pingouin";"Les deux derniers couvaient un œuf unique quand des pêcheurs les ont étranglés en 1844 pour le compte d'un collectionneur.";
2302;vivant;"Le Vivant";"Graneledone boreopacifica";"Une pieuvre observée au fond du Pacifique a couvé ses œufs pendant cinquante-trois mois sans jamais manger, puis est morte à leur éclosion.";
2303;vivant;"Le Vivant";"Grenouille de verre";"En dormant, elle range 89 % de ses globules rouges dans son foie et devient presque invisible, un tour qui la tuerait par thrombose chez n'importe quel autre animal.";
2304;vivant;"Le Vivant";"Grenouille des bois";"Elle laisse geler les deux tiers de l'eau de son corps, son cœur s'arrête, elle ne respire plus pendant des semaines, puis elle repart au printemps.";
2305;vivant;"Le Vivant";"Grolar";"Le réchauffement fait remonter les grizzlys vers le nord et des hybrides fertiles avec l'ours blanc sont désormais abattus par des chasseurs inuits.";
2306;vivant;"Le Vivant";"Gypaète barbu";"Il se nourrit à quatre-vingts pour cent d'os, qu'il lâche sur les rochers pour les briser, et se teint volontairement le plumage en rouge dans la boue ferrugineuse.";
2307;vivant;"Le Vivant";"Hachikō";"Ce chien est revenu attendre son maître à la même gare, tous les soirs, pendant neuf ans après la mort de celui-ci.";
2308;vivant;"Le Vivant";"Halicephalobus mephisto";"Ce ver d'un demi-millimètre a été trouvé vivant à 3,6 kilomètres sous terre, dans une eau chaude isolée de la surface depuis des milliers d'années.";
2309;vivant;"Le Vivant";"Hallucigenia";"Reconstituée pendant quinze ans à l'envers et à contresens, elle marchait sur ce qu'on avait pris pour son dos, et sa tête était sa queue.";
2310;vivant;"Le Vivant";"Hapalochlaena";"Cette pieuvre de la taille d'une balle de golf porte assez de neurotoxine pour tuer une vingtaine d'adultes, et sa morsure est indolore.";
2311;vivant;"Le Vivant";"HeLa";"Prélevées sans consentement en 1951, ces cellules se multiplient encore ; leur masse cumulée dépasse largement celle de la femme dont elles proviennent.";
2312;vivant;"Le Vivant";"Helicobacter pylori";"Pour prouver que l'ulcère était infectieux et non nerveux, un médecin australien a bu un bouillon de cette bactérie et est tombé malade en cinq jours.";
2313;vivant;"Le Vivant";"Helicodiceros muscivorus";"Cette fleur imite une carcasse en putréfaction, chauffe jusqu'à quinze degrés au-dessus de l'air ambiant et enferme les mouches une nuit dans son tube poilu.";
2314;vivant;"Le Vivant";"Helicoprion";"Cet animal portait une spirale de dents enroulée comme une scie circulaire, et il a fallu un siècle pour comprendre où elle se plaçait.";
2315;vivant;"Le Vivant";"Hemeroplanes triptolemus";"Dérangée, cette chenille retourne et gonfle son avant-corps pour devenir une tête de serpent avec des écailles et des yeux peints.";
2316;vivant;"Le Vivant";"Henneguya salminicola";"Ce parasite du saumon est le premier animal connu à avoir perdu ses mitochondries : il vit entièrement sans respirer l'oxygène.";
2317;vivant;"Le Vivant";"Hippomane mancinella";"Sa sève brûle la peau, sa fumée aveugle, et s'abriter sous ses branches pendant la pluie suffit à provoquer des cloques.";
2318;vivant;"Le Vivant";"Hoazin huppé";"Ses poussins ont des griffes aux ailes pour grimper, et l'adulte fermente les feuilles dans un jabot élargi, ce qui lui donne une odeur de bouse.";
2319;vivant;"Le Vivant";"Holothurie";"Menacée, elle expulse ses propres organes internes par l'anus vers l'agresseur, puis les reconstitue en quelques semaines.";
2320;vivant;"Le Vivant";"Hvaldimir";"Ce béluga est apparu en Norvège harnaché d'un support de caméra estampillé « Equipment St. Petersburg », et savait rapporter des objets sur commande.";
2321;vivant;"Le Vivant";"Hydnellum peckii";"Ce champignon suinte des gouttes rouge sang à la surface de sa chair blanche, comme une éponge de dentiste abandonnée dans la mousse.";
2322;vivant;"Le Vivant";"Hydnora africana";"Cette plante sans feuilles ni chlorophylle vit entièrement sous terre et n'en sort qu'une fleur charnue qui pue la charogne pour piéger les bousiers.";
2323;vivant;"Le Vivant";"Hydre (genre)";"Ses cellules se renouvellent si complètement qu'on n'observe chez elle aucune augmentation de la mortalité avec l'âge : elle semble ne pas vieillir.";
2324;vivant;"Le Vivant";"Hymenoepimecis argyraphaga";"La larve de cette guêpe injecte à l'araignée une substance qui lui fait tisser une toile jamais vue, un berceau blindé pour sa nymphose.";
2325;vivant;"Le Vivant";"Hyperion";"Cet arbre culmine à cent seize mètres, et sa localisation est tenue secrète sous peine de six mois de prison.";
2326;vivant;"Le Vivant";"Ideonella sakaiensis";"Découverte dans une décharge japonaise, cette bactérie digère le plastique PET et peut faire disparaître un film fin en six semaines.";
2327;vivant;"Le Vivant";"Inky";"Ce poulpe a soulevé le couvercle de son bac la nuit, traversé le sol de l'aquarium et plongé dans un tuyau d'évacuation vers l'océan.";
2328;vivant;"Le Vivant";"Isistius brasiliensis";"Ce requin de cinquante centimètres découpe dans les baleines, les thons et parfois les sous-marins des bouchons de chair parfaitement ronds, et repart.";
2329;vivant;"Le Vivant";"Issus coleoptratus";"La larve de cet insecte possède de véritables engrenages dentés qui synchronisent ses deux pattes au tiers de microseconde près lors du saut.";
2330;vivant;"Le Vivant";"Jonathan";"Cette tortue née vers 1832 broute encore la pelouse du gouverneur de Sainte-Hélène, aveugle et sans odorat, mais parfaitement vigoureuse.";
2331;vivant;"Le Vivant";"Kangourou roux";"Une femelle peut porter un embryon en pause, allaiter un nouveau-né et un grand jeune en même temps, en produisant deux laits de compositions différentes dans deux mamelles voisines.";
2332;vivant;"Le Vivant";"Kanzi";"Ce bonobo a appris le langage symbolique par-dessus l'épaule de sa mère, qui, elle, n'y arrivait pas, et taillait ses propres outils de pierre.";
2333;vivant;"Le Vivant";"Koko";"Cette gorille maîtrisait un millier de signes et a demandé, puis pleuré, un chaton qu'elle avait elle-même baptisé All Ball.";
2334;vivant;"Le Vivant";"Kryptolebias marmoratus";"Ce poisson est le seul vertébré à se féconder lui-même : il porte les deux sexes, produit des lignées de clones et survit des semaines hors de l'eau dans du bois pourri.";
2335;vivant;"Le Vivant";"Kākāpō";"Ce perroquet de quatre kilos ne vole pas, sent le miel, se reproduit selon la fructification d'un arbre et compte environ deux cents individus nommés un à un.";
2336;vivant;"Le Vivant";"Labroides dimidiatus";"Ce petit poisson nettoyeur, marqué d'une tache colorée, va se frotter contre le fond en la regardant dans un miroir, comme s'il se reconnaissait.";
2337;vivant;"Le Vivant";"Lampsilis";"Cette moule d'eau douce agite un appendice qui imite parfaitement un petit poisson ; quand le prédateur mord, elle lui projette ses larves dans les branchies.";
2338;vivant;"Le Vivant";"Laonastes aenigmamus";"Trouvé sur un marché laotien, ce rongeur s'est révélé appartenir à une famille que l'on croyait éteinte depuis onze millions d'années.";
2339;vivant;"Le Vivant";"Latimeria chalumnae";"Ce poisson supposé disparu depuis soixante-six millions d'années a été trouvé en 1938 sur l'étal d'un chalutier sud-africain.";
2340;vivant;"Le Vivant";"Leipoa ocellata";"Ce mégapode entretient un tas de compost comme un incubateur, y plonge le bec pour en mesurer la température et ajoute ou retire du sable au degré près.";
2341;vivant;"Le Vivant";"Leucochloridium paradoxum";"Ce ver s'installe dans les tentacules d'un escargot, les transforme en chenilles vertes pulsantes, et pousse l'animal aveuglé vers la lumière pour être mangé.";
2342;vivant;"Le Vivant";"Limulus polyphemus";"Son sang bleu détecte la moindre trace de bactérie, et l'industrie pharmaceutique en prélève chaque année sur des centaines de milliers d'individus.";
2343;vivant;"Le Vivant";"Lineus longissimus";"Un spécimen échoué en Écosse mesurait plus de cinquante mètres, ce qui en fait peut-être le plus long animal du monde.";
2344;vivant;"Le Vivant";"Lithops";"Ces plantes se déguisent en cailloux, avec deux feuilles enterrées et une fenêtre translucide au sommet pour laisser entrer la lumière.";
2345;vivant;"Le Vivant";"Loa loa";"Ce ver de sept centimètres se déplace sous la peau et traverse parfois le blanc de l'œil, visible en train de ramper.";
2346;vivant;"Le Vivant";"Lodoicea maldivica";"Sa graine pèse jusqu'à vingt-cinq kilos, met sept ans à mûrir, et on a longtemps cru qu'elle poussait au fond de la mer.";
2347;vivant;"Le Vivant";"Lomatia tasmanica";"Ce buisson tasmanien est stérile et se clone depuis environ quarante-trois mille ans : tous les individus vivants sont le même organisme.";
2348;vivant;"Le Vivant";"Loutre de mer";"Elle garde sa pierre préférée dans une poche de peau sous l'aisselle et s'en sert toute sa vie pour ouvrir les coquillages.";
2349;vivant;"Le Vivant";"Machaeropterus deliciosus";"Ce petit oiseau chante avec ses ailes : il frotte des plumes modifiées cent fois par seconde, et ses os creux se sont épaissis pour supporter la vibration.";
2350;vivant;"Le Vivant";"Macropinna microstoma";"Son crâne est un dôme transparent rempli de liquide, dans lequel ses vrais yeux tubulaires pivotent pour regarder à travers son propre front.";
2351;vivant;"Le Vivant";"Macrotermes";"Ces termites climatisent une termitière de plusieurs mètres par un réseau de cheminées qui renouvelle l'air et maintient la température de leurs champignons à un degré près.";
2352;vivant;"Le Vivant";"Magawa";"Ce rat géant a détecté soixante et onze mines antipersonnel au Cambodge, trop léger pour les déclencher, et a reçu une médaille d'or.";
2353;vivant;"Le Vivant";"Magicicada";"Ces cigales passent treize ou dix-sept ans sous terre, jamais quatorze ni seize, et sortent toutes le même mois par milliards : leur cycle est un nombre premier.";
2354;vivant;"Le Vivant";"Mammouth laineux";"Une population a survécu sur l'île Wrangel jusqu'à environ 1700 avant notre ère, soit après l'achèvement de la pyramide de Khéops.";
2355;vivant;"Le Vivant";"Manchot empereur";"Le mâle jeûne cent quinze jours en couvant un œuf sur ses pattes, en plein hiver antarctique, à moins soixante et sous des vents de deux cents kilomètres-heure.";
2356;vivant;"Le Vivant";"Martinet à ventre blanc";"Des capteurs ont montré que ces oiseaux restent en l'air dix mois d'affilée, dormant et mangeant en vol, sans jamais se poser.";
2357;vivant;"Le Vivant";"Massospora cicadina";"Ce champignon remplace l'abdomen des cigales par un bouchon de spores, les gave d'amphétamine naturelle et les envoie s'accoupler frénétiquement pour contaminer les autres.";
2358;vivant;"Le Vivant";"Mastophora";"Cette araignée fabrique une boule collante au bout d'un fil et émet le parfum sexuel des papillons femelles pour attirer les mâles à portée de lasso.";
2359;vivant;"Le Vivant";"Mathusalem (palmier)";"Une graine de dattier de Judée trouvée dans une forteresse antique a germé après environ deux mille ans, ressuscitant une variété disparue.";
2360;vivant;"Le Vivant";"Megachile pluto";"Cette abeille de six centimètres d'envergure, aux mandibules de cerf-volant, niche dans les termitières et n'a été revue qu'en 1981, puis en 2019.";
2361;vivant;"Le Vivant";"Megaponera analis";"Ces fourmis ramènent leurs blessées du champ de bataille, lèchent leurs plaies avec une sécrétion antimicrobienne et divisent par cinq la mortalité des amputées.";
2362;vivant;"Le Vivant";"Melanophila acuminata";"Ce coléoptère possède des capteurs infrarouges qui détectent un feu de forêt à des dizaines de kilomètres, et il y accourt pour pondre dans le bois encore fumant.";
2363;vivant;"Le Vivant";"Metasequoia glyptostroboides";"Décrit en 1941 sur des fossiles, cet arbre a été retrouvé trois ans plus tard, bien vivant, dans un village chinois où on l'appelait l'arbre à eau.";
2364;vivant;"Le Vivant";"Mike la poule sans tête";"Décapité, ce coq a vécu dix-huit mois de plus, nourri à la pipette, parce que la lame avait épargné son tronc cérébral.";
2365;vivant;"Le Vivant";"Mimivirus";"Ce virus si gros qu'on l'avait pris pour une bactérie possède plus de mille gènes et attrape lui-même des virus qui le parasitent.";
2366;vivant;"Le Vivant";"Mimosa pudica";"Habituée à des chutes sans danger, elle cesse de replier ses feuilles, et s'en souvient encore un mois plus tard, alors qu'elle n'a pas de cerveau.";
2367;vivant;"Le Vivant";"Ming (mollusque)";"Cette praire islandaise pêchée en 2006 avait 507 ans : née sous la dynastie Ming, elle est morte parce qu'on l'a ouverte pour compter ses stries.";
2368;vivant;"Le Vivant";"Mitsukurina owstoni";"Ce requin projette sa mâchoire entière hors de sa tête, comme un tiroir, pour attraper une proie hors de portée.";
2369;vivant;"Le Vivant";"Mixotricha paradoxa";"Ce protiste du ventre des termites ne nage pas avec ses cils : un quart de million de bactéries fixées sur lui rament en cadence, cinq organismes en un.";
2370;vivant;"Le Vivant";"Moloch horridus";"Ce lézard du désert boit par les pattes : des rainures microscopiques entre ses écailles pompent l'eau du sable jusqu'à sa bouche par capillarité.";
2371;vivant;"Le Vivant";"Monorhaphis chuni";"Cette éponge des abysses tient sur une seule aiguille de verre de trois mètres, et l'un des spécimens datés avait environ onze mille ans.";
2372;vivant;"Le Vivant";"Monotropa uniflora";"Blanche comme de la cire et dépourvue de chlorophylle, elle pousse dans l'ombre profonde en volant le sucre des arbres par l'intermédiaire de leurs champignons.";
2373;vivant;"Le Vivant";"Myotis brandtii";"Cette chauve-souris de sept grammes a été recapturée quarante et un ans après son baguage, un record de longévité rapporté à la masse chez les mammifères.";
2374;vivant;"Le Vivant";"Myrmeconema neotropicum";"Ce ver rend l'abdomen noir des fourmis rouge vif et translucide, jusqu'à imiter une baie mûre que les oiseaux gobent et redispersent avec leurs fientes.";
2375;vivant;"Le Vivant";"Myxine";"En une fraction de seconde, elle transforme un seau d'eau de mer en gel avec son mucus, puis se fait un nœud avec son propre corps pour s'en débarrasser.";
2376;vivant;"Le Vivant";"Ménure superbe";"Cet oiseau australien imite parfaitement une tronçonneuse, un déclencheur d'appareil photo et une alarme de voiture, et transmet ces sons aux générations suivantes.";
2377;vivant;"Le Vivant";"Narval";"Sa défense est une dent gauche traversant la lèvre, longue de trois mètres, percée de dix millions de terminaisons nerveuses qui goûtent l'eau de mer.";
2378;vivant;"Le Vivant";"Nelumbo nucifera";"Une graine tirée d'un lac asséché chinois a germé après environ mille trois cents ans, et la fleur maintient ses trente degrés en régulant sa température.";
2379;vivant;"Le Vivant";"Neonothopanus gardneri";"Ce champignon brésilien allume sa lumière verte selon une horloge interne, la nuit seulement, pour attirer les insectes qui disperseront ses spores.";
2380;vivant;"Le Vivant";"Nepenthes hemsleyana";"Son urne a la forme d'un réflecteur d'écholocalisation pour être trouvée par une chauve-souris, qui vient y dormir et la fertilise avec son guano.";
2381;vivant;"Le Vivant";"Nepenthes lowii";"Cette plante carnivore a renoncé aux insectes : sa urne est un perchoir à toilettes pour musaraignes, qui la nourrissent de leurs excréments pendant qu'elles lèchent son nectar.";
2382;vivant;"Le Vivant";"Nestor notabilis";"Ce perroquet de montagne démonte les joints de pare-brise des voitures, résout des tests logiques, et son cri de jeu est contagieux comme un rire.";
2383;vivant;"Le Vivant";"Nigersaurus";"Ce dinosaure broutait au ras du sol avec cinq cents dents alignées comme une tondeuse, remplacées intégralement tous les quatorze jours.";
2384;vivant;"Le Vivant";"Nothobranchius furzeri";"Ce poisson africain naît, grandit, se reproduit et meurt de vieillesse en quelques semaines, dans une flaque qui sèche, et ses œufs attendent la pluie suivante dans la boue.";
2385;vivant;"Le Vivant";"Odontodactylus scyllarus";"Son coup de massue accélère comme une balle de calibre 22 et fait bouillir l'eau autour de lui, frappant sa proie deux fois : par le choc et par l'implosion.";
2386;vivant;"Le Vivant";"Odontomachus";"Ses mandibules se referment en un dixième de milliseconde ; frappées contre le sol, elles catapultent la fourmi à plusieurs centimètres en l'air.";
2387;vivant;"Le Vivant";"Oie à tête barrée";"Elle franchit l'Himalaya à plus de sept mille mètres, dans un air où un alpiniste non acclimaté perd connaissance, en battant des ailes toute la nuit.";
2388;vivant;"Le Vivant";"Onychomys";"Cette souris carnivore transforme le venin du scorpion en analgésique, le mange, puis se dresse sur ses pattes arrière pour hurler comme un loup.";
2389;vivant;"Le Vivant";"Onymacris unguicularis";"Ce coléoptère du désert grimpe une dune la nuit et se met la tête en bas pour que le brouillard condensé sur son dos coule dans sa bouche.";
2390;vivant;"Le Vivant";"Ophiocordyceps unilateralis";"Un champignon qui prend le contrôle d'une fourmi, la fait grimper à la bonne hauteur, la fait mordre une feuille, et la tue.";
2391;vivant;"Le Vivant";"Ophrys apifera";"Cette orchidée imite le corps, les poils et l'odeur sexuelle d'une femelle d'abeille, et se fait polliniser par des mâles qui tentent de s'accoupler avec elle.";
2392;vivant;"Le Vivant";"Opossum de Virginie";"Son sang contient une protéine qui neutralise le venin des serpents, et sa paralysie de terreur, involontaire, va jusqu'à l'odeur de cadavre.";
2393;vivant;"Le Vivant";"Ornithorynque";"Il pond des œufs, détecte le champ électrique des crevettes les yeux fermés, sue son lait, porte du venin aux chevilles et possède dix chromosomes sexuels.";
2394;vivant;"Le Vivant";"Osedax";"Ce ver sans bouche ni estomac dissout les os des baleines coulées, et les mâles, cent fois plus petits, vivent par dizaines à l'intérieur de chaque femelle.";
2395;vivant;"Le Vivant";"Ours blanc";"Ses poils sont creux et transparents, sa peau est noire, et il est si bien isolé qu'il reste presque invisible en caméra thermique.";
2396;vivant;"Le Vivant";"Oxyura vittata";"Ce petit canard argentin possède un organe copulateur en tire-bouchon pouvant atteindre la longueur totale de son corps.";
2397;vivant;"Le Vivant";"Palaeoloxodon falconeri";"Isolés en Sicile, ces éléphants ont rétréci jusqu'à un mètre au garrot, et leurs crânes à trou nasal central ont peut-être nourri le mythe du cyclope.";
2398;vivant;"Le Vivant";"Palola viridis";"À une nuit de lune précise, la moitié arrière de ces vers se détache, remonte nager seule et libère les gamètes ; les habitants la ramassent au filet.";
2399;vivant;"Le Vivant";"Pando (arbre)";"Quarante-sept mille troncs, un seul organisme, un seul système racinaire, quatre-vingts mille ans.";
2400;vivant;"Le Vivant";"Pandoravirus";"Ce virus géant dépasse en taille certaines bactéries et possède deux mille cinq cents gènes dont plus de quatre-vingt-dix pour cent sont inconnus.";
2401;vivant;"Le Vivant";"Pantala flavescens";"Cette libellule de quatre centimètres traverse l'océan Indien d'Inde en Afrique, un aller-retour de plusieurs générations sur près de dix-huit mille kilomètres.";
2402;vivant;"Le Vivant";"Paul le poulpe";"Ce poulpe a désigné le vainqueur de douze matchs sur quatorze en choisissant sa moule, dont la finale du Mondial 2010.";
2403;vivant;"Le Vivant";"Pecten maximus";"Cette coquille Saint-Jacques possède environ deux cents yeux bleus, et chacun forme son image sur un miroir de cristaux, pas sur une lentille.";
2404;vivant;"Le Vivant";"Phalaenoptilus nuttallii";"Seul oiseau connu à hiberner vraiment, il se cache dans une crevasse de roche pendant des mois avec une température corporelle tombée à cinq degrés.";
2405;vivant;"Le Vivant";"Phengaris arion";"Cette chenille imite l'odeur et le chant d'une larve de fourmi, se fait porter dans la fourmilière, et y dévore le couvain pendant dix mois.";
2406;vivant;"Le Vivant";"Philodendron bipinnatifidum";"Cette plante maintient sa fleur à trente-huit degrés pendant deux nuits, même à quatre degrés dehors, en brûlant ses propres réserves de graisse.";
2407;vivant;"Le Vivant";"Phyllobates terribilis";"Un seul individu porte de quoi tuer une dizaine d'adultes, mais élevé en captivité il devient inoffensif : le poison venait de ses proies.";
2408;vivant;"Le Vivant";"Phyllostachys bambusoides";"Tous les bambous de cette espèce dans le monde, quel que soit le continent où on les a plantés, fleurissent la même année tous les cent vingt ans, puis meurent ensemble.";
2409;vivant;"Le Vivant";"Physalia physalis";"Ce n'est pas un animal mais une colonie de quatre types d'individus soudés, dont aucun ne peut vivre seul, avec des tentacules de cinquante mètres.";
2410;vivant;"Le Vivant";"Physarum polycephalum";"Cet être unicellulaire sans neurone traverse un labyrinthe par le chemin le plus court et a reconstitué le plan du réseau ferroviaire de Tokyo en une nuit.";
2411;vivant;"Le Vivant";"Pilobolus";"Ce champignon des bouses vise le soleil et tire son paquet de spores à vingt mille fois l'accélération de la pesanteur, jusqu'à deux mètres de distance.";
2412;vivant;"Le Vivant";"Pinus longaeva";"Un de ces pins des montagnes du Nevada germait quand on inventait l'écriture, et il pousse encore, cinq mille anneaux plus tard.";
2413;vivant;"Le Vivant";"Pipa pipa";"Les œufs de ce crapaud s'enfoncent dans la peau du dos de la femelle, s'y enkystent, et des dizaines de petits crapauds complets en jaillissent des mois plus tard.";
2414;vivant;"Le Vivant";"Pithovirus sibericum";"Ce virus géant sorti du pergélisol sibérien après trente mille ans de gel s'est révélé parfaitement infectieux dès qu'on l'a mis en présence d'amibes.";
2415;vivant;"Le Vivant";"Pitohui bicolore";"Cet oiseau de Nouvelle-Guinée porte dans ses plumes le même poison que les grenouilles sud-américaines, extrait de coléoptères qu'il mange.";
2416;vivant;"Le Vivant";"Pleurodeles waltl";"Attaqué, ce triton fait pivoter ses côtes et les pousse à travers sa propre peau pour former des pointes empoisonnées, puis se répare.";
2417;vivant;"Le Vivant";"Pleurotus ostreatus";"Ce champignon comestible paralyse les vers du sol avec une toxine, puis pénètre leur corps par la bouche pour les digérer.";
2418;vivant;"Le Vivant";"Poisson-lune";"La femelle peut porter trois cents millions d'œufs à la fois, record absolu chez les vertébrés, et sa larve grandit soixante millions de fois avant l'âge adulte.";
2419;vivant;"Le Vivant";"Poisson-perroquet";"Il broie le corail, le recrache en sable fin — des centaines de kilos par an — et dort la nuit dans un sac de mucus qu'il sécrète pour masquer son odeur.";
2420;vivant;"Le Vivant";"Polistes fuscatus";"Ces guêpes se reconnaissent individuellement au dessin de leur visage, et une ouvrière repeinte au vernis se fait aussitôt agresser par ses propres sœurs.";
2421;vivant;"Le Vivant";"Polypedilum vanderplanki";"Cette larve de moucheron peut perdre 97 % de son eau, rester momifiée dix-sept ans, passer par l'azote liquide, et repartir en quelques minutes dans une goutte.";
2422;vivant;"Le Vivant";"Portia";"Cette araignée observe une toile ennemie, choisit un plan de détour qui la fait disparaître de sa vue pendant une heure, et arrive par-dessus.";
2423;vivant;"Le Vivant";"Posidonia oceanica";"Une même plante clonée s'étend sur quinze kilomètres au fond de la Méditerranée et pourrait avoir cent mille ans, soit l'âge d'Homo sapiens.";
2424;vivant;"Le Vivant";"Praya dubia";"Cette colonie flottante d'individus spécialisés dépasse quarante mètres de long, plus qu'une baleine bleue, pour un corps aussi fragile qu'une bulle.";
2425;vivant;"Le Vivant";"Prion";"Cet agent infectieux n'a ni ADN ni ARN : c'est une simple protéine mal repliée qui force les protéines saines à se déformer à leur tour.";
2426;vivant;"Le Vivant";"Prochlorococcus";"L'organisme photosynthétique le plus abondant de la planète, invisible et découvert seulement en 1988, produit une bonne part de l'oxygène que vous respirez.";
2427;vivant;"Le Vivant";"Prometheus";"Un étudiant a abattu cet arbre en 1964 pour compter ses cernes et a découvert, une fois au sol, qu'il venait de tuer le plus vieil arbre connu.";
2428;vivant;"Le Vivant";"Protopterus";"Ce poisson survit à l'assèchement complet de sa mare enfermé dans un cocon de mucus, sans manger ni boire, jusqu'à quatre ans.";
2429;vivant;"Le Vivant";"Prototaxites";"Il y a quatre cents millions d'années, avant les arbres, les plus hauts organismes terrestres étaient probablement des champignons de huit mètres de haut.";
2430;vivant;"Le Vivant";"Protée anguillard";"Cette salamandre aveugle des grottes vit un siècle, jeûne dix ans sans dommage, et l'un des individus suivis n'a pas bougé de sa pierre pendant sept ans.";
2431;vivant;"Le Vivant";"Pseudobiceros hancockanus";"Ces vers plats hermaphrodites s'affrontent en escrime au poignard pénien : le perdant, poignardé, devra porter les œufs.";
2432;vivant;"Le Vivant";"Pseudoliparis swirei";"Ce poisson gélatineux vit à huit mille mètres sous une pression de huit cents atmosphères, et son corps se dissout dans l'eau chaude de la surface.";
2433;vivant;"Le Vivant";"Puya raimondii";"Cette plante andine attend jusqu'à quatre-vingts ans, dresse une hampe florale de dix mètres avec des milliers de fleurs, puis meurt.";
2434;vivant;"Le Vivant";"Pyrolobus fumarii";"Ce microbe se reproduit à 113 °C et survit à un passage à l'autoclave : la stérilisation est pour lui une simple journée normale.";
2435;vivant;"Le Vivant";"Rafflesia arnoldii";"Sans feuilles, sans tige, sans racines ni chlorophylle, cette plante vit cachée dans une liane et n'apparaît que pour ouvrir une fleur d'un mètre qui pue la charogne.";
2436;vivant;"Le Vivant";"Rage";"Ce virus rejoint le cerveau en remontant les nerfs, provoque l'agressivité et la peur de l'eau, et se concentre dans la salive pour se transmettre par morsure.";
2437;vivant;"Le Vivant";"Ramisyllis multicaudata";"Ce ver se ramifie comme un arbre à l'intérieur d'une éponge : une seule tête, un seul intestin, et des centaines de queues qui sortent.";
2438;vivant;"Le Vivant";"Ramosmania rodriguesi";"On croyait cet arbuste éteint jusqu'à ce qu'un écolier en retrouve un pied en 1980 ; il a fallu vingt ans pour le forcer à faire des graines.";
2439;vivant;"Le Vivant";"Rat-taupe nu";"Il ne développe presque jamais de cancer, ne ressent pas certaines douleurs, et son risque de mourir n'augmente pas avec l'âge.";
2440;vivant;"Le Vivant";"Rattus norvegicus";"Chatouillé sur le ventre, le rat émet des ultrasons à cinquante kilohertz, revient en chercher davantage, et cesse s'il est anxieux.";
2441;vivant;"Le Vivant";"Renard domestique de Sibérie";"En sélectionnant seulement les moins craintifs, des chercheurs soviétiques ont obtenu en une dizaine de générations des renards à oreilles tombantes, queue en trompette et pelage tacheté.";
2442;vivant;"Le Vivant";"Renard roux";"Il rate rarement son plongeon dans la neige quand il saute vers le nord-est, ce qui suggère qu'il vise à l'aide du champ magnétique terrestre.";
2443;vivant;"Le Vivant";"Requin du Groenland";"Il atteint la maturité sexuelle vers cent cinquante ans et certains individus datés nageaient déjà avant la naissance de Newton.";
2444;vivant;"Le Vivant";"Rhabdophis tigrinus";"Ce serpent non venimeux vole les toxines des crapauds qu'il avale et les stocke dans des glandes de son cou pour s'en défendre.";
2445;vivant;"Le Vivant";"Rheobatrachus";"Cette grenouille avalait ses œufs, éteignait l'acidité de son estomac et recrachait ses petits par la bouche ; elle a disparu avant qu'on comprenne comment.";
2446;vivant;"Le Vivant";"Rhinella marina";"Cent deux crapauds importés en 1935 pour protéger la canne à sucre en ont produit deux cents millions, et leurs pattes s'allongent à chaque génération de front.";
2447;vivant;"Le Vivant";"Rhizanthella gardneri";"Cette orchidée australienne passe sa vie entière sous terre, fleurit sous terre, et se fait polliniser par de petits insectes du sol qui ne voient jamais le jour.";
2448;vivant;"Le Vivant";"Rhytine de Steller";"Ce mammifère marin de huit tonnes a été décrit par la science en 1741 et exterminé vingt-sept ans plus tard.";
2449;vivant;"Le Vivant";"Ribeiroia ondatrae";"Ce parasite s'enkyste autour des bourgeons de pattes des têtards et fait naître des grenouilles à cinq, six ou huit membres, plus faciles à attraper pour les hérons.";
2450;vivant;"Le Vivant";"Riftia pachyptila";"Ce ver de deux mètres n'a ni bouche, ni anus, ni intestin : des bactéries logées dans son corps le nourrissent en mangeant le soufre des sources hydrothermales.";
2451;vivant;"Le Vivant";"Roridula";"Cette plante ne digère pas les insectes qu'elle englue : elle laisse une punaise les manger et absorbe le phosphore de ses excréments.";
2452;vivant;"Le Vivant";"Rotifère bdelloïde";"Ces animaux se passent de sexe depuis quarante millions d'années, volent des gènes de champignons et de bactéries, et l'un d'eux a repris vie après vingt-quatre mille ans de congélation.";
2453;vivant;"Le Vivant";"Rouge-gorge familier";"Sa boussole est chimique et quantique : des protéines de sa rétine réagissent au champ magnétique terrestre, si bien qu'il voit littéralement le nord.";
2454;vivant;"Le Vivant";"Sacculina carcini";"Cette bernacle envahit un crabe, le stérilise, féminise les mâles et leur fait couver ses œufs à elle avec une tendresse maternelle parfaite.";
2455;vivant;"Le Vivant";"Santino";"Ce chimpanzé de zoo empilait calmement des pierres le matin, avant l'ouverture, pour les lancer sur les visiteurs l'après-midi.";
2456;vivant;"Le Vivant";"Scarabaeus satyrus";"Ce bousier roule sa boule en ligne droite la nuit en s'orientant sur la bande lumineuse de la Voie lactée, ce qu'aucun autre insecte connu ne fait.";
2457;vivant;"Le Vivant";"Scutisorex somereni";"La colonne vertébrale de cette musaraigne est si renforcée qu'un homme adulte peut se tenir debout sur l'animal sans le blesser.";
2458;vivant;"Le Vivant";"Selaginella lepidophylla";"Cette plante se recroqueville en boule sèche, peut être transportée des années comme un caillou mort, et reverdit en quelques heures dans l'eau.";
2459;vivant;"Le Vivant";"Sepia officinalis";"Cette seiche renonce à un repas immédiat si elle a appris qu'une crevette meilleure viendra plus tard, réussissant l'épreuve du marshmallow.";
2460;vivant;"Le Vivant";"Silene stenophylla";"Des chercheurs russes ont fait fleurir cette plante à partir de tissus enfouis par un écureuil dans le pergélisol il y a trente-deux mille ans.";
2461;vivant;"Le Vivant";"Solenopsis invicta";"En cas d'inondation, ces fourmis s'agrippent en un radeau vivant qui flotte des semaines sans qu'aucune ne se noie.";
2462;vivant;"Le Vivant";"Spermophile arctique";"Ce petit rongeur laisse son sang descendre à moins trois degrés sans geler et reste ainsi surfondu des semaines, seul mammifère connu à le faire.";
2463;vivant;"Le Vivant";"Sphenodon punctatus";"Ce reptile possède un troisième œil fonctionnel sur le crâne des juvéniles, et un mâle est devenu père pour la première fois à cent onze ans.";
2464;vivant;"Le Vivant";"Spinochordodes tellinii";"Ce ver d'un demi-mètre replié dans une sauterelle lui fait sauter dans l'eau pour s'y noyer, puis sort tranquillement du cadavre immergé.";
2465;vivant;"Le Vivant";"Spinosaurus";"Plus long que le tyrannosaure, il nageait ; ses seuls fossiles complets ont été détruits par un bombardement sur Munich en 1944.";
2466;vivant;"Le Vivant";"Spongiforma squarepantsii";"Ce champignon de Bornéo est élastique comme une éponge et reprend sa forme après avoir été essoré, d'où son nom.";
2467;vivant;"Le Vivant";"Spoutnik (virophage)";"Ce virus infecte un autre virus, détourne son usine de fabrication et le rend malade, ce qui en fait un parasite de parasite.";
2468;vivant;"Le Vivant";"Sterne arctique";"Cet oiseau de cent grammes parcourt jusqu'à quatre-vingt-dix mille kilomètres par an en zigzag entre les deux pôles, et voit deux étés chaque année.";
2469;vivant;"Le Vivant";"Sudan";"À sa mort en 2018, il ne restait plus au monde que deux femelles de sa sous-espèce, et aucun mâle capable de les féconder.";
2470;vivant;"Le Vivant";"Symplocarpus foetidus";"Cette plante produit assez de chaleur pour maintenir vingt degrés dans son enveloppe et faire fondre la neige autour d'elle pendant deux semaines de février.";
2471;vivant;"Le Vivant";"Syncytine";"Le placenta des mammifères fonctionne grâce à un gène volé à un virus il y a des dizaines de millions d'années.";
2472;vivant;"Le Vivant";"Synodontis multipunctatus";"Ce poisson-chat glisse ses œufs parmi ceux d'un cichlidé qui les couve dans sa bouche ; ses alevins éclosent les premiers et mangent la couvée de l'hôte.";
2473;vivant;"Le Vivant";"Tahlequah";"Cette orque a porté le cadavre de son nouveau-né à la surface pendant dix-sept jours et mille six cents kilomètres.";
2474;vivant;"Le Vivant";"Tardigrade";"Il survit au vide spatial, à 150 °C, à -272 °C et à mille fois la dose de radiations qui nous tuerait.";
2475;vivant;"Le Vivant";"Tatou à neuf bandes";"Il donne toujours naissance à quatre petits génétiquement identiques issus d'un seul œuf, et c'est l'un des rares animaux à contracter la lèpre.";
2476;vivant;"Le Vivant";"Tegeticula";"Ce papillon récolte le pollen du yucca en boule, le tasse volontairement sur le stigmate, puis pond dans le fruit qu'il vient de créer.";
2477;vivant;"Le Vivant";"Temnothorax albipennis";"Une fourmi qui en guide une autre ralentit, attend les contacts d'antennes de son élève et corrige son allure : c'est de l'enseignement au sens strict, chez un insecte.";
2478;vivant;"Le Vivant";"Thaumoctopus mimicus";"Cette pieuvre imite à la demande une sole, un poisson-lion venimeux ou un serpent de mer, en choisissant l'imitation selon le prédateur qui approche.";
2479;vivant;"Le Vivant";"Thiomargarita magnifica";"Cette bactérie mesure jusqu'à deux centimètres et se voit à l'œil nu : mille fois la taille normale d'une bactérie, avec son ADN rangé dans des sacs.";
2480;vivant;"Le Vivant";"Thylacine";"Ce marsupial rayé ouvrait la gueule à quatre-vingts degrés ; le dernier est mort de froid en 1936, oublié dehors la nuit par un gardien.";
2481;vivant;"Le Vivant";"Tiktaalik";"Les chercheurs ont choisi une strate de trois cent soixante-quinze millions d'années sur une carte, ont creusé, et y ont trouvé le poisson à poignet qu'ils prédisaient.";
2482;vivant;"Le Vivant";"Titanoboa";"Ce serpent de treize mètres et une tonne prouve qu'il faisait au moins trente degrés en permanence sous les tropiques d'il y a soixante millions d'années.";
2483;vivant;"Le Vivant";"Torquigener albomaculosus";"Ce poisson de douze centimètres sculpte pendant une semaine, avec ses nageoires, un cercle géométrique de deux mètres pour séduire une femelle.";
2484;vivant;"Le Vivant";"Tortue luth";"Elle plonge à plus de mille mètres, traverse les océans et maintient son corps jusqu'à dix-huit degrés au-dessus de l'eau glacée qui l'entoure.";
2485;vivant;"Le Vivant";"Tourte voyageuse";"Des vols de cinq milliards d'oiseaux obscurcissaient le ciel américain pendant des heures ; en quarante ans, l'espèce a été réduite à zéro.";
2486;vivant;"Le Vivant";"Toxotes";"Ce poisson abat un insecte à deux mètres avec un jet d'eau, en corrigeant la déviation de la lumière à la surface.";
2487;vivant;"Le Vivant";"Trichobatrachus robustus";"Menacée, cette grenouille casse volontairement les os de ses doigts et les fait percer sa propre peau pour se faire des griffes.";
2488;vivant;"Le Vivant";"Trichoplax adhaerens";"Cet animal plat comme une crêpe n'a ni organe, ni bouche, ni neurone, ni symétrie, et digère sa nourriture en se posant simplement dessus.";
2489;vivant;"Le Vivant";"Tridacna gigas";"Ce bénitier de deux cents kilos ne se nourrit presque pas : il cultive des algues dans sa chair et vit de ce qu'elles produisent.";
2490;vivant;"Le Vivant";"Triphyophyllum peltatum";"Cette liane africaine ne devient carnivore que quelques semaines, quand elle manque de phosphore, puis redevient une plante ordinaire.";
2491;vivant;"Le Vivant";"Turritopsis dohrnii";"La méduse qui refuse de vieillir : arrivée à maturité, elle redevient un polype et recommence. Biologiquement, elle ne meurt pas.";
2492;vivant;"Le Vivant";"Utriculaire";"Son piège aquatique aspire une proie en moins d'une milliseconde, l'un des mouvements les plus rapides du vivant, chez une plante sans muscle ni nerf.";
2493;vivant;"Le Vivant";"Vachellia cornigera";"Cet acacia loge et nourrit une colonie de fourmis, et son nectar contient une enzyme qui rend les ouvrières incapables de digérer un autre sucre que le sien.";
2494;vivant;"Le Vivant";"Vampire commun";"Une femelle qui a bu régurgite du sang pour une voisine affamée, se souvient de qui l'a aidée, et refuse de nourrir les profiteurs.";
2495;vivant;"Le Vivant";"Vanilla planifolia";"Hors du Mexique, la vanille ne donne rien sans son abeille : c'est un jeune esclave de La Réunion qui a inventé, à douze ans, la fécondation à la main.";
2496;vivant;"Le Vivant";"Vautour de Rüppell";"L'un d'eux est entré dans un réacteur d'avion à 11 300 mètres d'altitude, plus haut que les vols de ligne.";
2497;vivant;"Le Vivant";"Victoria amazonica";"Ses feuilles portent un enfant, et sa fleur chauffe, emprisonne un scarabée une nuit entière, change de sexe et de couleur, puis le relâche couvert de pollen.";
2498;vivant;"Le Vivant";"Welwitschia mirabilis";"Cette plante du désert de Namibie ne fabrique que deux feuilles dans toute son existence, et elles poussent sans jamais s'arrêter pendant plus de mille ans.";
2499;vivant;"Le Vivant";"Wojtek";"Cet ours brun, engagé soldat par l'armée polonaise, portait des caisses d'obus à Monte Cassino et buvait de la bière avec la troupe.";
2500;vivant;"Le Vivant";"Wolbachia";"Cette bactérie présente chez la moitié des espèces d'insectes tue les embryons mâles, change des mâles en femelles et rend les couples non infectés stériles entre eux.";
2501;vivant;"Le Vivant";"Wollemia nobilis";"Ce conifère connu seulement par des fossiles de deux cents millions d'années a été trouvé vivant en 1994 dans un canyon à cent kilomètres de Sydney.";
2502;vivant;"Le Vivant";"Wombat commun";"Son intestin étire la matière de façon inégale et produit des crottes cubiques, qu'il empile sur les rochers sans qu'elles roulent.";
2503;vivant;"Le Vivant";"Xanthoria elegans";"Exposé au vide et au rayonnement de l'espace pendant dix-huit mois hors de la Station spatiale, ce lichen a repris sa photosynthèse une fois redescendu.";
2504;vivant;"Le Vivant";"Xenos vesparum";"Le mâle vole quelques heures avant de mourir ; la femelle reste toute sa vie enfoncée dans l'abdomen d'une guêpe, sans yeux, sans pattes, sans ailes.";
2505;vivant;"Le Vivant";"Échidné à nez court";"Le mâle possède un organe à quatre têtes dont il n'utilise que deux à la fois, en alternant d'un accouplement à l'autre.";
2506;vivant;"Le Vivant";"Éléphant d'Afrique";"Il entend par les pieds : les vibrations du sol produites par un troupeau lui parviennent à des kilomètres, avant même le son porté par l'air.";
